stem,rung,contests,reason
Abington2014,publish,17,
Abington2015,publish,11,
Abington2017,review,12,Board of Selectmen: seats inferred as 3 but the totals imply 2
Abington2019,review,8,Board of Selectmen: seats inferred as 2 but the totals imply 1
Acushnet2018,publish,13,
Amherst2005,review,16,no two contests agree on a ballot count
Amherst2008,publish,8,
Amherst2016,publish,8,
Amherst2017,publish,9,
Amherst2018,publish,8,
Arlington2002,review,26,SELECTMEN: seat count left null by the transcriber
Arlington2005,review,39,no two contests agree on a ballot count
Arlington2008,review,19,Moderator for Three Years: a figure was not readable
Arlington2013,publish,34,no two contests agree on a ballot count
Ashburnham2002,review,12,Moderator – For One Year (Vote for One): a figure was not readable
Ashburnham2006,hold,10,Moderator – For one year term: 583 marks exceeds 534x1=534 -- impossible
Ashburnham2010,hold,0,the parse found no contest in this section
Ashburnham2011,publish,9,
Ashburnham2012,publish,10,
Ashburnham2013,publish,10,
Ashburnham2014,publish,8,
Ashburnham2015,publish,9,
Ashburnham2016,publish,9,
Ashburnham2017,publish,10,
Ashburnham2018,publish,9,
Ashburnham2020,hold,9,BOARD OF SELECTMEN-For three years: 343 marks exceeds 339x1=339 -- impossible
Ashby2016,review,13,"SELECTMAN, Three Years: a figure was not readable"
Ashfield2010,review,18,no election date could be derived
Ashfield2013,review,15,Sewer Commission: a figure was not readable
Ashfield2015,publish,14,
Ashfield2016,review,12,Moderator: a figure was not readable
Ashfield2017,hold,0,the parse found no contest in this section
Ashland2018,publish,9,
Attleboro2019,publish,12,
Avon2010,hold,9,SCHOOL COMMITTEE: 2 years vote for one: 144 marks exceeds 122x1=122 -- impossible
Avon2011,review,9,HOUSING AUTHORITY:: a figure was not readable
Avon2013,hold,0,the parse found no contest in this section
Avon2014,publish,8,
Avon2015,publish,8,
Ayer2010,hold,11,"Governor and Lieutenant Governor is a state or county office, so this section is not one annual municipal election (8 such offices here)"
Ayer2011,publish,17,
Ayer2012,publish,10,
Ayer2013,hold,0,the parse found no contest in this section
Ayer2014,publish,13,
Ayer2015,publish,11,
Ayer2016,hold,0,the parse found no contest in this section
Ayer2017,hold,0,the parse found no contest in this section
Ayer2018,hold,0,the parse found no contest in this section
Ayer2019,hold,0,the parse found no contest in this section
Ayer2020,hold,0,the parse found no contest in this section
Barnstable2001,publish,8,
Barnstable2003,publish,18,no two contests agree on a ballot count
Barnstable2008,hold,0,the parse found no contest in this section
Barnstable2010,publish,9,no two contests agree on a ballot count
Barnstable2011,publish,10,no two contests agree on a ballot count
Barnstable2012,hold,0,the parse found no contest in this section
Barnstable2014,publish,15,no two contests agree on a ballot count
Barnstable2015,hold,0,the parse found no contest in this section
Barnstable2016,review,10,no election date could be derived
Barnstable2017,hold,10,"ELECTOR OF PRESIDENT AND VICE PRESIDENT is a state or county office, so this section is not one annual municipal election (4 such offices here)"
Barnstable2018,hold,5,the section supports almost none of this record -- 0/10 names and 1/20 figures located in it
Barnstable2019,hold,18,"REPRESENTATIVE IN GENERAL COURT is a state or county office, so this section is not one annual municipal election (5 such offices here)"
Barnstable2020,publish,9,no two contests agree on a ballot count
Becket2017,publish,8,
Becket2020,publish,7,
Bedford2007,publish,9,
Bedford2008,hold,0,the parse found no contest in this section
Bedford2009,hold,0,the parse found no contest in this section
Bedford2011,review,8,no two contests agree on a ballot count
Bedford2012,publish,8,no two contests agree on a ballot count
Bedford2013,publish,9,no two contests agree on a ballot count
Bedford2014,publish,7,no two contests agree on a ballot count
Bedford2015,publish,7,no two contests agree on a ballot count
Bedford2019,hold,0,the parse found no contest in this section
Belchertown2011,publish,10,
Belchertown2015,publish,10,
Belchertown2016,publish,7,
Belchertown2017,publish,9,
Belchertown2018,hold,8,Board of Assessors 3 years Vote for one: 1305 marks exceeds 1304x1=1304 -- impossible
Belchertown2019,publish,8,
Belmont2004,hold,0,the parse found no contest in this section
Belmont2008,hold,0,the parse found no contest in this section
Belmont2013,publish,19,no two contests agree on a ballot count
Belmont2014,publish,21,no two contests agree on a ballot count
Belmont2015,publish,22,no two contests agree on a ballot count
Belmont2017,review,26,TOWN COMMITTEE REPUBLICAN: seat count left null by the transcriber
Belmont2018,review,6,MODERATOR: a figure was not readable
Belmont2019,publish,22,no two contests agree on a ballot count
Belmont2020,review,10,TOWN COMMITTEE: seat count left null by the transcriber
Berkley2017,hold,0,the parse found no contest in this section
Berlin2001,publish,11,
Billerica2019,review,11,PCT 5 MTG MBRS: seat count left null by the transcriber
Billerica2020,hold,4,"PRESIDENT -Vote for One is a state or county office, so this section is not one annual municipal election (3 such offices here)"
Blackstone2011,hold,0,the parse found no contest in this section
Blackstone2012,hold,0,the parse found no contest in this section
Blackstone2016,hold,0,the parse found no contest in this section
Blackstone2019,publish,11,
Blackstone2020,hold,0,the parse found no contest in this section
Blandford2002,hold,0,the parse found no contest in this section
Blandford2004,review,20,Assessor for Three Years: a figure was not readable
Blandford2005,hold,16,Cemetery Commissioner for Three Years Vote for One: 234 marks exceeds 232x1=232 -- impossible
Blandford2006,publish,18,
Blandford2007,publish,16,
Blandford2009,review,14,Cemetery Commissioner for Three Years Vote for One: no candidates
Blandford2010,review,17,Planning Board for Three Years Vote for One: a figure was not readable
Blandford2011,review,12,no two contests agree on a ballot count
Blandford2012,review,12,Board of Health for Three Years Vote for One: a figure was not readable
Blandford2013,review,17,Assessor for Three Years Vote for One: a figure was not readable
Blandford2014,review,12,two records claim Blandford 2013 and hold the same number of contests; neither can be preferred
Blandford2016,review,12,two records claim Blandford 2013 and hold the same number of contests; neither can be preferred
Blandford2017,review,12,Vote for one: a figure was not readable
Blandford2018,review,14,Assessor for three years: a figure was not readable
Bolton2007,review,1,only one contest -- a return usually elects several
Bolton2008,publish,12,
Bolton2009,publish,17,
Bolton2017,review,12,Park and Recreation Commission: a figure was not readable
Bolton2018,review,13,Parks and Recreation: no candidates
Bolton2019,publish,6,
Bolton2020,review,10,Moderator: a figure was not readable
Bourne2007,review,10,MODERATOR 1 FOR 1 YEAR: a figure was not readable
Bourne2008,publish,11,
Bourne2009,review,12,MODERATOR 1 FOR 1 YEAR: a figure was not readable
Bourne2015,publish,15,
Bourne2017,hold,10,Bird of Health 3 years vote for 1: 2206 marks exceeds 1103x1=1103 -- impossible
Bourne2018,publish,12,
Bourne2020,hold,11,Jonathan Bourne Library Trustee 3 Years vote for 1: 3196 marks exceeds 1598x1=1598 -- impossible
Boxborough2002,hold,7,"Selectmen, Three Years: 1345 marks exceeds 672x2=1344 -- impossible"
Boxborough2008,hold,0,the parse found no contest in this section
Boxborough2010,hold,0,the parse found no contest in this section
Boxborough2014,hold,0,the parse found no contest in this section
Boxborough2015,hold,0,the parse found no contest in this section
Boxford2014,publish,12,
Boxford2019,hold,0,the parse found no contest in this section
Boxford2020,hold,0,the parse found no contest in this section
Brewster2018,publish,11,
Brewster2020,hold,0,the parse found no contest in this section
Bridgewater2006,publish,17,
Bridgewater2015,publish,7,
Brimfield2015,publish,18,
Brookfield2005,hold,0,the parse found no contest in this section
Brookfield2010,review,15,HOUSING AUTHORITY 5YRS VOTE FOR ONE: a figure was not readable
Brookfield2012,hold,0,the parse found no contest in this section
Brookfield2013,hold,16,Housing Authority-3 Years: 1019 marks exceeds 1015x1=1015 -- impossible
Brookfield2014,hold,15,Housing Authority-3 Years: 1485 marks exceeds 664x1=664 -- impossible
Brookfield2015,hold,14,Planning Board-5 Years: 495 marks exceeds 465x1=465 -- impossible
Brookfield2016,hold,0,the parse found no contest in this section
Brookfield2017,hold,11,Board of Assessors- 3 Years: 493 marks exceeds 459x1=459 -- impossible
Brookfield2018,review,12,Tantasqua School Committee: seat count left null by the transcriber
Brookfield2019,hold,14,Public Library Trustee-3 Years-Vote for Two: 425 marks exceeds 190x2=380 -- impossible
Brookfield2020,publish,13,
Brookline2013,review,27,CONSTABLE (WRITE-In): seat count left null by the transcriber
Brookline2016,publish,5,
Brookline2017,publish,23,
Brookline2018,review,28,PRECINCT 5 - For One Year Town Meeting Members Vote for not more than One: no candidates
Buckland2019,hold,0,the parse found no contest in this section
Burlington2013,hold,0,the parse found no contest in this section
Burlington2014,hold,0,the parse found no contest in this section
Burlington2015,hold,0,the parse found no contest in this section
Burlington2016,hold,0,the parse found no contest in this section
Burlington2017,hold,0,the parse found no contest in this section
Burlington2018,hold,0,the parse found no contest in this section
Canton2005,hold,0,the parse found no contest in this section
Canton2010,publish,7,
Canton2017,publish,8,
Carlisle2008,publish,8,
Carlisle2013,publish,8,
Carlisle2015,hold,0,the parse found no contest in this section
Carlisle2016,publish,11,
Carlisle2017,hold,9,PLANNING BOARD 2 FOR 3 YEARS: 1243 marks exceeds 617x2=1234 -- impossible
Carlisle2018,publish,9,
Carlisle2020,publish,11,
Carver2000,publish,27,no two contests agree on a ballot count
Carver2001,publish,36,no two contests agree on a ballot count
Carver2002,hold,0,the parse found no contest in this section
Carver2003,publish,12,
Carver2004,publish,33,no two contests agree on a ballot count
Carver2005,publish,27,no two contests agree on a ballot count
Carver2006,hold,0,the parse found no contest in this section
Carver2007,review,42,no election date could be derived
Carver2008,publish,8,
Carver2009,review,13,North Carver Water District Water Commissioners - Terms determined by votes: seat count left null by the transcriber
Carver2010,publish,15,
Carver2011,publish,11,
Carver2012,publish,13,
Carver2013,hold,0,the parse found no contest in this section
Carver2014,hold,9,the section supports almost none of this record -- 0/13 names and 0/22 figures located in it
Carver2019,hold,0,the parse found no contest in this section
Carver2020,publish,8,
Charlemont2018,review,13,Mohawk School Comm years: seat count left null by the transcriber
Charlemont2020,hold,0,the parse found no contest in this section
Charlton2009,hold,0,the parse found no contest in this section
Chatham2007,review,2,Two Selectmen for a three (3) year term: no candidates
Chatham2008,publish,3,
Chatham2010,review,4,Selectmen - Two for three (3) year terms: no candidates
Chatham2012,review,2,Moderator: a figure was not readable
Chatham2013,review,3,Two Selectmen for a three (3) year term: no candidates
Chatham2015,hold,0,the parse found no contest in this section
Chatham2016,publish,3,
Chatham2017,hold,0,the parse found no contest in this section
Chatham2018,review,6,Selectman for one (1) year unexpired term: no candidates
Chatham2019,publish,3,
Chatham2020,publish,3,
Chelmsford2008,publish,10,
Chelmsford2011,review,15,no two contests agree on a ballot count
Chelmsford2012,publish,17,
Chelmsford2013,publish,21,
Chelmsford2014,publish,19,
Chelmsford2019,hold,0,the parse found no contest in this section
Cheshire2015,publish,12,
Cheshire2016,publish,12,
Cheshire2017,hold,0,the parse found no contest in this section
Cheshire2018,hold,11,ACRSD School Committee: Member from Cheshire (all write-ins): 514 marks exceeds 502x1=502 -- impossible
Cheshire2019,publish,13,
Cheshire2020,review,2,"Cheshire 2019 is already published from Cheshire2019, which read more of the page"
Chester2017,review,8,Board of Selectmen: seat count left null by the transcriber
Chesterfield2018,review,13,SCH COMM/CHESTERFIELD-GOSHEN (1 year): seat count left null by the transcriber
Chilmark2009,publish,13,
Clinton2014,publish,13,
Clinton2015,publish,9,
Clinton2016,publish,11,
Clinton2018,publish,8,
Clinton2019,review,8,no election date could be derived
Cohasset2006,hold,0,the parse found no contest in this section
Cohasset2008,hold,0,the parse found no contest in this section
Cohasset2010,hold,0,the parse found no contest in this section
Cohasset2011,hold,0,the parse found no contest in this section
Cohasset2013,hold,0,the parse found no contest in this section
Concord2011,publish,4,
Concord2014,review,4,CONCORD HOUSING AUTH for 5 Yrs: a figure was not readable
Concord2015,publish,4,
Concord2017,publish,4,
Concord2018,publish,4,
Concord2019,publish,5,
Concord2020,hold,0,the parse found no contest in this section
Conway2017,publish,7,
Cummington2011,hold,0,the parse found no contest in this section
Cummington2012,review,14,Selectperson for three years: a figure was not readable
Cummington2013,review,14,Selectperson for three years: a figure was not readable
Cummington2014,review,15,Selectman for three years: a figure was not readable
Cummington2016,review,17,Selectman for three years: a figure was not readable
Cummington2017,review,16,Selectman for three years: a figure was not readable
Cummington2018,hold,20,Selectman for three years: 181 marks exceeds 150x1=150 -- impossible
Cummington2019,hold,19,Selectman for one year: 191 marks exceeds 168x1=168 -- impossible
Cummington2020,hold,20,Selectman for three years: 228 marks exceeds 222x1=222 -- impossible
Dalton2010,hold,0,the parse found no contest in this section
Dalton2013,hold,0,the parse found no contest in this section
Dalton2020,hold,0,the parse found no contest in this section
Danvers2016,hold,17,Library Trustees - Vote for not more than 2 for 3 Years: 4773 marks exceeds 1591x2=3182 -- impossible
Danvers2017,review,16,Precinct 1 - Vote for not more than 2 for 1 year: a figure was not readable
Danvers2018,review,19,Library Trustees - Vote for not more than 3 for 3 Years: a figure was not readable
Danvers2019,publish,18,
Danvers2020,publish,15,
Dartmouth2009,hold,0,the parse found no contest in this section
Dartmouth2011,hold,0,the parse found no contest in this section
Dartmouth2013,review,5,PUBLIC LIBRARIES TRUSTEE: seat count left null by the transcriber
Dartmouth2016,hold,0,the parse found no contest in this section
Dartmouth2017,hold,0,the parse found no contest in this section
Dartmouth2020,publish,16,
Deerfield2014,hold,0,the parse found no contest in this section
Dennis2009,publish,6,
Dighton2020,publish,9,
Dover2011,publish,11,
Dover2012,publish,10,
Dover2013,review,11,FOR DOVER SCHOOL COMMITTEE THREE Years Vote for TWO: a figure was not readable
Dover2014,review,12,FOR TRUSTEES OF LARRABEE & WHITING ESTATE - FIVE Years: a figure was not readable
Dover2015,hold,14,FOR LIBRARY TRUSTEE THREE Years: 420 marks exceeds 190x2=380 -- impossible
Dover2017,review,13,FOR DOVER SCHOOL COMMITTEE THREE Years: a figure was not readable
Dover2019,publish,15,
Dracut2018,hold,0,the parse found no contest in this section
Dracut2020,review,3,SELECTMEN: a figure was not readable
Dudley2017,publish,10,
Dunstable2004,hold,20,SELECTMAN [1]: 971 marks exceeds 811x1=811 -- impossible
Dunstable2005,hold,19,SELECTMAN [1]: 287 marks exceeds 239x1=239 -- impossible
Dunstable2015,hold,0,the parse found no contest in this section
Dunstable2018,publish,27,
Dunstable2019,publish,14,
Duxbury2004,publish,9,no two contests agree on a ballot count
Duxbury2005,publish,8,
Duxbury2006,publish,8,
Duxbury2007,review,9,School Committee: seat count left null by the transcriber
Duxbury2008,publish,7,
Duxbury2010,publish,8,
Duxbury2011,publish,9,
Duxbury2012,hold,7,Planning Board: 1060 marks exceeds 1059x1=1059 -- impossible
Duxbury2013,publish,9,
Duxbury2014,publish,7,
Duxbury2015,publish,8,
Duxbury2016,publish,9,
Duxbury2018,publish,7,
EastBridgewater2012,publish,9,
EastBridgewater2013,publish,6,
EastBridgewater2014,publish,9,
EastBridgewater2015,hold,0,the parse found no contest in this section
EastBridgewater2016,publish,9,
EastBridgewater2017,publish,8,
EastBridgewater2018,publish,9,
EastBridgewater2019,hold,0,the parse found no contest in this section
EastBridgewater2020,publish,8,
EastLongmeadow2020,publish,2,
Erving2013,publish,14,
Erving2015,hold,14,School Committee – 2 Years: 258 marks exceeds 254x1=254 -- impossible
Erving2016,publish,13,
Erving2017,hold,0,the parse found no contest in this section
Erving2020,publish,12,
Essex2020,hold,0,the parse found no contest in this section
Fairhaven2011,publish,8,
Fairhaven2012,publish,10,
Fairhaven2013,publish,9,
Fairhaven2014,review,9,Selectman - 3 yrs.: a figure was not readable
Fairhaven2015,publish,10,
Fairhaven2016,publish,9,
Fairhaven2017,hold,8,Commissioner of Trust Funds - 3 years Vote for One: 560 marks exceeds 559x1=559 -- impossible
Fairhaven2018,publish,10,
Fairhaven2020,hold,9,Board of Public Works - 3 years Vote for One: 4328 marks exceeds 2164x1=2164 -- impossible
Falmouth2007,review,15,Precinct 3 Town Meeting Member Elect Nine for three year term: a figure was not readable
Falmouth2008,hold,17,Planning Board: 25593 marks exceeds 8531x2=17062 -- impossible
Falmouth2010,publish,24,
Falmouth2011,hold,18,Selectman Elect two for three year term: 13644 marks exceeds 6819x2=13638 -- impossible
Falmouth2012,review,16,"PRECINCT 1 Town Meeting Member Elect Nine for three year term, Nine for two year, Nine for one year: seat count left null by the transcriber"
Falmouth2013,publish,11,no two contests agree on a ballot count
Falmouth2015,publish,21,
Falmouth2016,publish,24,
Falmouth2017,publish,9,
Falmouth2018,review,18,Town Meeting Member Precinct 7 Elect nine for three year term: a figure was not readable
Falmouth2019,publish,20,
Falmouth2020,hold,0,the parse found no contest in this section
Foxborough2015,publish,11,
Foxborough2016,publish,12,
Foxborough2018,publish,7,
Framingham2015,review,29,Town Meeting Members Precinct 6: seat count left null by the transcriber
Franklin2018,review,6,BOARD OF ASSESSORS: seat count left null by the transcriber
Franklin2020,publish,7,no two contests agree on a ballot count
Freetown2008,review,11,Library Trustees (vote for 2): a figure was not readable
Freetown2018,publish,16,
Freetown2020,publish,16,
Gardner2009,review,8,Councilor-At-Large: seat count left null by the transcriber
Georgetown2002,review,8,Selectman - one for 3 Years: no candidates
Georgetown2008,publish,8,
Georgetown2009,publish,9,
Georgetown2010,publish,13,
Georgetown2011,publish,10,
Georgetown2012,publish,9,
Georgetown2013,publish,11,
Georgetown2015,publish,11,
Georgetown2017,publish,8,
Gill2005,hold,8,SELECTBOARD: 84 marks exceeds 67x1=67 -- impossible
Gill2007,publish,6,no two contests agree on a ballot count
Gill2008,hold,8,Cemetery Commissioner: 53 marks exceeds 50x1=50 -- impossible
Gill2009,publish,10,
Grafton2009,publish,7,
Grafton2010,publish,8,
Grafton2011,publish,9,
Grafton2013,hold,0,the parse found no contest in this section
Grafton2014,hold,0,the parse found no contest in this section
Granby2006,hold,0,the parse found no contest in this section
Granby2007,publish,16,
Granby2008,review,13,COMMISSIONER OF TRUST FUNDS (3 Years)(Vote ONE): a figure was not readable
Granby2011,publish,13,
Granby2012,hold,16,FOR COMMISSIONER OF TRUST FUNDS-VOTE ONE (3 YEARS): 694 marks exceeds 342x1=342 -- impossible
Granby2013,publish,14,
Granby2014,review,14,FOR COMMISSIONER OF TRUST FUNDS-VOTE ONE: a figure was not readable
Granby2015,review,11,SELECT BOARD - VOTE ONE: a figure was not readable
Granby2018,hold,0,the parse found no contest in this section
Granby2020,review,7,BOARD OF SELECTMEN - VOTE ONE (3 YEARS): a figure was not readable
Granville2008,review,10,One Moderator for 1 year: a figure was not readable
Granville2009,hold,11,Two for School Committee for 3 years: 672 marks exceeds 284x2=568 -- impossible
Granville2010,publish,8,
Granville2011,review,11,One Moderator for 1 year: a figure was not readable
Granville2015,publish,9,
Granville2016,publish,6,
Granville2017,publish,9,
Granville2019,publish,6,
Granville2020,review,9,One Moderator for 1 year: a figure was not readable
GreatBarrington2014,review,9,no election date could be derived
GreatBarrington2018,hold,0,the parse found no contest in this section
Greenfield2015,hold,19,TRUSTEE OF JENNIE L. BASCOM EDUCATION FUND FOR TWO YEARS: 13358 marks exceeds 4451x3=13353 -- impossible
Greenfield2017,publish,6,
Groton2004,publish,17,
Groton2009,publish,16,
Groton2010,publish,12,
Groton2011,hold,0,the parse found no contest in this section
Groton2012,publish,15,
Groton2013,publish,13,
Groton2014,publish,14,
Groton2015,publish,15,
Groton2016,publish,14,
Groton2017,hold,0,the parse found no contest in this section
Groton2018,publish,14,
Groton2019,publish,14,
Groton2020,hold,0,the parse found no contest in this section
Groveland2008,review,10,two records claim Groveland 2009 and hold the same number of contests; neither can be preferred
Groveland2009,review,10,two records claim Groveland 2009 and hold the same number of contests; neither can be preferred
Groveland2010,review,11,two records claim Groveland 2011 and hold the same number of contests; neither can be preferred
Groveland2011,review,11,two records claim Groveland 2011 and hold the same number of contests; neither can be preferred
Groveland2012,hold,0,the parse found no contest in this section
Groveland2014,publish,12,
Groveland2016,hold,16,Road Commissioner 3 yrs: 1128 marks exceeds 1126x1=1126 -- impossible
Groveland2017,hold,17,Light Commissioner: 827 marks exceeds 826x1=826 -- impossible
Groveland2018,review,26,ASSESSOR: seat count left null by the transcriber
Groveland2019,publish,14,
Hadley2011,publish,12,
Hadley2012,publish,12,
Hadley2013,publish,15,
Hadley2014,publish,11,
Halifax2015,hold,15,Board of Health: 1002 marks exceeds 862x1=862 -- impossible
Halifax2020,review,15,Housing Authority (3 year term): a figure was not readable
Hamilton2009,review,8,One Assessor for three years: a figure was not readable
Hamilton2010,review,9,Town Moderator for one year: no candidates
Hamilton2011,publish,10,
Hamilton2013,publish,8,
Hamilton2014,publish,9,
Hamilton2017,publish,9,
Hamilton2018,publish,13,
Hamilton2019,hold,8,H-W Library Trustee at Large Vote for ONE 3 years: 2116 marks exceeds 1058x1=1058 -- impossible
Hanover2000,publish,9,
Hanover2001,publish,13,
Hanover2002,hold,13,ASSESSORS (1 Year): 2297 marks exceeds 2287x1=2287 -- impossible
Hanover2006,hold,11,SCHOOL COMMITTEE 3 YEARS: 3766 marks exceeds 1833x2=3666 -- impossible
Hanover2008,publish,10,
Hanover2009,publish,9,
Hanover2011,hold,0,the parse found no contest in this section
Hanover2014,hold,12,Housing Authority (1 for 3 year term): 621 marks exceeds 610x1=610 -- impossible
Hanover2015,publish,11,
Hanover2016,hold,0,the parse found no contest in this section
Hanover2020,publish,8,
Hanson2010,publish,16,
Hanson2014,publish,11,
Hanson2015,hold,0,the parse found no contest in this section
Hanson2016,hold,0,the parse found no contest in this section
Hanson2018,review,11,CEMETERY COMMISSIONER for three years: a figure was not readable
Harvard2008,hold,0,the parse found no contest in this section
Harvard2009,review,1,only one contest -- a return usually elects several
Hawley2013,review,7,Selectman (3 years): a figure was not readable
Hawley2014,hold,0,the parse found no contest in this section
Hawley2015,hold,0,the parse found no contest in this section
Hawley2016,hold,0,the parse found no contest in this section
Hawley2020,hold,0,the parse found no contest in this section
Hingham2004,publish,12,
Hingham2006,hold,0,the parse found no contest in this section
Hingham2007,review,12,no election date could be derived
Hingham2008,publish,10,
Hingham2009,publish,11,
Hingham2010,publish,11,
Hingham2011,publish,12,
Hingham2012,publish,12,
Hingham2013,hold,11,SELECTMAN (Three Years): 4955 marks exceeds 4952x1=4952 -- impossible
Hingham2014,publish,10,
Hingham2015,publish,13,
Hingham2019,publish,10,
Hingham2020,publish,10,
Hinsdale2001,hold,0,the parse found no contest in this section
Hinsdale2002,review,10,Member–Select Board: no candidates
Hinsdale2003,hold,0,the parse found no contest in this section
Hinsdale2004,hold,0,the parse found no contest in this section
Hinsdale2005,hold,0,the parse found no contest in this section
Hinsdale2007,hold,0,the parse found no contest in this section
Hinsdale2010,hold,0,the parse found no contest in this section
Hinsdale2020,review,5,Select Board: no candidates
Holden2014,publish,6,
Holden2017,hold,0,the parse found no contest in this section
Holden2020,review,4,BOARD OF SELECTMEN: seat count left null by the transcriber
Holliston2004,hold,0,the parse found no contest in this section
Holliston2009,hold,0,the parse found no contest in this section
Holliston2012,review,10,SELECTMAN & HIGHWAY SURVEYOR (three year term): no candidates
Holliston2013,review,1,"Holliston 2013 is already published from Holliston2014, which read more of the page"
Holliston2014,publish,14,
Holliston2016,hold,0,the parse found no contest in this section
Hopedale2016,hold,0,the parse found no contest in this section
Hopedale2017,review,10,two records claim Hopedale 2017 and hold the same number of contests; neither can be preferred
Hopedale2018,review,10,two records claim Hopedale 2017 and hold the same number of contests; neither can be preferred
Hopedale2019,publish,12,
Hopedale2020,hold,0,the parse found no contest in this section
Hopkinton2016,publish,13,
Hopkinton2017,hold,0,the parse found no contest in this section
Hubbardston2006,publish,13,
Hubbardston2007,publish,12,no two contests agree on a ballot count
Hubbardston2008,publish,17,no two contests agree on a ballot count
Hudson2006,publish,14,
Hudson2007,review,15,MODERATOR (ONE for a One-Yr. Term): a figure was not readable
Hudson2008,publish,10,
Hudson2009,publish,13,
Hudson2010,publish,14,
Hudson2016,publish,13,
Hudson2018,publish,14,
Hudson2020,publish,13,
Hull2008,hold,0,the parse found no contest in this section
Hull2010,hold,9,"MUNICIPAL LIGHT BOARD, 3 years (2): 6776 marks exceeds 3373x2=6746 -- impossible"
Hull2011,hold,10,"SELECTMAN, 3 years: 3894 marks exceeds 1947x1=1947 -- impossible"
Hull2012,review,9,BOARD OF SELECTMEN: seat count left null by the transcriber
Hull2013,review,11,BOARD OF SELECTMEN: seat count left null by the transcriber
Hull2014,review,10,BOARD OF SELECTMEN: seat count left null by the transcriber
Hull2015,review,7,BOARD OF SELECTMEN: seat count left null by the transcriber
Hull2016,hold,10,TRUSTEES IF PUBLIC LIBRARY - Vote for TWO: 7246 marks exceeds 3574x2=7148 -- impossible
Hull2017,publish,8,
Hull2020,review,8,Selectman - Vote for TWO: a figure was not readable
Huntington2007,hold,15,WHITING STREET TRUSTEE: 88 marks exceeds 86x1=86 -- impossible
Huntington2008,publish,14,
Huntington2011,review,15,BOARD OF SELECTMEN - 3 Yrs.: name looks like an address -- '16 Others'
Huntington2013,publish,14,
Huntington2014,publish,14,
Huntington2018,publish,15,
Ipswich2020,hold,5,SCHOOL COMMITTEE: 2642 marks exceeds 872x3=2616 -- impossible
Kingston2020,publish,13,
Lakeville2010,publish,15,
Lakeville2011,review,11,SELECTMAN for 3 years: a figure was not readable
Lakeville2012,publish,15,
Lakeville2014,publish,12,
Lakeville2015,publish,14,
Lakeville2018,publish,12,
Lakeville2019,publish,14,
Lakeville2020,publish,13,
Lancaster2000,publish,13,
Lancaster2001,publish,13,
Lancaster2003,hold,0,the parse found no contest in this section
Lancaster2004,hold,0,the parse found no contest in this section
Lancaster2005,publish,12,
Lancaster2006,publish,10,
Lancaster2007,hold,0,the parse found no contest in this section
Lancaster2008,publish,8,
Lancaster2009,hold,0,the parse found no contest in this section
Lancaster2010,publish,9,
Lancaster2011,publish,9,
Lancaster2012,hold,0,the parse found no contest in this section
Lancaster2013,publish,9,
Lancaster2015,review,9,no election date could be derived
Lancaster2017,publish,9,
Lancaster2020,publish,11,
Lanesborough2013,review,12,BOARD OF SELECTMEN 3 YRS: a figure was not readable
Lanesborough2014,publish,14,
Lanesborough2015,publish,11,
Lanesborough2017,review,9,PLANNING BOARD: seat count left null by the transcriber
Lanesborough2020,review,6,PLANNING BOARD: seat count left null by the transcriber
Lee2000,hold,0,the parse found no contest in this section
Lee2003,review,10,TOWN REPRESENTATIVES District I: seat count left null by the transcriber
Lee2004,hold,0,the parse found no contest in this section
Lee2018,review,15,District 2 Rep (3yrs): seats inferred as 3 but the totals imply 1
Leicester2009,publish,9,
Leicester2014,publish,9,
Leicester2016,publish,8,
Leicester2019,publish,9,
Leicester2020,publish,9,
Lexington2009,publish,5,
Lincoln2011,publish,15,
Lincoln2019,publish,18,
Littleton2000,publish,15,
Littleton2001,publish,15,
Littleton2002,publish,15,
Littleton2003,hold,0,the parse found no contest in this section
Littleton2007,publish,14,
Littleton2008,review,14,COMMISSIONER OF TRUST FUNDS: a figure was not readable
Littleton2009,hold,0,the parse found no contest in this section
Littleton2010,publish,14,
Littleton2012,publish,14,
Littleton2013,review,18,no election date could be derived
Littleton2016,publish,14,
Littleton2017,hold,0,the parse found no contest in this section
Longmeadow2019,publish,6,no two contests agree on a ballot count
Longmeadow2020,review,6,SCHOOL COMMITTEE- FOR 3 YRS VOTE FOR THREE: a figure was not readable
Ludlow2005,hold,0,the parse found no contest in this section
Ludlow2006,hold,0,the parse found no contest in this section
Ludlow2007,hold,0,the parse found no contest in this section
Ludlow2009,hold,0,the parse found no contest in this section
Ludlow2010,hold,0,the parse found no contest in this section
Ludlow2011,hold,0,the parse found no contest in this section
Ludlow2012,hold,0,the parse found no contest in this section
Ludlow2013,hold,0,the parse found no contest in this section
Ludlow2014,hold,0,the parse found no contest in this section
Ludlow2015,hold,0,the parse found no contest in this section
Ludlow2016,hold,0,the parse found no contest in this section
Ludlow2017,hold,0,the parse found no contest in this section
Ludlow2018,hold,0,the parse found no contest in this section
Ludlow2019,hold,0,the parse found no contest in this section
Ludlow2020,hold,0,the parse found no contest in this section
Lunenburg2011,hold,0,the parse found no contest in this section
Lunenburg2012,publish,12,
Lunenburg2013,publish,15,
Lunenburg2014,review,11,LIBRARY TRUSTEE – For 3 years / Vote for Two: a figure was not readable
Lunenburg2015,review,16,CEMETERY COMMISSIONER – For 3 years / Vote for One: a figure was not readable
Lunenburg2016,publish,18,
Lunenburg2017,hold,0,the parse found no contest in this section
Lunenburg2019,hold,0,the parse found no contest in this section
Lunenburg2020,publish,16,
Lynnfield2010,publish,7,
Lynnfield2012,hold,9,HOUSING AUTHORITY 2 YR.: 1799 marks exceeds 1778x1=1778 -- impossible
Lynnfield2014,publish,10,
Lynnfield2015,review,7,SELECTMEN: a figure was not readable
Lynnfield2016,review,8,SELECTMEN: seat count left null by the transcriber
Lynnfield2017,review,8,SELECTMEN: seat count left null by the transcriber
Lynnfield2018,review,8,SELECTMEN: seat count left null by the transcriber
Manchester2006,hold,0,the parse found no contest in this section
Manchester2008,publish,10,no two contests agree on a ballot count
Manchester2011,hold,8,Planning Board for three years (2): 3290 marks exceeds 1641x2=3282 -- impossible
Manchester2016,publish,7,
Manchester2017,publish,7,
Mansfield2001,hold,0,the parse found no contest in this section
Mansfield2002,publish,3,no two contests agree on a ballot count
Mansfield2003,publish,6,
Mansfield2004,publish,4,
Mansfield2005,publish,5,
Mansfield2007,publish,5,
Mansfield2009,publish,4,
Mansfield2013,review,5,SELECTMEN: seat count left null by the transcriber
Mansfield2014,review,4,Board of Selectmen: seat count left null by the transcriber
Marblehead2006,publish,13,
Marblehead2007,hold,12,School Committee 3 Year Term: 7070 marks exceeds 3535x1=3535 -- impossible
Marblehead2008,publish,14,
Marblehead2009,review,13,Recreation and Park Commission 1 Year Term: a figure was not readable
Marblehead2010,hold,15,School Committee 3 Year Term: 7118 marks exceeds 3559x1=3559 -- impossible
Marblehead2011,hold,0,the parse found no contest in this section
Marblehead2012,hold,11,Selectmen 1 Year Term: 8986 marks exceeds 1797x5=8985 -- impossible
Marblehead2013,hold,0,the parse found no contest in this section
Marblehead2015,hold,0,the parse found no contest in this section
Marblehead2016,publish,15,
Marblehead2017,publish,13,
Marblehead2018,hold,13,Selectmen 1 Year Term: 11482 marks exceeds 2296x5=11480 -- impossible
Marblehead2019,hold,0,the parse found no contest in this section
Marblehead2020,hold,0,the parse found no contest in this section
Marlborough2001,review,11,COUNCILOR-AT-LARGE: seat count left null by the transcriber
Marlborough2003,publish,10,no two contests agree on a ballot count
Marlborough2005,review,11,COUNCILOR-AT-LARGE: seat count left null by the transcriber
Marlborough2007,review,11,COUNCILOR-AT-LARGE: seat count left null by the transcriber
Marlborough2008,hold,0,the parse found no contest in this section
Marlborough2011,publish,11,no two contests agree on a ballot count
Marlborough2013,review,10,SCHOOL COMMITTEE: seats inferred as 5 but the totals imply 3
Marlborough2015,review,11,COUNCILOR-AT-LARGE: seat count left null by the transcriber
Marlborough2019,review,11,COUNCILOR-AT-LARGE: seat count left null by the transcriber
Marshfield2008,publish,12,
Marshfield2011,publish,11,
Marshfield2012,hold,10,CEMETERY COMMISSION THREE YEARS: 489 marks exceeds 488x1=488 -- impossible
Marshfield2013,publish,10,
Marshfield2014,hold,12,LIBRARY TRUSTEE THREE YEARS: 713 marks exceeds 549x1=549 -- impossible
Mashpee2000,publish,12,
Mashpee2002,publish,14,
Mashpee2007,hold,0,the parse found no contest in this section
Mashpee2009,publish,9,
Mashpee2011,hold,0,the parse found no contest in this section
Mashpee2012,publish,7,
Mashpee2013,hold,0,the parse found no contest in this section
Mashpee2014,publish,7,
Mashpee2015,hold,0,the parse found no contest in this section
Mashpee2016,hold,0,the parse found no contest in this section
Mattapoisett2009,publish,11,
Mattapoisett2011,publish,13,
Mattapoisett2014,publish,15,
Mattapoisett2016,publish,14,
Mattapoisett2017,publish,14,
Maynard2014,publish,5,
Maynard2015,publish,8,
Maynard2018,publish,3,
Maynard2019,publish,5,no two contests agree on a ballot count
Maynard2020,hold,0,the parse found no contest in this section
Medfield2001,review,12,Trustees of Public Library (vote for not more than two): a figure was not readable
Medfield2002,review,9,Housing Authority (vote for one): a figure was not readable
Medfield2003,publish,10,
Medfield2004,hold,4,"REPRESENTATIVE IN GENERAL COURT is a state or county office, so this section is not one annual municipal election (4 such offices here)"
Medway2014,publish,10,
Medway2015,publish,9,
Medway2016,hold,0,the parse found no contest in this section
Medway2017,publish,10,
Medway2018,review,11,"Medway 2019 is already published from Medway2019, which read more of the page"
Medway2019,publish,12,
Medway2020,publish,11,
Mendon2013,publish,12,
Mendon2014,publish,11,
Mendon2016,publish,11,
Mendon2017,publish,12,
Methuen2011,review,9,COUNCILLOR AT LARGE: seat count left null by the transcriber
Methuen2017,publish,9,no two contests agree on a ballot count
Middlefield2012,review,12,Moderator: a figure was not readable
Middleton2010,publish,12,
Middleton2011,publish,11,
Middleton2012,publish,10,
Middleton2013,publish,10,
Middleton2014,publish,10,
Middleton2015,publish,10,
Middleton2016,publish,11,
Middleton2017,publish,13,
Middleton2018,publish,9,
Middleton2019,publish,10,
Middleton2020,publish,10,
Milford2000,publish,16,
Milford2002,hold,0,the parse found no contest in this section
Milford2003,publish,20,
Milford2004,publish,10,
Milford2005,publish,10,
Milford2006,publish,24,
Milford2007,hold,0,the parse found no contest in this section
Milford2017,publish,31,
Milford2018,review,12,FOR TOWN MEETING MEMBERS For Three Years: a figure was not readable
Milford2019,publish,23,
Milford2020,hold,27,FOR TRUSTEE OF VERNON GROVE CEMETERY: 12258 marks exceeds 6129x1=6129 -- impossible
Millbury2008,hold,0,the parse found no contest in this section
Millbury2009,publish,12,
Millbury2013,hold,7,HOUSING AUTHORITY 5 YEARS: 2990 marks exceeds 2969x1=2969 -- impossible
Millbury2015,publish,13,
Millbury2016,publish,10,
Millbury2017,publish,9,
Millbury2018,publish,7,
Millbury2020,hold,0,the parse found no contest in this section
Millis2018,hold,0,the parse found no contest in this section
Millis2020,hold,0,the parse found no contest in this section
Millville2018,hold,0,the parse found no contest in this section
Millville2020,publish,8,
Montague2010,publish,21,
Montague2011,publish,19,
Montague2014,publish,19,
Montague2015,review,21,"PUBLIC LIBRARY TRUSTEE, for THREE years: a figure was not readable"
Montague2016,publish,27,
Montague2017,publish,22,
Montague2018,review,17,"TOWN MEETING MEMBERS, for THREE years PRECINCT 2: a figure was not readable"
Montague2019,publish,25,
Montague2020,publish,21,
MountWashington2001,hold,0,the parse found no contest in this section
MountWashington2009,hold,0,the parse found no contest in this section
MountWashington2014,publish,10,
MountWashington2015,publish,11,
MountWashington2019,review,9,Selectboard: seat count left null by the transcriber
Nahant2002,hold,10,Moderator: 1215 marks exceeds 1212x1=1212 -- impossible
Nahant2008,hold,0,the parse found no contest in this section
Nahant2009,hold,0,the parse found no contest in this section
Nahant2010,publish,10,
Nahant2011,publish,12,
Nahant2012,review,10,Planning Board (for five years): a figure was not readable
Nahant2014,review,8,Assessor (For An Unexpired Term of Two Years): no candidates
Nahant2015,publish,11,
Nahant2016,publish,10,
Nahant2017,publish,12,
Nahant2019,hold,0,the parse found no contest in this section
Natick2010,publish,21,
Natick2011,publish,11,
Natick2012,publish,9,
Natick2016,publish,21,
Natick2020,review,20,Recreation and Parks (Three Years): a figure was not readable
Needham2011,hold,0,the parse found no contest in this section
Needham2013,hold,0,the parse found no contest in this section
NewAshford2017,hold,8,Tree Warden- 1 Year: 40 marks exceeds 39x1=39 -- impossible
NewAshford2019,hold,8,Fire Warden- 1 year: 38 marks exceeds 36x1=36 -- impossible
NewAshford2020,hold,0,the parse found no contest in this section
NewMarlborough2014,hold,0,the parse found no contest in this section
Newbury2011,review,11,TRITON REGIONAL SCHOOL COMMITTEE FOR THREE YEARS NEWBURY: a figure was not readable
Newbury2013,publish,16,
Newbury2014,publish,13,
Newbury2015,hold,0,the parse found no contest in this section
Newbury2017,publish,11,
Newbury2018,hold,0,the parse found no contest in this section
Norfolk2000,review,13,HOUSING AUTHORITY MEMBER TO FILL 2 YEAR UNEXPIRED TERM: a figure was not readable
Norfolk2002,publish,13,
Norfolk2003,publish,13,
Norfolk2004,publish,12,
Norfolk2005,review,13,BOARD OF HEALTH: a figure was not readable
Norfolk2006,publish,10,
Norfolk2007,publish,10,
Norfolk2008,publish,12,
Norfolk2010,publish,11,
Norfolk2011,publish,14,
Norfolk2013,publish,10,
Norfolk2015,review,11,KP School Committee - one 3 year term: a figure was not readable
Norfolk2016,hold,9,Board of Health: 717 marks exceeds 691x1=691 -- impossible
Norfolk2017,publish,10,
Norfolk2019,publish,11,
Norfolk2020,publish,11,
NorthAttleborough2006,hold,0,the parse found no contest in this section
NorthAttleborough2012,review,1,Town Election - Vote for 2: a figure was not readable
NorthBrookfield2007,publish,12,
NorthBrookfield2008,publish,12,
NorthBrookfield2009,publish,11,
NorthBrookfield2010,publish,14,
NorthBrookfield2011,publish,11,
NorthBrookfield2012,publish,13,
NorthBrookfield2014,publish,13,
NorthReading2005,publish,5,
NorthReading2009,hold,0,the parse found no contest in this section
NorthReading2011,publish,4,
NorthReading2015,hold,0,the parse found no contest in this section
NorthReading2018,publish,5,
Northborough2008,review,10,Total votes for NS/SB Regional School Committee: seat count left null by the transcriber
Northborough2009,review,8,two records claim Northborough 2009 and hold the same number of contests; neither can be preferred
Northborough2010,hold,0,the parse found no contest in this section
Northborough2011,review,8,two records claim Northborough 2009 and hold the same number of contests; neither can be preferred
Northborough2012,hold,0,the parse found no contest in this section
Northborough2013,hold,0,the parse found no contest in this section
Northborough2014,hold,0,the parse found no contest in this section
Northborough2015,hold,0,the parse found no contest in this section
Northborough2016,publish,7,
Northborough2017,hold,0,the parse found no contest in this section
Northborough2018,hold,0,the parse found no contest in this section
Northbridge2005,hold,8,PLANNING BOARD 3yr terms: 3828 marks exceeds 1914x1=1914 -- impossible
Northbridge2006,publish,8,
Northbridge2007,hold,0,the parse found no contest in this section
Northbridge2008,publish,9,
Northbridge2009,publish,5,
Northbridge2010,publish,11,
Northbridge2011,publish,10,
Northbridge2014,publish,13,
Northbridge2016,hold,0,the parse found no contest in this section
Northbridge2017,hold,0,the parse found no contest in this section
Northbridge2019,hold,0,the parse found no contest in this section
Northbridge2020,hold,0,the parse found no contest in this section
Northfield2008,publish,6,
Northfield2009,review,12,Town Clerk Three year term Vote for One: a figure was not readable
Northfield2010,publish,12,
Northfield2013,publish,12,
Northfield2015,publish,11,
Northfield2016,hold,10,Constables Three year term Vote for One: 1076 marks exceeds 269x1=269 -- impossible
Northfield2017,publish,11,
Northfield2018,hold,0,the parse found no contest in this section
Northfield2020,publish,10,
Norton2008,publish,7,
Norton2012,publish,8,
Norton2013,publish,7,
Norton2015,hold,0,the parse found no contest in this section
Norwell2012,publish,12,
Norwell2013,hold,13,PLANNING BOARD – Three Years – Vote for One: 4312 marks exceeds 542x1=542 -- impossible
Norwell2015,publish,9,
Norwell2017,hold,0,the parse found no contest in this section
Norwell2018,hold,9,BOARD OF SELECTMEN-Three Years-Vote for One: 3084 marks exceeds 1542x1=1542 -- impossible
Norwell2019,hold,10,BOARD OF ASSESSORS-Three Years-Vote for One: 451 marks exceeds 449x1=449 -- impossible
Norwell2020,hold,9,NORWELL PUBLIC LIBRARY TRUSTEES-Three Years-Vote for Two: 1174 marks exceeds 537x2=1074 -- impossible
Oakham2021,review,12,"Selectmen, 3 Years: a figure was not readable"
Orange2012,review,14,Regional School Committee (2): a figure was not readable
Orleans2011,publish,7,
Orleans2012,publish,8,
Orleans2013,publish,12,
Orleans2014,publish,9,
Orleans2015,publish,9,
Orleans2016,publish,8,
Orleans2017,publish,8,
Orleans2019,publish,8,
Otis2018,publish,10,
Otis2020,hold,0,the parse found no contest in this section
Otis2021,publish,10,
Oxford2020,publish,6,
Palmer2004,hold,17,"President & Vice President is a state or county office, so this section is not one annual municipal election (5 such offices here)"
Paxton2001,review,13,Selectboard: a figure was not readable
Paxton2002,review,22,Moderator: a figure was not readable
Paxton2007,review,12,Selectboard: a figure was not readable
Paxton2009,publish,12,
Paxton2011,publish,17,
Paxton2015,publish,12,no two contests agree on a ballot count
Paxton2019,hold,14,RECREATION COMMISSION 3 Years: 495 marks exceeds 472x1=472 -- impossible
Paxton2020,hold,0,the parse found no contest in this section
Pelham2020,review,11,School Committee (One for Two Years): a figure was not readable
Pembroke2007,publish,10,
Pembroke2008,publish,12,
Pembroke2009,publish,11,
Pembroke2011,publish,12,
Pembroke2012,hold,0,the parse found no contest in this section
Pembroke2014,publish,11,
Pembroke2015,review,10,HOUSING AUTHORITY 5 YEAR TERM: a figure was not readable
Pembroke2017,publish,11,
Pembroke2018,publish,13,
Pembroke2019,publish,13,
Pembroke2020,publish,12,
Pepperell2016,review,9,Board of Assessors: a figure was not readable
Pepperell2017,publish,9,
Pepperell2018,hold,0,the parse found no contest in this section
Pepperell2019,review,11,Vote for One (1 year) Board of Public Works: a figure was not readable
Pepperell2020,hold,0,the parse found no contest in this section
Peru2017,hold,7,Finance Committee 5-year term: 191 marks exceeds 190x1=190 -- impossible
Petersham2002,publish,12,
Petersham2003,publish,7,
Petersham2004,publish,10,
Petersham2005,publish,11,no two contests agree on a ballot count
Petersham2006,hold,0,the parse found no contest in this section
Petersham2007,hold,0,the parse found no contest in this section
Petersham2008,hold,10,BOARD OF SELECTMEN - 3 YEARS: 170 marks exceeds 124x1=124 -- impossible
Petersham2009,review,7,two records claim Petersham 2010 and hold the same number of contests; neither can be preferred
Petersham2010,review,7,two records claim Petersham 2010 and hold the same number of contests; neither can be preferred
Petersham2011,publish,12,
Petersham2012,hold,0,the parse found no contest in this section
Petersham2013,hold,0,the parse found no contest in this section
Petersham2014,hold,8,BOARD OF SELECTMEN - 3 YEARS: 374 marks exceeds 331x1=331 -- impossible
Petersham2015,review,8,CONSTABLE VOTE FOR 3 - 3 YEARS: a figure was not readable
Petersham2016,hold,0,the parse found no contest in this section
Petersham2017,hold,0,the parse found no contest in this section
Petersham2018,hold,0,the parse found no contest in this section
Petersham2019,publish,12,
Petersham2021,hold,0,the parse found no contest in this section
Plainfield2010,publish,3,
Plainfield2013,hold,11,Board of Assessors: (1 Year): 90 marks exceeds 89x1=89 -- impossible
Plainfield2016,hold,15,Board of Selectman: 111 marks exceeds 95x1=95 -- impossible
Plainfield2017,publish,8,
Plainville2015,publish,12,
Plainville2016,review,13,two records claim Plainville 2016 and hold the same number of contests; neither can be preferred
Plainville2017,review,13,two records claim Plainville 2016 and hold the same number of contests; neither can be preferred
Plainville2018,hold,0,the parse found no contest in this section
Plainville2020,publish,11,
Plymouth2010,publish,2,no two contests agree on a ballot count
Plymouth2011,publish,7,no two contests agree on a ballot count
Plymouth2013,review,5,Selectman: no candidates
Plymouth2015,hold,25,PLANNING BOARD 5yrs: 4679 marks exceeds 4678x1=4678 -- impossible
Plymouth2016,review,22,SELECTMAN: a figure was not readable
Plymouth2018,review,21,TOWN MEETING MEMBERS PRECINCT 1 (Vote: seat count left null by the transcriber
Plymouth2020,review,5,no election date could be derived
Plympton2002,publish,11,
Plympton2003,publish,14,
Plympton2004,hold,11,"Library Trustee, for two years: 728 marks exceeds 187x1=187 -- impossible"
Plympton2005,publish,10,
Plympton2007,hold,0,the parse found no contest in this section
Plympton2008,publish,11,
Plympton2009,publish,14,
Plympton2011,publish,12,
Plympton2018,hold,13,"BOARD OF HEALTH, 3 Years Vote One: 137 marks exceeds 135x1=135 -- impossible"
Princeton2004,hold,0,the parse found no contest in this section
Princeton2005,hold,9,SELECTMAN – 3 years: 707 marks exceeds 640x1=640 -- impossible
Princeton2010,publish,7,
Princeton2011,review,7,TRUSTEES OF TRUST FUNDS – 3 Years: seat count left null by the transcriber
Princeton2012,publish,7,
Princeton2013,publish,7,
Princeton2014,publish,7,
Princeton2015,publish,7,
Princeton2016,publish,7,
Princeton2017,publish,9,
Princeton2018,publish,9,
Princeton2020,publish,6,
Provincetown2009,publish,8,
Provincetown2010,review,7,no election date could be derived
Provincetown2011,review,8,no election date could be derived
Provincetown2015,review,10,no election date could be derived
Provincetown2016,publish,7,
Provincetown2017,publish,7,
Provincetown2018,publish,11,
Provincetown2019,publish,6,
Randolph2019,publish,4,no two contests agree on a ballot count
Reading2016,publish,18,no two contests agree on a ballot count
Reading2017,review,10,Precinct Seven - Town Meeting Members - 1 Year - Vote for One: a figure was not readable
Reading2019,review,14,Moderator - 1 Year - Vote for One: a figure was not readable
Reading2020,review,2,Moderator - 1 Year - Vote for One: a figure was not readable
Rehoboth2008,hold,0,the parse found no contest in this section
Rehoboth2012,hold,0,the parse found no contest in this section
Richmond2012,hold,0,the parse found no contest in this section
Richmond2016,hold,0,the parse found no contest in this section
Richmond2020,hold,0,the parse found no contest in this section
Rockland2003,publish,12,
Rockland2004,publish,14,
Rockland2005,hold,11,SCHOOL COMMITTEE MEMBER for three years: 3267 marks exceeds 3264x1=3264 -- impossible
Rockland2006,publish,15,
Rockland2007,publish,12,
Rockland2008,publish,11,
Rockland2009,publish,15,
Rockland2011,publish,11,
Rockland2013,publish,13,
Rowe2000,publish,15,no two contests agree on a ballot count
Rowe2001,publish,15,
Rowe2002,hold,15,SELECTMAN/BOARD OF HEALTH 3 YRS: 188 marks exceeds 142x1=142 -- impossible
Rowe2003,publish,10,
Rowe2004,hold,14,FINANCE COMMITTEE (3 YEARS): 211 marks exceeds 207x1=207 -- impossible
Rowe2005,publish,13,
Rowe2006,publish,10,
Rowe2007,publish,12,
Rowe2008,publish,15,
Rowe2009,publish,12,
Rowe2010,publish,16,
Rowe2011,publish,15,
Rowe2012,hold,0,the parse found no contest in this section
Rowe2013,publish,9,
Rowe2017,publish,18,
Rowe2019,publish,13,
Rowe2020,review,16,Warden: a figure was not readable
Rowley2006,hold,0,the parse found no contest in this section
Rowley2010,hold,0,the parse found no contest in this section
Rowley2015,hold,0,the parse found no contest in this section
Rowley2016,review,1,Board of Selectman: a figure was not readable
Rowley2020,hold,0,the parse found no contest in this section
Royalston2013,review,4,two records claim Royalston 2014 and hold the same number of contests; neither can be preferred
Royalston2014,review,4,two records claim Royalston 2014 and hold the same number of contests; neither can be preferred
Royalston2015,hold,0,the parse found no contest in this section
Royalston2016,hold,0,the parse found no contest in this section
Royalston2017,hold,0,the parse found no contest in this section
Rutland2014,hold,0,the parse found no contest in this section
Rutland2017,hold,0,the parse found no contest in this section
Rutland2018,hold,0,the parse found no contest in this section
Rutland2019,publish,10,
Salem2000,hold,0,the parse found no contest in this section
Salem2010,hold,4,"SENATOR IN CONGRESS is a state or county office, so this section is not one annual municipal election (4 such offices here)"
Salem2019,hold,0,the parse found no contest in this section
Salisbury2010,publish,6,
Salisbury2011,publish,4,no two contests agree on a ballot count
Salisbury2012,publish,4,no two contests agree on a ballot count
Salisbury2013,publish,7,
Salisbury2014,publish,4,
Sandisfield2016,publish,9,
Sandisfield2018,hold,0,the parse found no contest in this section
Sandwich2009,publish,10,
Sandwich2010,hold,14,Three Sandwich Public Library Trustees each for a term of Three: 7651 marks exceeds 2549x3=7647 -- impossible
Sandwich2011,hold,12,One Weston Memorial Fund Trustee for term of three years: 3116 marks exceeds 3111x1=3111 -- impossible
Sandwich2012,publish,13,
Sandwich2015,publish,11,
Sandwich2018,hold,0,the parse found no contest in this section
Sandwich2019,hold,0,the parse found no contest in this section
Sandwich2020,review,11,"Planning Board, Not More than Two - Three Year Terms: a figure was not readable"
Saugus2013,hold,0,the parse found no contest in this section
Saugus2015,hold,0,the parse found no contest in this section
Saugus2017,review,11,Town Meeting (two years) PCT 1: seat count left null by the transcriber
Savoy2019,publish,8,
Scituate2012,publish,7,
Scituate2017,hold,9,the section supports almost none of this record -- 1/14 names and 2/31 figures located in it
Seekonk2008,publish,6,
Seekonk2009,hold,0,the parse found no contest in this section
Seekonk2010,hold,0,the parse found no contest in this section
Seekonk2011,hold,9,SCHOOL COMMITTEE (Vote for ONE) 3 YR TERM: 4974 marks exceeds 2487x1=2487 -- impossible
Seekonk2013,hold,0,the parse found no contest in this section
Seekonk2014,hold,0,the parse found no contest in this section
Seekonk2017,hold,0,the parse found no contest in this section
Sharon2009,hold,0,the parse found no contest in this section
Sharon2010,hold,0,the parse found no contest in this section
Sharon2011,hold,0,the parse found no contest in this section
Sharon2012,hold,0,the parse found no contest in this section
Sharon2013,publish,7,
Sharon2014,publish,9,
Sharon2015,publish,7,
Sharon2016,hold,7,SCHOOL COMMITTEE FOR 3 YEARS (VOTE FOR NOT MORE THAN 2): 5987 marks exceeds 2975x2=5950 -- impossible
Sharon2017,publish,7,
Sharon2018,publish,6,
Sharon2020,publish,8,
Sheffield2011,hold,0,the parse found no contest in this section
Sheffield2017,hold,0,the parse found no contest in this section
Shirley2003,hold,18,BOARD OF ASSESSORS – 3 YRS: 936 marks exceeds 929x1=929 -- impossible
Shirley2007,publish,14,
Shirley2008,hold,0,the parse found no contest in this section
Shirley2009,hold,0,the parse found no contest in this section
Shirley2011,hold,0,the parse found no contest in this section
Shirley2013,publish,15,
Shirley2017,publish,18,
Shirley2018,publish,15,
Shirley2019,review,13,BOARD OF ASSESSORS – 1 YEAR: seat count is zero
Shirley2020,publish,15,
Shutesbury2012,hold,0,the parse found no contest in this section
Shutesbury2020,review,7,Board of Health: a figure was not readable
SouthHadley2007,hold,0,the parse found no contest in this section
SouthHadley2008,review,18,"South Hadley 2009 is already published from SouthHadley2009, which read more of the page"
SouthHadley2009,review,19,QUESTION 1 CHARTER: no candidates
SouthHadley2010,review,18,LIBRARY TRUSTEES FOR THREE YEARS: a figure was not readable
SouthHadley2011,hold,22,BOARD OF HEALTH FOR THREE YEARS: 2066 marks exceeds 2060x1=2060 -- impossible
SouthHadley2012,publish,21,
SouthHadley2013,review,15,PLANNING BOARD FOR THREE YEARS: seats inferred as 2 but the totals imply 1
SouthHadley2014,publish,16,
SouthHadley2015,hold,20,PLANNING BOARD FOR FIVE YEARS: 1652 marks exceeds 1556x1=1556 -- impossible
SouthHadley2016,hold,0,the parse found no contest in this section
SouthHadley2018,hold,0,the parse found no contest in this section
SouthHadley2019,publish,21,
SouthHadley2020,hold,0,the parse found no contest in this section
Southborough2005,review,10,Library Trustees: seat count left null by the transcriber
Southborough2009,publish,11,
Southborough2010,publish,14,
Southborough2011,publish,15,
Southborough2012,publish,17,
Southborough2013,publish,14,
Southborough2016,publish,12,
Southborough2018,hold,0,the parse found no contest in this section
Southborough2019,hold,0,the parse found no contest in this section
Southwick2006,hold,11,PARK AND REC COMMISSION ELECT ONE-3 YEARS: 2370 marks exceeds 1185x1=1185 -- impossible
Southwick2011,hold,0,the parse found no contest in this section
Southwick2012,hold,0,the parse found no contest in this section
Southwick2013,publish,12,
Southwick2015,hold,0,the parse found no contest in this section
Southwick2016,hold,0,the parse found no contest in this section
Southwick2018,publish,13,
Southwick2020,hold,0,the parse found no contest in this section
Spencer2013,publish,12,
Spencer2015,hold,0,the parse found no contest in this section
Spencer2016,hold,0,the parse found no contest in this section
Spencer2017,hold,0,the parse found no contest in this section
Spencer2019,publish,14,
Spencer2020,publish,7,
Springfield2007,hold,0,the parse found no contest in this section
Sterling2007,hold,12,LIBRARY TRUSTEES - (2) 3 year: 1425 marks exceeds 701x2=1402 -- impossible
Sterling2008,publish,11,
Sterling2009,publish,10,
Sterling2010,publish,11,
Sterling2011,review,10,DEPT OF PUBLIC WORKS: a figure was not readable
Sterling2012,review,12,BOARD OF LIBRARY TRUSTEES (3 year term): a figure was not readable
Sterling2015,review,11,BOARD OF HEALTH (3yrs): a figure was not readable
Sterling2016,publish,10,
Sterling2019,review,11,CONSTABLE (3 yrs): a figure was not readable
Sterling2020,review,13,PLANNING BOARD (3yrs): a figure was not readable
Stockbridge2020,hold,0,the parse found no contest in this section
Stoneham2012,publish,8,
Stoneham2013,publish,11,
Stoneham2015,hold,0,the parse found no contest in this section
Stoneham2016,publish,8,
Stoneham2017,publish,8,
Stoughton2014,hold,0,the parse found no contest in this section
Stoughton2015,hold,0,the parse found no contest in this section
Stoughton2016,hold,0,the parse found no contest in this section
Stow2006,publish,9,
Stow2008,hold,0,the parse found no contest in this section
Stow2009,hold,0,the parse found no contest in this section
Stow2010,publish,9,
Stow2011,hold,0,the parse found no contest in this section
Stow2012,hold,0,the parse found no contest in this section
Stow2015,publish,8,
Stow2018,publish,7,
Stow2019,publish,10,
Stow2020,publish,8,
Sturbridge2018,hold,10,STURBRIDGE SCHOOL COMMITTEE For 3 year Vote for One: 1366 marks exceeds 780x1=780 -- impossible
Sudbury2005,publish,11,
Sudbury2006,publish,11,
Sudbury2008,publish,10,
Sudbury2014,review,15,no election date could be derived
Sudbury2015,publish,10,
Sudbury2017,hold,0,the parse found no contest in this section
Sudbury2018,hold,0,the parse found no contest in this section
Sudbury2019,hold,0,the parse found no contest in this section
Sudbury2020,publish,8,
Sunderland2013,hold,0,the parse found no contest in this section
Sunderland2015,hold,0,the parse found no contest in this section
Sunderland2017,hold,0,the parse found no contest in this section
Sunderland2018,hold,0,the parse found no contest in this section
Sutton2007,hold,0,the parse found no contest in this section
Sutton2010,hold,0,the parse found no contest in this section
Sutton2012,hold,0,the parse found no contest in this section
Sutton2013,hold,0,the parse found no contest in this section
Sutton2014,hold,0,the parse found no contest in this section
Sutton2015,review,1,Selectmen: a figure was not readable
Sutton2017,hold,0,the parse found no contest in this section
Sutton2018,hold,0,the parse found no contest in this section
Sutton2019,hold,0,the parse found no contest in this section
Sutton2020,hold,0,the parse found no contest in this section
Swampscott2017,hold,0,the parse found no contest in this section
Templeton2012,review,15,MODERATOR 1 Yr.: a figure was not readable
Templeton2013,publish,15,
Templeton2014,publish,13,
Templeton2015,publish,16,
Templeton2018,publish,16,
Templeton2019,publish,13,
Templeton2020,publish,15,
Tewksbury2012,review,6,Board of Selectmen: seat count left null by the transcriber
Tewksbury2015,publish,8,
Tewksbury2016,publish,7,
Tisbury2020,hold,13,TOWN CLERK (1 for 3 yrs): 858 marks exceeds 856x1=856 -- impossible
Topsfield2007,hold,13,Road Commissioner (Three Years): 1829 marks exceeds 1338x1=1338 -- impossible
Topsfield2008,publish,14,
Topsfield2009,publish,14,
Topsfield2010,publish,13,
Topsfield2011,publish,12,
Topsfield2012,publish,12,
Topsfield2013,review,14,REGIONAL DISTRICT SCHOOL COMMITTEE: a figure was not readable
Topsfield2014,publish,14,
Topsfield2015,publish,13,
Topsfield2016,review,14,"Selectman, Three Years: a figure was not readable"
Topsfield2017,review,14,"Constable, Three Years: a figure was not readable"
Topsfield2019,review,12,"REGIONAL SCHOOL COMMITTEE, THREE YEARS (VOTE FOR ONE): a figure was not readable"
Topsfield2020,hold,0,the parse found no contest in this section
Truro2016,publish,7,
Truro2017,hold,0,the parse found no contest in this section
Truro2019,hold,0,the parse found no contest in this section
Tyngsborough2011,hold,15,Housing Authority: 1294 marks exceeds 1293x1=1293 -- impossible
Tyngsborough2015,hold,0,the parse found no contest in this section
Tyngsborough2017,publish,14,
Tyngsborough2018,publish,13,
Tyringham2018,review,10,Selectmen: a figure was not readable
Tyringham2019,hold,0,the parse found no contest in this section
Uxbridge2005,publish,8,
Uxbridge2006,hold,0,the parse found no contest in this section
Uxbridge2010,hold,0,the parse found no contest in this section
Uxbridge2013,hold,0,the parse found no contest in this section
Uxbridge2014,hold,0,the parse found no contest in this section
Wakefield2017,review,10,SCHOOL COMMITTEE - 3 YR TERM: seats inferred as 3 but the totals imply 2
Wakefield2020,review,12,Town Council: seats inferred as 2 but the totals imply 1
Wales2002,review,12,BOARD OF SELECTMEN: a figure was not readable
Wales2003,review,14,BOARD OF SELECTMEN 3 YR. TERM VOTE FOR ONE: a figure was not readable
Wales2004,review,14,BOARD OF SELECTMEN (3 YR TERM) VOTE FOR ONE: a figure was not readable
Wales2005,review,13,BOARD OF SELECTMEN 3 YR TERM VOTE FOR ONE: a figure was not readable
Wales2006,review,16,BOARD OF SELECTMEN 3 YR TERM VOTE FOR ONE: a figure was not readable
Wales2007,review,12,BOARD OF SELECTMEN 3 YEAR TERM VOTE FOR ONE: a figure was not readable
Wales2009,review,14,BOARD OF SELECTMEN 3 YEAR TERM VOTE FOR ONE: a figure was not readable
Wales2010,review,11,BOARD OF SELECTMEN 3 YEAR TERM VOTE FOR ONE: a figure was not readable
Wales2011,review,13,BOARD OF SELECTMEN 3 YEAR TERM VOTE FOR ONE: a figure was not readable
Wales2013,review,12,BOARD OF SELECTMEN 3 YEAR TERM VOTE FOR ONE: a figure was not readable
Wales2014,review,9,BOARD OF SELECTMEN 3 YEAR TERM VOTE FOR ONE: a figure was not readable
Wales2015,review,14,BOARD OF SELECTMEN 3 YEAR TERM VOTE FOR ONE: a figure was not readable
Wales2016,review,10,BOARD OF SELECTMEN 3 YEAR TERM VOTE FOR ONE: a figure was not readable
Wales2017,review,9,BOARD OF SELECTMEN 3 YEAR TERM VOTE FOR ONE: a figure was not readable
Wales2018,review,14,BOARD OF SELECTMEN 3 YEAR TERM VOTE FOR ONE: a figure was not readable
Wales2019,review,10,BOARD OF SELECTMEN 3 YEAR TERM VOTE FOR ONE: a figure was not readable
Wales2020,review,8,BOARD OF SELECTMEN 3 YEAR TERM VOTE FOR ONE: a figure was not readable
Walpole2010,publish,10,
Walpole2011,publish,18,
Walpole2012,publish,11,
Walpole2013,hold,8,MODERATOR For one year - Vote for 1: 1886 marks exceeds 1875x1=1875 -- impossible
Walpole2014,publish,18,
Walpole2015,publish,22,
Walpole2016,publish,19,
Walpole2017,publish,20,
Walpole2018,hold,0,the parse found no contest in this section
Walpole2019,hold,0,the parse found no contest in this section
Walpole2020,publish,18,
Wareham2003,publish,7,
Wareham2011,review,4,no election date could be derived
Wareham2017,review,7,SELECTMEN: seat count left null by the transcriber
Wareham2018,publish,9,
Warwick2008,publish,10,
Warwick2012,publish,10,
Warwick2014,review,10,two records claim Warwick 2014 and hold the same number of contests; neither can be preferred
Warwick2015,review,10,two records claim Warwick 2014 and hold the same number of contests; neither can be preferred
Washington2020,publish,5,
Wayland2005,hold,0,the parse found no contest in this section
Wayland2006,publish,11,
Wayland2007,hold,0,the parse found no contest in this section
Wayland2008,publish,14,
Wayland2009,hold,0,the parse found no contest in this section
Wayland2010,hold,0,the parse found no contest in this section
Wayland2012,publish,13,
Wayland2013,hold,0,the parse found no contest in this section
Wayland2014,hold,0,the parse found no contest in this section
Wayland2015,hold,0,the parse found no contest in this section
Wayland2016,publish,13,
Wayland2017,hold,0,the parse found no contest in this section
Wayland2018,publish,14,
Wayland2019,hold,0,the parse found no contest in this section
Wellesley2009,hold,23,"BOARD OF SELECTMEN, Three Years, Vote for not more than TWO: 5474 marks exceeds 1843x2=3686 -- impossible"
Wellfleet2010,publish,11,
Wellfleet2014,hold,0,the parse found no contest in this section
Wellfleet2016,hold,0,the parse found no contest in this section
Wellfleet2017,publish,6,
Wellfleet2018,publish,6,
WestBrookfield2007,review,15,COMMON COMMITTEE 3 YEARS VOTE FOR ONE: a figure was not readable
WestBrookfield2008,publish,9,
WestBrookfield2009,hold,9,LIBRARY TRUSTEE 3 YEARS VOTE FOR ONE: 340 marks exceeds 170x1=170 -- impossible
WestBrookfield2010,publish,13,
WestBrookfield2011,publish,10,
WestBrookfield2012,hold,13,LIBRARY TRUSTEE (3-YEARS): 246 marks exceeds 124x1=124 -- impossible
WestBrookfield2013,publish,14,
WestBrookfield2014,hold,15,LIBRARY TRUSTEE 3 YEARS VOTE FOR TWO: 1569 marks exceeds 523x2=1046 -- impossible
WestBrookfield2015,publish,13,
WestBrookfield2016,publish,12,
WestBrookfield2017,publish,11,
WestBrookfield2018,publish,13,
WestNewbury2011,publish,10,
WestNewbury2012,hold,0,the parse found no contest in this section
WestNewbury2013,publish,9,
WestNewbury2014,publish,9,
WestNewbury2015,publish,11,
WestNewbury2016,publish,11,
WestNewbury2017,publish,9,
WestNewbury2018,publish,11,
WestNewbury2019,publish,11,
WestNewbury2020,publish,15,
WestTisbury2005,review,15,Land Bank Commissioner: seat count left null by the transcriber
WestTisbury2006,publish,8,no two contests agree on a ballot count
WestTisbury2007,publish,13,
WestTisbury2008,review,14,MODERATOR: a figure was not readable
WestTisbury2009,review,13,"West Tisbury 2009 is already published from WestTisbury2008, which read more of the page"
WestTisbury2016,publish,10,
WestTisbury2019,hold,11,SELECTMAN: 267 marks exceeds 264x1=264 -- impossible
Westborough2014,publish,10,
Westborough2018,publish,6,
Westborough2019,publish,5,
Westford2007,publish,6,
Westford2008,publish,8,
Westford2010,publish,5,
Westford2011,publish,8,
Westford2012,publish,6,
Westford2014,publish,9,
Westford2019,publish,8,
Westford2020,publish,6,
Westhampton2000,publish,15,
Westminster2009,publish,11,
Westminster2010,publish,13,
Westminster2011,publish,13,
Westminster2012,publish,10,
Westminster2013,publish,13,
Westminster2014,hold,16,Housing Authority-5 years: 84 marks exceeds 79x1=79 -- impossible
Westminster2015,publish,11,
Westminster2016,publish,11,
Westminster2017,publish,14,
Westminster2018,publish,12,
Westminster2019,publish,13,
Westminster2020,publish,14,
Weston2012,publish,10,
Weston2019,publish,11,
Westport2004,publish,14,
Westport2006,publish,11,
Westport2007,publish,11,
Westport2008,publish,17,
Westport2009,publish,12,
Westport2010,review,13,Trustees Of Free Public Library - Three Years: seats inferred as 2 but the totals imply 1
Westport2011,publish,18,
Westport2012,hold,10,Selectman - Three Years: 6246 marks exceeds 3123x1=3123 -- impossible
Westport2013,hold,0,the parse found no contest in this section
Westport2014,publish,15,
Westport2015,publish,11,
Westport2016,publish,11,
Westport2018,publish,12,
Westport2019,publish,14,
Westport2020,hold,0,the parse found no contest in this section
Westwood2008,hold,0,the parse found no contest in this section
Westwood2012,publish,9,
Westwood2015,publish,9,
Whitman2010,review,1,Board of Assessors: a figure was not readable
Whitman2011,publish,11,
Whitman2018,review,1,only one contest -- a return usually elects several
Whitman2020,review,10,no election date could be derived
Wilbraham2009,publish,11,no two contests agree on a ballot count
Wilbraham2010,publish,10,no two contests agree on a ballot count
Wilbraham2011,publish,8,no two contests agree on a ballot count
Wilbraham2012,hold,11,SELECTMAN – 3 YRS.: 1152 marks exceeds 892x1=892 -- impossible
Wilbraham2013,hold,0,the parse found no contest in this section
Wilbraham2014,hold,0,the parse found no contest in this section
Wilbraham2015,hold,0,the parse found no contest in this section
Wilbraham2016,hold,0,the parse found no contest in this section
Wilbraham2017,hold,0,the parse found no contest in this section
Wilbraham2018,hold,10,the section supports almost none of this record -- 4/18 names and 0/18 figures located in it
Wilbraham2019,hold,0,the parse found no contest in this section
Williamsburg2006,publish,15,
Williamsburg2017,hold,13,Board of Health – 3 years – vote for 1: 350 marks exceeds 348x1=348 -- impossible
Wilmington2009,publish,5,
Wilmington2011,publish,4,
Wilmington2013,publish,4,
Winchendon2016,publish,6,
Winchester2002,publish,10,
Winchester2003,publish,18,
Winchester2005,review,21,no election date could be derived
Winchester2011,review,22,QUESTION 1: seat count left null by the transcriber
Winchester2015,publish,21,
Winchester2018,publish,20,
Winchester2019,publish,23,
Winchester2020,publish,20,
Worcester2010,hold,0,the parse found no contest in this section
Wrentham2011,publish,12,
Wrentham2014,hold,0,the parse found no contest in this section
Yarmouth2010,publish,8,
Yarmouth2011,hold,0,the parse found no contest in this section
Yarmouth2020,hold,0,the parse found no contest in this section
