municipality,year,url,kind,pool
Bridgewater,2019,https://www.bridgewaterma.gov/government/town_clerk/Documents/Government/Town Clerk/Annual Town Reports/Bridgewater_2019_Town-Report_final.pdf?t=202512260928320,atr_endpoint,endpoint
Bridgewater,2018,https://www.bridgewaterma.gov/government/town_clerk/Documents/Government/Town Clerk/Annual Town Reports/Bridgewater_2018_Town-Report_Final_rev_online-copy.pdf?t=202512260928320,atr_endpoint,endpoint
Bridgewater,2017,https://www.bridgewaterma.gov/government/town_clerk/Documents/Government/Town Clerk/Annual Town Reports/2017_Town-Report_final_with-financials_no-cover_202108101420598503.pdf?t=202512260928310,atr_endpoint,endpoint
Bridgewater,2016,https://www.bridgewaterma.gov/government/town_clerk/Documents/Government/Town Clerk/Annual Town Reports/Town-Report_Compiled_2016_final.pdf?t=202512260928370,atr_endpoint,endpoint
Bridgewater,2015,https://www.bridgewaterma.gov/government/town_clerk/Documents/Government/Town Clerk/Annual Town Reports/2015_Town-Report_2018-final.pdf?t=202512260928310,atr_endpoint,endpoint
Westminster,2020,https://westminster-ma.gov/DocumentCenter/View/1011/Annual-Town-Report-2020-PDF---MMA-Annual-Town-Report-Contest---Third-Place-Category-2,atr_endpoint,endpoint
Westminster,2019,https://westminster-ma.gov/DocumentCenter/View/1010/Annual-Town-Report-2019-PDF---no-MMA-contest-due-to-COVID,atr_endpoint,endpoint
Westminster,2018,https://westminster-ma.gov/DocumentCenter/View/1009/Annual-Town-Report-2018-PDF---MMA-Annual-Town-Report-Contest---Second-Place-Category-2,atr_endpoint,endpoint
Westminster,2017,https://westminster-ma.gov/DocumentCenter/View/1008/Annual-Town-Report-2017-PDF---MMA-Annual-Town-Report-Contest---Third-Place-Category-2,atr_endpoint,endpoint
Westminster,2016,https://westminster-ma.gov/DocumentCenter/View/1007/Annual-Town-Report-2016-PDF---MMA-Annual-Town-Report-Contest---First-Place-Category-2,atr_endpoint,endpoint
Westminster,2015,https://westminster-ma.gov/DocumentCenter/View/1006/Annual-Town-Report-2015-PDF---MMA-Annual-Town-Report-Contest---Third-Place-Category-2,atr_endpoint,endpoint
Westminster,2014,https://westminster-ma.gov/DocumentCenter/View/1005/Annual-Town-Report-2014-PDF,atr_endpoint,endpoint
Westminster,2013,https://westminster-ma.gov/DocumentCenter/View/1004/Annual-Town-Report-2013-PDF,atr_endpoint,endpoint
Westminster,2012,https://westminster-ma.gov/DocumentCenter/View/1003/Annual-Town-Report-2012-PDF,atr_endpoint,endpoint
Westminster,2011,https://westminster-ma.gov/DocumentCenter/View/1002/Annual-Town-Report-2011-PDF,atr_endpoint,endpoint
Westminster,2010,https://westminster-ma.gov/DocumentCenter/View/1001/Annual-Town-Report-2010-PDF,atr_endpoint,endpoint
Westminster,2009,https://westminster-ma.gov/DocumentCenter/View/1016/Annual-Town-Report-2009-PDF,atr_endpoint,endpoint
Bourne,2020,https://www.bourne-ma.gov/DocumentCenter/View/3315/2020-Town-Report,atr_endpoint,endpoint
Bourne,2019,https://www.bourne-ma.gov/DocumentCenter/View/3312/2019-Town-Report,atr_endpoint,endpoint
Bourne,2018,https://www.bourne-ma.gov/DocumentCenter/View/3314/2018-Town-Report,atr_endpoint,endpoint
Bourne,2017,https://www.bourne-ma.gov/DocumentCenter/View/3313/2017-Town-Report,atr_endpoint,endpoint
Bourne,2015,https://www.bourne-ma.gov/DocumentCenter/View/3311/2015-Town-Report,atr_endpoint,endpoint
Bourne,2014,https://www.bourne-ma.gov/DocumentCenter/View/3310/2014-Town-Report,atr_endpoint,endpoint
Bourne,2013,https://www.bourne-ma.gov/DocumentCenter/View/3309/2013-Town-Report,atr_endpoint,endpoint
Bourne,2012,https://www.bourne-ma.gov/DocumentCenter/View/3308/2012-Town-Report,atr_endpoint,endpoint
Bourne,2011,https://www.bourne-ma.gov/DocumentCenter/View/3307/2011-Town-Report,atr_endpoint,endpoint
Bourne,2010,https://www.bourne-ma.gov/DocumentCenter/View/3306/2010-Town-Report,atr_endpoint,endpoint
Bourne,2009,https://www.bourne-ma.gov/DocumentCenter/View/3305/2009-Town-Report,atr_endpoint,endpoint
Bourne,2008,https://www.bourne-ma.gov/DocumentCenter/View/3304/2008-Town-Report,atr_endpoint,endpoint
Bourne,2007,https://www.bourne-ma.gov/DocumentCenter/View/3303/2007-Town-Report,atr_endpoint,endpoint
West Brookfield,2018,https://storage.googleapis.com/juniper-media-library/43/2024/07/2018 Annual Town Report FINAL 19.05.11.pdf,atr_endpoint,endpoint
West Brookfield,2017,https://storage.googleapis.com/juniper-media-library/43/2023/10/2017%20Annual%20Town%20Report.pdf,atr_endpoint,endpoint
West Brookfield,2016,https://storage.googleapis.com/juniper-media-library/43/2023/10/2016%20Annual%20Town%20Report.pdf,atr_endpoint,endpoint
West Brookfield,2015,https://storage.googleapis.com/juniper-media-library/43/2023/10/2015%20Annual%20Town%20Report.pdf,atr_endpoint,endpoint
West Brookfield,2014,https://storage.googleapis.com/juniper-media-library/43/2023/10/2014%20Annual%20Town%20Report.pdf,atr_endpoint,endpoint
West Brookfield,2013,https://storage.googleapis.com/juniper-media-library/43/2023/10/2013%20Annual%20Town%20Report.pdf,atr_endpoint,endpoint
West Brookfield,2012,https://storage.googleapis.com/juniper-media-library/43/2023/10/2012%20Annual%20Town%20Report.pdf,atr_endpoint,endpoint
West Brookfield,2011,https://storage.googleapis.com/juniper-media-library/43/2023/10/2011%20Annual%20Town%20Report.pdf,atr_endpoint,endpoint
West Brookfield,2010,https://storage.googleapis.com/juniper-media-library/43/2023/10/2010%20Annual%20Town%20Report.pdf,atr_endpoint,endpoint
West Brookfield,2009,https://storage.googleapis.com/juniper-media-library/43/2023/10/2009%20Annual%20Town%20Report.PDF,atr_endpoint,endpoint
West Brookfield,2008,https://storage.googleapis.com/juniper-media-library/43/2023/10/2008%20Annual%20Town%20Report.PDF,atr_endpoint,endpoint
West Brookfield,2007,https://storage.googleapis.com/juniper-media-library/43/2023/10/2007%20Annual%20Town%20Report.PDF,atr_endpoint,endpoint
Southwick,2011,https://www.southwickma.gov/DocumentCenter/View/2715/2011-Annual-Town-Report-PDF,atr_endpoint,endpoint
Southwick,2012,https://www.southwickma.gov/DocumentCenter/View/2716/2012-Annual-Town-Report-PDF,atr_endpoint,endpoint
Southwick,2013,https://www.southwickma.gov/DocumentCenter/View/2717/2013-Annual-Town-Report-PDF,atr_endpoint,endpoint
Southwick,2014,https://www.southwickma.gov/DocumentCenter/View/2718/2014-Annual-Town-Report-PDF,atr_endpoint,endpoint
Southwick,2015,https://www.southwickma.gov/DocumentCenter/View/2719/2015-Annual-Town-Report-PDF,atr_endpoint,endpoint
Southwick,2016,https://www.southwickma.gov/DocumentCenter/View/2720/2016-Annual-Town-Report-PDF,atr_endpoint,endpoint
Southwick,2017,https://www.southwickma.gov/DocumentCenter/View/2721/2017-Annual-Town-Report-PDF,atr_endpoint,endpoint
Southwick,2018,https://www.southwickma.gov/DocumentCenter/View/2722/2018-Annual-Town-Report-PDF,atr_endpoint,endpoint
Southwick,2019,https://www.southwickma.gov/DocumentCenter/View/2723/2019-Annual-Town-Report-PDF,atr_endpoint,endpoint
Southwick,2020,https://www.southwickma.gov/DocumentCenter/View/2727/2020-Annual-Town-Report-PDF,atr_endpoint,endpoint
Carver,2000,https://carverma.gov/DocumentCenter/View/313/2000_town_reportpdf-PDF,atr_endpoint,endpoint
Carver,2001,https://carverma.gov/DocumentCenter/View/314/2001_town_reportpdf-PDF,atr_endpoint,endpoint
Carver,2002,https://carverma.gov/DocumentCenter/View/315/2002_town_reportpdf-PDF,atr_endpoint,endpoint
Carver,2003,https://carverma.gov/DocumentCenter/View/316/2003_town_reportpdf-PDF,atr_endpoint,endpoint
Carver,2004,https://carverma.gov/DocumentCenter/View/317/2004_town_reportpdf-PDF,atr_endpoint,endpoint
Carver,2005,https://carverma.gov/DocumentCenter/View/318/2005_town_reportpdf-PDF,atr_endpoint,endpoint
Carver,2006,https://carverma.gov/DocumentCenter/View/299/2006_town_reportpdf-PDF,atr_endpoint,endpoint
Carver,2007,https://carverma.gov/DocumentCenter/View/319/2007_town_reportpdf-PDF,atr_endpoint,endpoint
Carver,2008,https://carverma.gov/DocumentCenter/View/300/2008_town_reportpdf-PDF,atr_endpoint,endpoint
Carver,2009,https://carverma.gov/DocumentCenter/View/301/2009_town_reportpdf-PDF,atr_endpoint,endpoint
Carver,2010,https://carverma.gov/DocumentCenter/View/302/2010_town_reportpdf-PDF,atr_endpoint,endpoint
Carver,2011,https://carverma.gov/DocumentCenter/View/303/2011_town_reportpdf-PDF,atr_endpoint,endpoint
Carver,2012,https://carverma.gov/DocumentCenter/View/304/2012_town_reportpdf-PDF,atr_endpoint,endpoint
Carver,2013,https://carverma.gov/DocumentCenter/View/305/2013_town_reportpdf-PDF,atr_endpoint,endpoint
Carver,2014,https://carverma.gov/DocumentCenter/View/306/2014_town_reportpdf-PDF,atr_endpoint,endpoint
Carver,2019,https://carverma.gov/DocumentCenter/View/307/2019_town_reportpdf-PDF,atr_endpoint,endpoint
Carver,2020,https://carverma.gov/DocumentCenter/View/308/2020_town_reportpdf-PDF,atr_endpoint,endpoint
Orleans,2020,https://www.orleansma.gov/DocumentCenter/View/4369/2020-CHARTER-REVIEW-COMMITTEE-ANNUAL-REPORT,atr_endpoint,endpoint
Billerica,2020,https://www.billerica.gov/DocumentCenter/View/13179,atr_endpoint,endpoint
East Bridgewater,2012,https://eastbridgewaterma.gov/DocumentCenter/View/603/2012-Annual-Town-Report-PDF,atr_endpoint,endpoint
East Bridgewater,2013,https://eastbridgewaterma.gov/DocumentCenter/View/592/2013-Annual-Town-Report-PDF,atr_endpoint,endpoint
East Bridgewater,2014,https://eastbridgewaterma.gov/DocumentCenter/View/593/2014-Annual-Town-Report-PDF,atr_endpoint,endpoint
East Bridgewater,2015,https://eastbridgewaterma.gov/DocumentCenter/View/594/2015-Annual-Town-Report-PDF,atr_endpoint,endpoint
East Bridgewater,2016,https://eastbridgewaterma.gov/DocumentCenter/View/595/2016-Annual-Town-Report-PDF,atr_endpoint,endpoint
East Bridgewater,2017,https://eastbridgewaterma.gov/DocumentCenter/View/596/2017-Annual-Town-Report-PDF,atr_endpoint,endpoint
East Bridgewater,2018,https://eastbridgewaterma.gov/DocumentCenter/View/597/2018-Annual-Town-Report-PDF,atr_endpoint,endpoint
East Bridgewater,2019,https://eastbridgewaterma.gov/DocumentCenter/View/598/2019-Annual-Town-Report-PDF,atr_endpoint,endpoint
East Bridgewater,2020,https://eastbridgewaterma.gov/DocumentCenter/View/599/2020-Annual-Town-Report-PDF,atr_endpoint,endpoint
Holden,2019,https://holdenma.gov/DocumentCenter/View/1253/2019-Annual-Report,atr_endpoint,endpoint
Holden,2020,https://holdenma.gov/DocumentCenter/View/770/2020-Annual-Town-Report,atr_endpoint,endpoint
Holden,2019,https://holdenma.gov/DocumentCenter/View/765/2019-Annual-Town-Report,atr_endpoint,endpoint
Holden,2018,https://holdenma.gov/DocumentCenter/View/769/2018-Annual-Town-Report,atr_endpoint,endpoint
Holden,2017,https://holdenma.gov/DocumentCenter/View/764/2017-Annual-Town-Report,atr_endpoint,endpoint
Holden,2016,https://holdenma.gov/DocumentCenter/View/768/2016-Annual-Town-Report,atr_endpoint,endpoint
Holden,2014,https://holdenma.gov/DocumentCenter/View/778/2014-Final-Report,atr_endpoint,endpoint
Holden,2015,https://holdenma.gov/DocumentCenter/View/799/2015-Annual-Town-Report---Town-Statistics,atr_endpoint,endpoint
Holden,2015,https://holdenma.gov/DocumentCenter/View/800/2015-Annual-Town-Report-Cover,atr_endpoint,endpoint
Holden,2015,https://holdenma.gov/DocumentCenter/View/801/2015-Annual-Town-Report-Index,atr_endpoint,endpoint
Holden,2015,https://holdenma.gov/DocumentCenter/View/802/2015-Annual-Town-Reports,atr_endpoint,endpoint
Yarmouth,2020,https://yarmouth.ma.us/DocumentCenter/View/14765/2020-ANNUAL-TOWN-REPORT,atr_endpoint,endpoint
Yarmouth,2019,https://yarmouth.ma.us/DocumentCenter/View/13609/2019-Annual-Report,atr_endpoint,endpoint
Yarmouth,2018,https://yarmouth.ma.us/DocumentCenter/View/11318/2018-ANNUAL-REPORT,atr_endpoint,endpoint
Yarmouth,2017,https://yarmouth.ma.us/DocumentCenter/View/9709/2017-Annual-Report,atr_endpoint,endpoint
Yarmouth,2016,https://yarmouth.ma.us/DocumentCenter/View/9708/2016-Annual-Report,atr_endpoint,endpoint
Yarmouth,2015,https://yarmouth.ma.us/DocumentCenter/View/9707/2015-Annual-Report,atr_endpoint,endpoint
Yarmouth,2014,https://yarmouth.ma.us/DocumentCenter/View/4791/2014-TOWN-OF-YARMOUTH-ANNUAL-REPORT,atr_endpoint,endpoint
Yarmouth,2013,https://yarmouth.ma.us/DocumentCenter/View/4187/2013-ANNUAL-REPORT,atr_endpoint,endpoint
Yarmouth,2012,https://yarmouth.ma.us/DocumentCenter/View/3760/2012_ANNUAL_REPORT,atr_endpoint,endpoint
Yarmouth,2011,https://yarmouth.ma.us/DocumentCenter/View/1791/2011-Annual-Report,atr_endpoint,endpoint
Yarmouth,2010,https://yarmouth.ma.us/DocumentCenter/View/1585/2010-ANNUAL-REPORT,atr_endpoint,endpoint
Yarmouth,2009,https://yarmouth.ma.us/DocumentCenter/View/1363/2009-ANNUAL-REPORT,atr_endpoint,endpoint
Sandwich,2020,https://sandwichmass.org/DocumentCenter/View/7105/2020-Annual-Town-Report,atr_endpoint,endpoint
Sandwich,2019,https://sandwichmass.org/DocumentCenter/View/6323/2019-Annual-Town-Report,atr_endpoint,endpoint
Sandwich,2018,https://sandwichmass.org/DocumentCenter/View/7104/2018-Annual-Town-Report,atr_endpoint,endpoint
Ashburnham,2016,https://ashburnham-ma.gov/DocumentCenter/View/465/2016-Annual-Report-PDF,atr_endpoint,endpoint
Rutland,2020,https://townofrutland.org/DocumentCenter/View/858/FY2020-Annual-Town-Report,atr_endpoint,endpoint
Rutland,2019,https://townofrutland.org/DocumentCenter/View/857/FY2019-Annual-Town-Report,atr_endpoint,endpoint
Rutland,2018,https://townofrutland.org/DocumentCenter/View/856/FY2018-Annual-Town-Report,atr_endpoint,endpoint
Rutland,2017,https://townofrutland.org/DocumentCenter/View/855/FY2017-Annual-Town-Report,atr_endpoint,endpoint
Rutland,2016,https://townofrutland.org/DocumentCenter/View/854/FY2016-Annual-Town-Report,atr_endpoint,endpoint
Rutland,2015,https://townofrutland.org/DocumentCenter/View/853/FY2015-Annual-Town-Report,atr_endpoint,endpoint
Rutland,2014,https://townofrutland.org/DocumentCenter/View/852/FY2014-Annual-Town-Report,atr_endpoint,endpoint
Sharon,2020,https://www.sharonma.gov/DocumentCenter/View/753/2020-Annual-Town-Report-PDF,atr_endpoint,endpoint
Sharon,2019,https://www.sharonma.gov/DocumentCenter/View/752/2019-Annual-Town-Report-PDF,atr_endpoint,endpoint
Sharon,2018,https://www.sharonma.gov/DocumentCenter/View/751/2018-Annual-Town-Report-PDF,atr_endpoint,endpoint
Sharon,2017,https://www.sharonma.gov/DocumentCenter/View/750/2017-Annual-Town-Report-PDF,atr_endpoint,endpoint
Sharon,2016,https://www.sharonma.gov/DocumentCenter/View/749/2016-Annual-Town-Report-PDF,atr_endpoint,endpoint
Sharon,2015,https://www.sharonma.gov/DocumentCenter/View/748/2015-Annual-Town-Report-PDF,atr_endpoint,endpoint
Sharon,2014,https://www.sharonma.gov/DocumentCenter/View/747/2014-Annual-Town-Report-PDF,atr_endpoint,endpoint
Sharon,2013,https://www.sharonma.gov/DocumentCenter/View/746/2013-Annual-Town-Report-PDF,atr_endpoint,endpoint
Sharon,2012,https://www.sharonma.gov/DocumentCenter/View/745/2012-Annual-Town-Report-PDF,atr_endpoint,endpoint
Sharon,2011,https://www.sharonma.gov/DocumentCenter/View/744/2011-Annual-Town-Report-PDF,atr_endpoint,endpoint
Sharon,2010,https://www.sharonma.gov/DocumentCenter/View/743/2010-Annual-Town-Report-PDF,atr_endpoint,endpoint
Sharon,2009,https://www.sharonma.gov/DocumentCenter/View/742/2009-Annual-Town-Report-PDF,atr_endpoint,endpoint
Canton,2020,https://town.canton.ma.us/DocumentCenter/View/8161/2020-CCPC-Annual-Town-Report,atr_endpoint,endpoint
Canton,2019,https://town.canton.ma.us/DocumentCenter/View/6173/2019-CCPC-Annual-Town-Report,atr_endpoint,endpoint
Canton,2018,https://town.canton.ma.us/DocumentCenter/View/4527/2018-CCPC-Annual-Town-Report,atr_endpoint,endpoint
Canton,2017,https://town.canton.ma.us/DocumentCenter/View/3820/2017-CCPC-Annual-Town-Report,atr_endpoint,endpoint
Canton,2016,https://town.canton.ma.us/DocumentCenter/View/2920/2016-CCPC-Annual-Town-Report,atr_endpoint,endpoint
Canton,2015,https://town.canton.ma.us/DocumentCenter/View/2161/2015-CCPC-Annual-Town-Report,atr_endpoint,endpoint
Canton,2014,https://town.canton.ma.us/DocumentCenter/View/1054/2014-CCPC-Annual-Town-Report,atr_endpoint,endpoint
South Hadley,2020,https://southhadley.org/DocumentCenter/View/9254,atr_endpoint,endpoint
South Hadley,2019,https://southhadley.org/DocumentCenter/View/6273,atr_endpoint,endpoint
South Hadley,2018,https://southhadley.org/DocumentCenter/View/5135,atr_endpoint,endpoint
South Hadley,2016,https://southhadley.org/ArchiveCenter/ViewFile/Item/767,atr_endpoint,endpoint
South Hadley,2015,https://southhadley.org/DocumentCenter/View/3505/2015-16-Annual-Town-Report,atr_endpoint,endpoint
South Hadley,2014,https://southhadley.org/ArchiveCenter/ViewFile/Item/559,atr_endpoint,endpoint
South Hadley,2013,https://southhadley.org/ArchiveCenter/ViewFile/Item/558,atr_endpoint,endpoint
South Hadley,2012,https://southhadley.org/ArchiveCenter/ViewFile/Item/557,atr_endpoint,endpoint
South Hadley,2011,https://southhadley.org/ArchiveCenter/ViewFile/Item/117,atr_endpoint,endpoint
South Hadley,2010,https://southhadley.org/DocumentCenter/View/3506/2010-11-Annual-Town-Report,atr_endpoint,endpoint
South Hadley,2009,https://southhadley.org/ArchiveCenter/ViewFile/Item/116,atr_endpoint,endpoint
South Hadley,2008,https://southhadley.org/ArchiveCenter/ViewFile/Item/115,atr_endpoint,endpoint
South Hadley,2007,https://southhadley.org/ArchiveCenter/ViewFile/Item/114,atr_endpoint,endpoint
South Hadley,2006,https://southhadley.org/ArchiveCenter/ViewFile/Item/113,atr_endpoint,endpoint
Heath,2017,https://townofheath.org/files/2017_Heath_Annual_Report.pdf,atr_endpoint,endpoint
Heath,2018,https://townofheath.org/files/2018_Heath_Annual_Report.pdf,atr_endpoint,endpoint
Heath,2019,https://townofheath.org/files/2019_Heath_Annual_Report.pdf,atr_endpoint,endpoint
Concord,2020,https://concordma.gov/DocumentCenter/View/29861/2020-Annual-Town-Report-Complete-Report,atr_endpoint,endpoint
Concord,2019,https://concordma.gov/DocumentCenter/View/24841/2019-Annual-Town-Report---Entire-Report,atr_endpoint,endpoint
Concord,2019,https://concordma.gov/DocumentCenter/View/24838/2019-Annual-Town-Report---Table-of-Contents-and-Board-and-Committees,atr_endpoint,endpoint
Concord,2019,https://concordma.gov/DocumentCenter/View/24837/2019-Annual-Town-Report---Select-Board-and-Town-Manager,atr_endpoint,endpoint
Concord,2019,https://concordma.gov/DocumentCenter/View/24839/2019-Annual-Town-Report---Town-Meeting-Section,atr_endpoint,endpoint
Concord,2019,https://concordma.gov/DocumentCenter/View/24831/2019-Annual-Town-Report---General-Government,atr_endpoint,endpoint
Concord,2019,https://concordma.gov/DocumentCenter/View/24834/2019-Annual-Town-Report---Public-Safety,atr_endpoint,endpoint
Concord,2019,https://concordma.gov/DocumentCenter/View/24828/2019-Annual-Town-Report---CMLP,atr_endpoint,endpoint
Concord,2019,https://concordma.gov/DocumentCenter/View/24829/2019-Annual-Town-Report---Community-Development,atr_endpoint,endpoint
Concord,2019,https://concordma.gov/DocumentCenter/View/24836/2019-Annual-Town-Report---Schools,atr_endpoint,endpoint
Concord,2019,https://concordma.gov/DocumentCenter/View/24835/2019-Annual-Town-Report---Public-Works,atr_endpoint,endpoint
Concord,2019,https://concordma.gov/DocumentCenter/View/24832/2019-Annual-Town-Report---Human-Services,atr_endpoint,endpoint
Concord,2019,https://concordma.gov/DocumentCenter/View/24830/2019-Annual-Town-Report---Finance,atr_endpoint,endpoint
Concord,2019,https://concordma.gov/DocumentCenter/View/24833/2019-Annual-Town-Report---Photo-Credits-and-Back-Cover,atr_endpoint,endpoint
Concord,2018,https://concordma.gov/DocumentCenter/View/18966/2018-Annual-Town-Report---Entire-Report,atr_endpoint,endpoint
Concord,2017,https://concordma.gov/DocumentCenter/View/13753/2017-Annual-Town-Report-,atr_endpoint,endpoint
Concord,2017,https://concordma.gov/DocumentCenter/View/13751/Town-Officers---2017-Annual-Town-Report,atr_endpoint,endpoint
Concord,2017,https://concordma.gov/DocumentCenter/View/13749/Select-Board---2017-Annual-Town-Report,atr_endpoint,endpoint
Concord,2017,https://concordma.gov/DocumentCenter/View/13750/Town-Manager---2017-Annual-Town-Report,atr_endpoint,endpoint
Concord,2017,https://concordma.gov/DocumentCenter/View/13752/2017-Annual-Town-Meeting---2017-Annual-Town-Report,atr_endpoint,endpoint
Concord,2017,https://concordma.gov/DocumentCenter/View/13757/General-Government---2017-Annual-Town-Report,atr_endpoint,endpoint
Concord,2017,https://concordma.gov/DocumentCenter/View/13746/Public-Safety---2017-Annual-Town-Report,atr_endpoint,endpoint
Concord,2017,https://concordma.gov/DocumentCenter/View/13754/CMLP---2017-Annual-Town-Report,atr_endpoint,endpoint
Concord,2017,https://concordma.gov/DocumentCenter/View/13747/Public-Works---2017-Annual-Town-Report,atr_endpoint,endpoint
Concord,2017,https://concordma.gov/DocumentCenter/View/13755/Community-Development---2017-Annual-Town-Report,atr_endpoint,endpoint
Concord,2017,https://concordma.gov/DocumentCenter/View/13748/Schools---2017-Annual-Town-Report,atr_endpoint,endpoint
Concord,2017,https://concordma.gov/DocumentCenter/View/13758/Human-Services---2017-Annual-Town-Report,atr_endpoint,endpoint
Concord,2017,https://concordma.gov/DocumentCenter/View/13756/Finance---2017-Annual-Town-Report,atr_endpoint,endpoint
Concord,2016,https://concordma.gov/DocumentCenter/View/9722/2016-Town-Report,atr_endpoint,endpoint
Concord,2013,https://concordma.gov/DocumentCenter/View/2748/2013-Concord-Annual-Town-Report-Page-1-PDF,atr_endpoint,endpoint
Concord,2013,https://concordma.gov/DocumentCenter/View/2749/2013-Concord-Annual-Town-Report-Page-2-PDF,atr_endpoint,endpoint
Concord,2013,https://concordma.gov/DocumentCenter/View/2750/2013-Concord-Annual-Town-Report-Page-3-PDF,atr_endpoint,endpoint
Concord,2013,https://concordma.gov/DocumentCenter/View/2751/2013-Concord-Annual-Town-Report-Page-4-PDF,atr_endpoint,endpoint
Foxborough,2020,https://www.foxboroughma.gov/UserFiles/Servers/Server_15207780/File/Departments/Administration/Annual Reports/Town Report 2020.pdf,atr_endpoint,endpoint
Foxborough,2018,https://www.foxboroughma.gov/UserFiles/Servers/Server_15207780/File/Departments/Administration/Annual Reports/Town Report 2018.pdf,atr_endpoint,endpoint
Foxborough,2016,https://www.foxboroughma.gov/UserFiles/Servers/Server_15207780/File/Departments/Administration/Annual Reports/Town Report 2016.pdf,atr_endpoint,endpoint
Foxborough,2015,https://www.foxboroughma.gov/UserFiles/Servers/Server_15207780/File/Departments/Administration/Annual Reports/Town Report 2015.pdf,atr_endpoint,endpoint
Foxborough,2014,https://www.foxboroughma.gov/UserFiles/Servers/Server_15207780/File/Departments/Administration/Annual Reports/Town Report 2014.pdf,atr_endpoint,endpoint
Spencer,2013,https://spencerma.gov/DocumentCenter/View/385/2013-Annual-Town-Report,atr_endpoint,endpoint
Spencer,2014,https://spencerma.gov/DocumentCenter/View/386/2014-Annual-Town-Report,atr_endpoint,endpoint
Spencer,2015,https://spencerma.gov/DocumentCenter/View/375/2015-Annual-Town-Report,atr_endpoint,endpoint
Spencer,2016,https://spencerma.gov/DocumentCenter/View/376/2016-Annual-Town-Report,atr_endpoint,endpoint
Spencer,2017,https://spencerma.gov/DocumentCenter/View/377/2017-Annual-Town-Report,atr_endpoint,endpoint
Spencer,2018,https://spencerma.gov/DocumentCenter/View/378/2018-Annual-Town-Report,atr_endpoint,endpoint
Spencer,2019,https://spencerma.gov/DocumentCenter/View/379/2019-Annual-Town-Report,atr_endpoint,endpoint
Spencer,2020,https://spencerma.gov/DocumentCenter/View/380/2020-Annual-Town-Report,atr_endpoint,endpoint
Pembroke,2007,https://www.pembroke-ma.gov/DocumentCenter/View/408/2007-Annual-Report,atr_endpoint,endpoint
Pembroke,2008,https://www.pembroke-ma.gov/DocumentCenter/View/409/2008-Annual-Report,atr_endpoint,endpoint
Pembroke,2009,https://www.pembroke-ma.gov/DocumentCenter/View/411/2009-Annual-Report,atr_endpoint,endpoint
Pembroke,2010,https://www.pembroke-ma.gov/DocumentCenter/View/412/2010-Annual-Report,atr_endpoint,endpoint
Pembroke,2011,https://www.pembroke-ma.gov/DocumentCenter/View/410/2011-Annual-Report,atr_endpoint,endpoint
Pembroke,2012,https://www.pembroke-ma.gov/DocumentCenter/View/413/2012-Annual-Report,atr_endpoint,endpoint
Pembroke,2013,https://www.pembroke-ma.gov/DocumentCenter/View/414/2013-Annual-Report,atr_endpoint,endpoint
Pembroke,2014,https://www.pembroke-ma.gov/DocumentCenter/View/415/2014-Annual-Report,atr_endpoint,endpoint
Pembroke,2015,https://www.pembroke-ma.gov/DocumentCenter/View/416/2015-Annual-Report,atr_endpoint,endpoint
Pembroke,2016,https://www.pembroke-ma.gov/DocumentCenter/View/417/2016-Annual-Report,atr_endpoint,endpoint
Pembroke,2017,https://www.pembroke-ma.gov/DocumentCenter/View/418/2017-Annual-Report,atr_endpoint,endpoint
Pembroke,2018,https://www.pembroke-ma.gov/DocumentCenter/View/419/2018-Annual-Report,atr_endpoint,endpoint
Pembroke,2019,https://www.pembroke-ma.gov/DocumentCenter/View/420/2019-Annual-Report,atr_endpoint,endpoint
Pembroke,2020,https://www.pembroke-ma.gov/DocumentCenter/View/421/2020-Annual-Report,atr_endpoint,endpoint
Lenox,2016,https://townoflenox.com/DocumentCenter/View/378/Annual-Town-Report-2016,atr_endpoint,endpoint
Lenox,2017,https://townoflenox.com/DocumentCenter/View/372/Annual-Town-Report-2017,atr_endpoint,endpoint
Lenox,2018,https://townoflenox.com/DocumentCenter/View/373/Annual-Town-Report-2018,atr_endpoint,endpoint
Lenox,2019,https://townoflenox.com/DocumentCenter/View/379/Annual-Town-Report-2019,atr_endpoint,endpoint
Lenox,2020,https://townoflenox.com/DocumentCenter/View/374/Annual-Town-Report-2020,atr_endpoint,endpoint
Wilbraham,2020,https://wilbraham-ma.gov/DocumentCenter/View/4293/Wilbraham-2020-ATR,atr_endpoint,endpoint
Wilbraham,2019,https://wilbraham-ma.gov/DocumentCenter/View/3473/Wilbraham-2019-ATR-web,atr_endpoint,endpoint
Wilbraham,2018,https://wilbraham-ma.gov/DocumentCenter/View/3057/2018-Annual-Report,atr_endpoint,endpoint
Wilbraham,2017,https://wilbraham-ma.gov/DocumentCenter/View/1902,atr_endpoint,endpoint
Wilbraham,2016,https://wilbraham-ma.gov/DocumentCenter/View/2191,atr_endpoint,endpoint
Wilbraham,2015,https://wilbraham-ma.gov/DocumentCenter/View/2005,atr_endpoint,endpoint
Wilbraham,2014,https://wilbraham-ma.gov/DocumentCenter/View/1499,atr_endpoint,endpoint
Wilbraham,2013,https://wilbraham-ma.gov/DocumentCenter/View/1075,atr_endpoint,endpoint
Wilbraham,2012,https://wilbraham-ma.gov/DocumentCenter/View/505,atr_endpoint,endpoint
Wilbraham,2011,https://wilbraham-ma.gov/DocumentCenter/View/211,atr_endpoint,endpoint
Wilbraham,2010,https://wilbraham-ma.gov/DocumentCenter/View/2006,atr_endpoint,endpoint
Wilbraham,2009,https://wilbraham-ma.gov/DocumentCenter/View/2004,atr_endpoint,endpoint
Millbury,2020,https://millburyma.gov/DocumentCenter/View/251/Annual-Town-Report---FY-2020,atr_endpoint,endpoint
Millbury,2019,https://millburyma.gov/DocumentCenter/View/250/Annual-Town-Report---FY-2019,atr_endpoint,endpoint
Millbury,2018,https://millburyma.gov/DocumentCenter/View/234/Annual-Town-Report---FY-2018,atr_endpoint,endpoint
Millbury,2017,https://millburyma.gov/DocumentCenter/View/237/Annual-Town-Report---FY-2017,atr_endpoint,endpoint
Millbury,2016,https://millburyma.gov/DocumentCenter/View/236/Annual-Town-Report---FY-2016,atr_endpoint,endpoint
Millbury,2015,https://millburyma.gov/DocumentCenter/View/235/Annual-Town-Report---FY-2015,atr_endpoint,endpoint
Millbury,2014,https://millburyma.gov/DocumentCenter/View/241/Annual-Town-Report---FY-2014,atr_endpoint,endpoint
Millbury,2013,https://millburyma.gov/DocumentCenter/View/240/Annual-Town-Report---FY-2013,atr_endpoint,endpoint
Millbury,2012,https://millburyma.gov/DocumentCenter/View/239/Annual-Town-Report---FY-2012,atr_endpoint,endpoint
Millbury,2011,https://millburyma.gov/DocumentCenter/View/238/Annual-Town-Report---FY-2011,atr_endpoint,endpoint
Millbury,2010,https://millburyma.gov/DocumentCenter/View/244/Annual-Town-Report---FY-2010,atr_endpoint,endpoint
Millbury,2009,https://millburyma.gov/DocumentCenter/View/243/Annual-Town-Report---FY-2009,atr_endpoint,endpoint
Millbury,2008,https://millburyma.gov/DocumentCenter/View/242/Annual-Town-Report---FY-2008,atr_endpoint,endpoint
Millbury,2007,https://millburyma.gov/DocumentCenter/View/245/Annual-Town-Report---FY-2007,atr_endpoint,endpoint
Millbury,2020,https://millburyma.gov/DocumentCenter/View/1815/Annual-Town-Report---FY-2020,atr_endpoint,endpoint
Millbury,2019,https://millburyma.gov/DocumentCenter/View/1814/Annual-Town-Report---FY-2019,atr_endpoint,endpoint
Millbury,2018,https://millburyma.gov/DocumentCenter/View/1813/Annual-Town-Report---FY-2018,atr_endpoint,endpoint
Millbury,2017,https://millburyma.gov/DocumentCenter/View/1810/Annual-Town-Report---FY-2017,atr_endpoint,endpoint
Millbury,2016,https://millburyma.gov/DocumentCenter/View/1812/Annual-Town-Report---FY-2016,atr_endpoint,endpoint
Millbury,2015,https://millburyma.gov/DocumentCenter/View/1811/Annual-Town-Report---FY-2015,atr_endpoint,endpoint
Millbury,2014,https://millburyma.gov/DocumentCenter/View/1809/Annual-Town-Report---FY-2014,atr_endpoint,endpoint
Millbury,2013,https://millburyma.gov/DocumentCenter/View/1808/Annual-Town-Report---FY-2013,atr_endpoint,endpoint
Millbury,2012,https://millburyma.gov/DocumentCenter/View/1807/Annual-Town-Report---FY-2012,atr_endpoint,endpoint
Millbury,2011,https://millburyma.gov/DocumentCenter/View/1806/Annual-Town-Report---FY-2011,atr_endpoint,endpoint
Millbury,2010,https://millburyma.gov/DocumentCenter/View/1805/Annual-Town-Report---FY-2010,atr_endpoint,endpoint
Millbury,2009,https://millburyma.gov/DocumentCenter/View/1804/Annual-Town-Report---FY-2009,atr_endpoint,endpoint
Millbury,2008,https://millburyma.gov/DocumentCenter/View/1803/Annual-Town-Report---FY-2008,atr_endpoint,endpoint
Millbury,2007,https://millburyma.gov/DocumentCenter/View/1802/Annual-Town-Report---FY-2007,atr_endpoint,endpoint
Pepperell,2020,https://town.pepperell.ma.us/DocumentCenter/View/6376/2020-Annual-Town-Report,atr_endpoint,endpoint
Pepperell,2019,https://town.pepperell.ma.us/DocumentCenter/View/6101/2019-Annual-Town-Report---Draft,atr_endpoint,endpoint
Pepperell,2018,https://town.pepperell.ma.us/DocumentCenter/View/4565/2018-Annual-Town-Report,atr_endpoint,endpoint
Pepperell,2017,http://town.pepperell.ma.us/DocumentCenter/View/3884/2017-Annual-Town-Report-,atr_endpoint,endpoint
Pepperell,2016,http://town.pepperell.ma.us/DocumentCenter/View/3489/-2016-Annual-Town-Report,atr_endpoint,endpoint
Whitman,2020,https://whitman-ma.gov/DocumentCenter/View/2567/2020-Annual-Town-Report,atr_endpoint,endpoint
Whitman,2019,https://whitman-ma.gov/DocumentCenter/View/2341/2019-Annual-Town-Report,atr_endpoint,endpoint
Whitman,2018,https://whitman-ma.gov/DocumentCenter/View/1867/2018-Annual-Town-Report,atr_endpoint,endpoint
Whitman,2017,https://whitman-ma.gov/DocumentCenter/View/1634/2017-Annual-Town-Report,atr_endpoint,endpoint
Whitman,2016,https://whitman-ma.gov/DocumentCenter/View/1158/2016-Annual-Town-Report,atr_endpoint,endpoint
Whitman,2015,https://whitman-ma.gov/DocumentCenter/View/824/2015-Annual-Town-Report,atr_endpoint,endpoint
Whitman,2014,https://whitman-ma.gov/DocumentCenter/View/510/2014-Annual-Town-Report,atr_endpoint,endpoint
Whitman,2013,https://whitman-ma.gov/DocumentCenter/View/462/2013-Annual-Town-Report,atr_endpoint,endpoint
Whitman,2012,https://whitman-ma.gov/DocumentCenter/View/461/2012-Annual-Town-Report,atr_endpoint,endpoint
Whitman,2011,https://whitman-ma.gov/DocumentCenter/View/460/2011-Annual-Town-Report,atr_endpoint,endpoint
Whitman,2010,https://whitman-ma.gov/DocumentCenter/View/459/2010-Annual-Town-Report,atr_endpoint,endpoint
Whitman,2009,https://whitman-ma.gov/DocumentCenter/View/458/2009-Annual-Town-Report,atr_endpoint,endpoint
Whitman,2008,https://whitman-ma.gov/DocumentCenter/View/457/2008-Annual-Town-Report,atr_endpoint,endpoint
Whitman,2007,https://whitman-ma.gov/DocumentCenter/View/456/2007-Annual-Town-Report,atr_endpoint,endpoint
Blackstone,2020,https://townofblackstone.org/DocumentCenter/View/1934/2020-Annual-Town-Report-PDF,atr_endpoint,endpoint
Blackstone,2019,https://townofblackstone.org/DocumentCenter/View/1933/2019-Annual-Town-Report-PDF,atr_endpoint,endpoint
Blackstone,2018,https://townofblackstone.org/DocumentCenter/View/1932/2018-Annual-Town-Report-PDF,atr_endpoint,endpoint
Blackstone,2017,https://townofblackstone.org/DocumentCenter/View/1931/2017-Annual-Town-Report-Cover-PDF,atr_endpoint,endpoint
Blackstone,2017,https://townofblackstone.org/DocumentCenter/View/1930/2017-Annual-Town-Report-PDF,atr_endpoint,endpoint
Blackstone,2016,https://townofblackstone.org/DocumentCenter/View/1929/2016-Annual-Town-Report-PDF,atr_endpoint,endpoint
Blackstone,2015,https://townofblackstone.org/DocumentCenter/View/1928/2015-Annual-Town-Report-PDF,atr_endpoint,endpoint
Blackstone,2014,https://townofblackstone.org/DocumentCenter/View/1927/2014-Annual-Town-Report-PDF,atr_endpoint,endpoint
Blackstone,2013,https://townofblackstone.org/DocumentCenter/View/1926/2013-Annual-Town-Report-PDF,atr_endpoint,endpoint
Blackstone,2012,https://townofblackstone.org/DocumentCenter/View/1925/2012-Annual-Town-Report-PDF,atr_endpoint,endpoint
Blackstone,2011,https://townofblackstone.org/DocumentCenter/View/1924/2011-Annual-Town-Report-PDF,atr_endpoint,endpoint
Blackstone,2010,https://townofblackstone.org/DocumentCenter/View/1923/2010-Annual-Town-Report-PDF,atr_endpoint,endpoint
Hopedale,2020,https://hopedale-ma.gov/DocumentCenter/View/955/FY20-Annual-Town-Report,atr_endpoint,endpoint
Hopedale,2019,https://hopedale-ma.gov/DocumentCenter/View/960/FY19-Annual-Town-Report,atr_endpoint,endpoint
Hopedale,2018,https://hopedale-ma.gov/DocumentCenter/View/959/FY18-Annual-Town-Report,atr_endpoint,endpoint
Hopedale,2017,https://hopedale-ma.gov/DocumentCenter/View/958/FY17-Annual-Town-Report,atr_endpoint,endpoint
Hopedale,2016,https://hopedale-ma.gov/DocumentCenter/View/961/FY16-Annual-Town-Report,atr_endpoint,endpoint
Belchertown,2020,https://www.belchertown.org/DocumentCenter/View/7963/2020-Annual-Town-Report-Belchertown-Part-1,atr_endpoint,endpoint
Belchertown,2020,https://www.belchertown.org/DocumentCenter/View/7964/2020-Annual-Town-Report-Belchertown-Part-2,atr_endpoint,endpoint
Belchertown,2019,https://www.belchertown.org/DocumentCenter/View/7962/2019-Annual-Town-Report-Belchertown,atr_endpoint,endpoint
Belchertown,2018,https://www.belchertown.org/DocumentCenter/View/7961/2018-Annual-Town-Report-Belchertown,atr_endpoint,endpoint
Belchertown,2017,https://www.belchertown.org/DocumentCenter/View/7960/2017-Annual-Town-Report-Belchertown,atr_endpoint,endpoint
Belchertown,2016,https://www.belchertown.org/DocumentCenter/View/7959/2016-Annual-Town-Report-Belchertown,atr_endpoint,endpoint
Belchertown,2015,https://www.belchertown.org/DocumentCenter/View/7958/2015-Annual-Town-Report-Belchertown,atr_endpoint,endpoint
Montague,2019,https://montague-ma.gov/files/ANNUAL_REPORT-YE2019_Cover.pdf,atr_endpoint,endpoint
Montague,2019,https://montague-ma.gov/files/ANNUAL_REPORT-YE2019_Table_of_Contents.pdf,atr_endpoint,endpoint
Montague,2019,https://montague-ma.gov/files/ANNUAL_REPORT-YE2019.pdf,atr_endpoint,endpoint
Montague,2020,https://montague-ma.gov/files/ANNUAL_REPORT_2020_-_FINAL-WEBSITE.pdf,atr_endpoint,endpoint
Montague,2020,https://montague-ma.gov/files/2020_CSO_Annual_Report.pdf,atr_endpoint,endpoint
Lunenburg,2020,https://lunenburgma.gov/DocumentCenter/View/4127/FY-2020-Annual-Town-Report,atr_endpoint,endpoint
Lunenburg,2019,https://lunenburgma.gov/DocumentCenter/View/4126/FY-2019-Annual-Town-Report,atr_endpoint,endpoint
Lunenburg,2018,https://lunenburgma.gov/DocumentCenter/View/4125/FY-2018-Annual-Town-Report,atr_endpoint,endpoint
Lunenburg,2017,https://lunenburgma.gov/DocumentCenter/View/4124/FY-2017-Annual-Town-Report,atr_endpoint,endpoint
Lunenburg,2016,https://lunenburgma.gov/DocumentCenter/View/4123/FY-2016-Annual-Town-Report,atr_endpoint,endpoint
Lunenburg,2016,https://lunenburgma.gov/DocumentCenter/View/4122/FY-2016-Annual-Town-Report-Addendum,atr_endpoint,endpoint
Lunenburg,2015,https://lunenburgma.gov/DocumentCenter/View/4121/FY-2015-Annual-Town-Report,atr_endpoint,endpoint
Lunenburg,2014,https://lunenburgma.gov/DocumentCenter/View/4120/FY-2014-Annual-Town-Report,atr_endpoint,endpoint
Lunenburg,2013,https://lunenburgma.gov/DocumentCenter/View/4119/FY-2013-Annual-Town-Report,atr_endpoint,endpoint
Lunenburg,2012,https://lunenburgma.gov/DocumentCenter/View/4118/FY-2012-Annual-Town-Report,atr_endpoint,endpoint
Lunenburg,2011,https://lunenburgma.gov/DocumentCenter/View/4117/FY-2011-Annual-Town-Report,atr_endpoint,endpoint
Rockland,2020,https://rockland-ma.gov/DocumentCenter/View/914,atr_endpoint,endpoint
Medway,2019,https://storage.googleapis.com/juniper-media-library/117/2024/08/franklin-medway_2019_annual_report.pdf,atr_endpoint,endpoint
Medway,2020,https://storage.googleapis.com/juniper-media-library/117/2024/08/2020_annual_town_report_final.pdf,atr_endpoint,endpoint
Medway,2020,https://storage.googleapis.com/juniper-media-library/117/2024/10/2020_annual_town_report_cover.pdf,atr_endpoint,endpoint
Medway,2020,https://storage.googleapis.com/juniper-media-library/117/2024/08/FY20 MS4 Annual Report.pdf,atr_endpoint,endpoint
Medway,2019,https://storage.googleapis.com/juniper-media-library/117/2024/08/FY19 MS4 Annual Report.pdf,atr_endpoint,endpoint
Medway,2020,https://storage.googleapis.com/juniper-media-library/117/2024/08/2020 Annual Report.pdf,atr_endpoint,endpoint
Medway,2019,https://storage.googleapis.com/juniper-media-library/117/2024/08/2019 Annual Report.pdf,atr_endpoint,endpoint
Medway,2020,https://storage.googleapis.com/juniper-media-library/117/2024/08/2020_annual_town_report_final-for_posting_to_website.pdf,atr_endpoint,endpoint
Medway,2019,https://storage.googleapis.com/juniper-media-library/117/2024/08/2019-annual-report_final.pdf,atr_endpoint,endpoint
Medway,2018,https://storage.googleapis.com/juniper-media-library/117/2024/08/2018_annual_town_report_for_web_posting.pdf,atr_endpoint,endpoint
Medway,2017,https://storage.googleapis.com/juniper-media-library/117/2024/08/2017_town_of_medway_annual_report_v4.pdf,atr_endpoint,endpoint
Medway,2016,https://storage.googleapis.com/juniper-media-library/117/2024/08/2016_annual_report.pdf,atr_endpoint,endpoint
Medway,2015,https://storage.googleapis.com/juniper-media-library/117/2024/08/annual-town-report_2015.pdf,atr_endpoint,endpoint
Medway,2014,https://storage.googleapis.com/juniper-media-library/117/2024/08/annual_town_report_final-revised_2014.pdf,atr_endpoint,endpoint
Medway,2013,https://storage.googleapis.com/juniper-media-library/117/2024/08/medway_annual_town_report_2013_revised.pdf,atr_endpoint,endpoint
Medway,2012,https://storage.googleapis.com/juniper-media-library/117/2024/08/combined2012_web.pdf,atr_endpoint,endpoint
Medway,2020,https://storage.googleapis.com/juniper-media-library/117/2024/12/State-of-the-Town_2020.pdf,atr_endpoint,endpoint
Medway,2019,https://storage.googleapis.com/juniper-media-library/117/2024/08/nov2019presentation.pdf,atr_endpoint,endpoint
Medway,2018,https://storage.googleapis.com/juniper-media-library/117/2024/08/state-of-the-town_ftm_11.19.18.pdf,atr_endpoint,endpoint
Medway,2017,https://storage.googleapis.com/juniper-media-library/117/2024/08/state-of-the-town_with-notes.pdf,atr_endpoint,endpoint
Medway,2016,https://storage.googleapis.com/juniper-media-library/117/2024/08/state-of-the-town (1).pdf,atr_endpoint,endpoint
Medway,2015,https://storage.googleapis.com/juniper-media-library/117/2024/08/state_of_the_town_2015.pdf,atr_endpoint,endpoint
Medway,2014,https://storage.googleapis.com/juniper-media-library/117/2024/08/state-of-the-town_2014.pdf,atr_endpoint,endpoint
Medway,2013,https://storage.googleapis.com/juniper-media-library/117/2024/08/2013_state_of_the_town_v5.pdf,atr_endpoint,endpoint
Wellfleet,2017,https://wellfleet-ma.gov/DocumentCenter/View/1720/2017-Annual-Report,atr_endpoint,endpoint
Wellfleet,2018,https://wellfleet-ma.gov/DocumentCenter/View/1734/2018-Annual-Report,atr_endpoint,endpoint
Wellfleet,2019,https://wellfleet-ma.gov/DocumentCenter/View/1759/2019-Annual-Report,atr_endpoint,endpoint
Wellfleet,2020,https://wellfleet-ma.gov/DocumentCenter/View/1760/2020_wsd_annual_report_long_versionpdf,atr_endpoint,endpoint
Wellfleet,2018,https://wellfleet-ma.gov/DocumentCenter/View/4361/2018-Annual-Report,atr_endpoint,endpoint
Wellfleet,2019,https://wellfleet-ma.gov/DocumentCenter/View/4362/2019-Annual-Report,atr_endpoint,endpoint
Wellfleet,2019,https://wellfleet-ma.gov/DocumentCenter/View/5320/Annual-Town-Report-2019,atr_endpoint,endpoint
Wellfleet,2018,https://wellfleet-ma.gov/DocumentCenter/View/5319/Annual-Town-Report-2018,atr_endpoint,endpoint
Wellfleet,2017,https://wellfleet-ma.gov/DocumentCenter/View/5318/Annual-Town-Report-2017,atr_endpoint,endpoint
Wellfleet,2016,https://wellfleet-ma.gov/DocumentCenter/View/5317/Annual-Town-Report-2016,atr_endpoint,endpoint
Wellfleet,2015,https://wellfleet-ma.gov/DocumentCenter/View/5316/Annual-Town-Report-2015,atr_endpoint,endpoint
Wellfleet,2014,https://wellfleet-ma.gov/DocumentCenter/View/5315/Annual-Town-Report-2014,atr_endpoint,endpoint
Wellfleet,2013,https://wellfleet-ma.gov/DocumentCenter/View/5314/Annual-Town-Report-2013,atr_endpoint,endpoint
Wellfleet,2012,https://wellfleet-ma.gov/DocumentCenter/View/5313/Annual-Town-Report-2012,atr_endpoint,endpoint
Wellfleet,2011,https://wellfleet-ma.gov/DocumentCenter/View/5312/Annual-Town-Report-2011,atr_endpoint,endpoint
Wellfleet,2010,https://wellfleet-ma.gov/DocumentCenter/View/5311/Annual-Town-Report-2010,atr_endpoint,endpoint
Topsfield,2007,https://www.topsfield-ma.gov/DocumentCenter/View/1550/2007-Annual-Reportpdf-file,atr_endpoint,endpoint
Topsfield,2008,https://www.topsfield-ma.gov/DocumentCenter/View/1551/2008-Annual-Report-pdf-file,atr_endpoint,endpoint
Topsfield,2009,https://www.topsfield-ma.gov/DocumentCenter/View/1552/2009-Annual-Report-pdf-file,atr_endpoint,endpoint
Topsfield,2010,https://www.topsfield-ma.gov/DocumentCenter/View/1553/2010-Annual-Report-pdf-file,atr_endpoint,endpoint
Topsfield,2011,https://www.topsfield-ma.gov/DocumentCenter/View/1554/2011-Annual-Report-pdf-file,atr_endpoint,endpoint
Topsfield,2012,https://www.topsfield-ma.gov/DocumentCenter/View/1555/2012-Annual-Report-pdf-file,atr_endpoint,endpoint
Topsfield,2013,https://www.topsfield-ma.gov/DocumentCenter/View/1556/2013-Annual-Report-pdf-file,atr_endpoint,endpoint
Topsfield,2014,https://www.topsfield-ma.gov/DocumentCenter/View/1557/2014-Annual-Report-pdf-file,atr_endpoint,endpoint
Topsfield,2015,https://www.topsfield-ma.gov/DocumentCenter/View/1558/2015-Annual-Report-pdf-File,atr_endpoint,endpoint
Topsfield,2016,https://www.topsfield-ma.gov/DocumentCenter/View/1559/2016-Annual-Report-pdf-file,atr_endpoint,endpoint
Topsfield,2017,https://www.topsfield-ma.gov/DocumentCenter/View/1560/2017-Annual-Report-pdf-file,atr_endpoint,endpoint
Topsfield,2019,https://www.topsfield-ma.gov/DocumentCenter/View/1561/2019-Annual-Report-pdf-file,atr_endpoint,endpoint
Topsfield,2020,https://www.topsfield-ma.gov/DocumentCenter/View/1562/2020-Annual-Report-pdf-file,atr_endpoint,endpoint
Monson,2002,https://monson-ma.gov/DocumentCenter/View/2486/Town-Report-2002,atr_endpoint,endpoint
Monson,2003,https://monson-ma.gov/DocumentCenter/View/2487/Town-Report-2003,atr_endpoint,endpoint
Monson,2004,https://monson-ma.gov/DocumentCenter/View/2488/Town-Report-2004,atr_endpoint,endpoint
Monson,2005,https://monson-ma.gov/DocumentCenter/View/2489/Town-Report-2005,atr_endpoint,endpoint
Monson,2006,https://monson-ma.gov/DocumentCenter/View/2490/Town-Report-2006,atr_endpoint,endpoint
Monson,2007,https://monson-ma.gov/DocumentCenter/View/2491/Town-Report-2007,atr_endpoint,endpoint
Monson,2008,https://monson-ma.gov/DocumentCenter/View/2492/Town-Report-2008,atr_endpoint,endpoint
Monson,2009,https://monson-ma.gov/DocumentCenter/View/2493/Town-Report-2009,atr_endpoint,endpoint
Monson,2010,https://monson-ma.gov/DocumentCenter/View/2494/Town-Report-2010,atr_endpoint,endpoint
Monson,2012,https://monson-ma.gov/DocumentCenter/View/2495/Town-Report-2012,atr_endpoint,endpoint
Monson,2013,https://monson-ma.gov/DocumentCenter/View/2496/Town-Report-2013,atr_endpoint,endpoint
Monson,2014,https://monson-ma.gov/DocumentCenter/View/2477/Town-Report-2014,atr_endpoint,endpoint
Monson,2015,https://monson-ma.gov/DocumentCenter/View/2478/Town-Report-2015,atr_endpoint,endpoint
Monson,2016,https://monson-ma.gov/DocumentCenter/View/2479/Town-Report-2016,atr_endpoint,endpoint
Monson,2017,https://monson-ma.gov/DocumentCenter/View/2480/Town-Report-2017,atr_endpoint,endpoint
Monson,2018,https://monson-ma.gov/DocumentCenter/View/2481/Town-Report-2018,atr_endpoint,endpoint
Monson,2019,https://monson-ma.gov/DocumentCenter/View/2482/Town-Report-2019,atr_endpoint,endpoint
Monson,2020,https://monson-ma.gov/DocumentCenter/View/2483/Town-Report-2020,atr_endpoint,endpoint
Gill,2007,https://gillmass.org/files/2007_Annual_Town_Report.pdf,atr_endpoint,endpoint
Gill,2006,https://gillmass.org/files/2006_Annual_Town_Report.pdf,atr_endpoint,endpoint
Gill,2009,https://gillmass.org/files/2009_Annual_Town_Report.pdf,atr_endpoint,endpoint
Gill,2005,https://gillmass.org/files/2005_Annual_Town_Report.pdf,atr_endpoint,endpoint
Templeton,2020,https://www.templetonma.gov/DocumentCenter/View/2422/Annual-Report-for-Fiscal-Year-2020-PDF,atr_endpoint,endpoint
Templeton,2019,https://www.templetonma.gov/DocumentCenter/View/2425/Annual-Report-for-Fiscal-Year-2019-PDF,atr_endpoint,endpoint
Templeton,2018,https://www.templetonma.gov/DocumentCenter/View/2423/Annual-Report-for-Fiscal-Year-2018-PDF,atr_endpoint,endpoint
Templeton,2017,https://www.templetonma.gov/DocumentCenter/View/2420/Annual-Report-for-Fiscal-Year-2017-PDF,atr_endpoint,endpoint
Templeton,2016,https://www.templetonma.gov/DocumentCenter/View/2421/Annual-Report-for-Fiscal-Year-2016-PDF,atr_endpoint,endpoint
Templeton,2015,https://www.templetonma.gov/DocumentCenter/View/2419/Annual-Report-for-Fiscal-Year-2015-PDF,atr_endpoint,endpoint
Templeton,2014,https://www.templetonma.gov/DocumentCenter/View/2418/Annual-Report-for-Fiscal-Year-2014-PDF,atr_endpoint,endpoint
Templeton,2013,https://www.templetonma.gov/DocumentCenter/View/2417/Annual-Report-for-Fiscal-Year-2013-PDF,atr_endpoint,endpoint
Templeton,2012,https://www.templetonma.gov/DocumentCenter/View/2416/Annual-Report-for-Fiscal-Year-2012-PDF,atr_endpoint,endpoint
Sunderland,2020,https://www.townofsunderland.us/DocumentCenter/View/320/Annual-Report-2020,atr_endpoint,endpoint
Sunderland,2019,https://www.townofsunderland.us/DocumentCenter/View/321/Annual-Report-2019,atr_endpoint,endpoint
Sunderland,2018,https://www.townofsunderland.us/DocumentCenter/View/329/Annual-Report-2018,atr_endpoint,endpoint
Sunderland,2017,https://www.townofsunderland.us/DocumentCenter/View/328/Annual-Report-2017,atr_endpoint,endpoint
Sunderland,2016,https://www.townofsunderland.us/DocumentCenter/View/327/Annual-Report-2016,atr_endpoint,endpoint
Sunderland,2015,https://www.townofsunderland.us/DocumentCenter/View/326/Annual-Report-2015,atr_endpoint,endpoint
Sunderland,2014,https://www.townofsunderland.us/DocumentCenter/View/325/Annual-Report-2014,atr_endpoint,endpoint
Sunderland,2013,https://www.townofsunderland.us/DocumentCenter/View/324/Annual-Report-2013,atr_endpoint,endpoint
Sunderland,2012,https://www.townofsunderland.us/DocumentCenter/View/323/Annual-Report-2012,atr_endpoint,endpoint
Sunderland,2011,https://www.townofsunderland.us/DocumentCenter/View/322/Annual-Report-2011,atr_endpoint,endpoint
Sunderland,2019,https://www.townofsunderland.us/DocumentCenter/View/388/_2019_not_final_changed_dedication_6620,atr_endpoint,endpoint
Sunderland,2020,https://www.townofsunderland.us/DocumentCenter/View/394/2020-ANNUAL-REPORT,atr_endpoint,endpoint
Hinsdale,2020,https://hinsdalemass.com/DocumentCenter/View/251/2020-Annual-Report,atr_endpoint,endpoint
Hinsdale,2019,https://hinsdalemass.com/DocumentCenter/View/250/2019-Annual-Report,atr_endpoint,endpoint
Hinsdale,2018,https://hinsdalemass.com/DocumentCenter/View/249/2018-Annual-Report,atr_endpoint,endpoint
Hinsdale,2017,https://hinsdalemass.com/DocumentCenter/View/248/2017-Annual-Report,atr_endpoint,endpoint
Hinsdale,2016,https://hinsdalemass.com/DocumentCenter/View/247/2016-Annual-Report,atr_endpoint,endpoint
Hinsdale,2015,https://hinsdalemass.com/DocumentCenter/View/246/2015-Annual-Report,atr_endpoint,endpoint
Hinsdale,2014,https://hinsdalemass.com/DocumentCenter/View/245/2014-Annual-Report,atr_endpoint,endpoint
Hinsdale,2013,https://hinsdalemass.com/DocumentCenter/View/244/2013-Annual-Report,atr_endpoint,endpoint
Hinsdale,2012,https://hinsdalemass.com/DocumentCenter/View/243/2012-Annual-Report,atr_endpoint,endpoint
Hinsdale,2011,https://hinsdalemass.com/DocumentCenter/View/242/2011-Annual-Report,atr_endpoint,endpoint
Hinsdale,2010,https://hinsdalemass.com/DocumentCenter/View/241/2010-Annual-Report,atr_endpoint,endpoint
Hinsdale,2009,https://hinsdalemass.com/DocumentCenter/View/240/2009-Annual-Report,atr_endpoint,endpoint
Hinsdale,2008,https://hinsdalemass.com/DocumentCenter/View/239/2008-Annual-Report,atr_endpoint,endpoint
Hinsdale,2007,https://hinsdalemass.com/DocumentCenter/View/292/2007-Annual-Report,atr_endpoint,endpoint
Hinsdale,2006,https://hinsdalemass.com/DocumentCenter/View/291/2006-Annual-Report,atr_endpoint,endpoint
Hinsdale,2005,https://hinsdalemass.com/DocumentCenter/View/290/2005-Annual-Report,atr_endpoint,endpoint
Hinsdale,2004,https://hinsdalemass.com/DocumentCenter/View/289/2004-Annual-Report,atr_endpoint,endpoint
Hinsdale,2003,https://hinsdalemass.com/DocumentCenter/View/288/2003-Annual-Report,atr_endpoint,endpoint
Hinsdale,2002,https://hinsdalemass.com/DocumentCenter/View/287/2002-Annual-Report,atr_endpoint,endpoint
Hinsdale,2001,https://hinsdalemass.com/DocumentCenter/View/286/2001-Annual-Report,atr_endpoint,endpoint
Hinsdale,2000,https://hinsdalemass.com/DocumentCenter/View/285/2000-Annual-Report,atr_endpoint,endpoint
Bolton,2020,https://www.bolton-ma.gov/DocumentCenter/View/404/2020-Annual-Town-Report,atr_endpoint,endpoint
Bolton,2019,https://www.bolton-ma.gov/DocumentCenter/View/403/2019-Annual-Town-Report,atr_endpoint,endpoint
Bolton,2018,https://www.bolton-ma.gov/DocumentCenter/View/401/2018-Annual-Town-Report-1-of-2,atr_endpoint,endpoint
Bolton,2018,https://www.bolton-ma.gov/DocumentCenter/View/402/2018-Annual-Town-Report-2-of-2,atr_endpoint,endpoint
Bolton,2017,https://www.bolton-ma.gov/DocumentCenter/View/399/2017-Annual-Town-Report-1-of-2,atr_endpoint,endpoint
Bolton,2017,https://www.bolton-ma.gov/DocumentCenter/View/400/2017-Annual-Town-Report-2-of-2,atr_endpoint,endpoint
Bolton,2016,https://www.bolton-ma.gov/DocumentCenter/View/395/2016-Annual-Town-Report-Part-1-of-4,atr_endpoint,endpoint
Bolton,2016,https://www.bolton-ma.gov/DocumentCenter/View/396/2016-Annual-Town-Report-Part-2-of-4,atr_endpoint,endpoint
Bolton,2016,https://www.bolton-ma.gov/DocumentCenter/View/397/2016-Annual-Town-Report-Part-3-of-4,atr_endpoint,endpoint
Bolton,2016,https://www.bolton-ma.gov/DocumentCenter/View/398/2016-Annual-Town-Report-Part-4-of-4,atr_endpoint,endpoint
Marion,2020,https://marionma.gov/DocumentCenter/View/563/Year-2-Annual-Report-July-2019---June-2020,atr_endpoint,endpoint
Clarksburg,2020,http://www.clarksburgma.gov/specMedia/Clarksburg-Annual-Report-FY-2020.pdf,atr_endpoint,endpoint
Clarksburg,2019,http://www.clarksburgma.gov/specMedia/Clarksburg-Annual-Report-FY-19.pdf,atr_endpoint,endpoint
Clarksburg,2018,http://www.clarksburgma.gov/specMedia/2018AnnualReport_web.pdf,atr_endpoint,endpoint
Clarksburg,2017,http://www.clarksburgma.gov/specMedia/2017-Annual-Report.pdf,atr_endpoint,endpoint
Clarksburg,2020,https://clarksburgma.gov/specMedia/Clarksburg-Annual-Report-FY-2020.pdf,atr_endpoint,endpoint
Clarksburg,2019,https://clarksburgma.gov/specMedia/Clarksburg-Annual-Report-FY-19.pdf,atr_endpoint,endpoint
Clarksburg,2018,https://clarksburgma.gov/specMedia/2018AnnualReport_web.pdf,atr_endpoint,endpoint
Clarksburg,2017,https://clarksburgma.gov/specMedia/2017-Annual-Report.pdf,atr_endpoint,endpoint
Colrain,2018,https://colrain-ma.gov/files/Colrain_2018_Annual_Report.pdf,atr_endpoint,endpoint
Colrain,2019,https://colrain-ma.gov/files/Colrain_2019_Annual_Report.pdf,atr_endpoint,endpoint
Colrain,2017,https://colrain-ma.gov/files/Colrain_2017_Annual_Report.pdf,atr_endpoint,endpoint
Colrain,2013,https://colrain-ma.gov/files/Colrain_2013_Annual_Report.pdf,atr_endpoint,endpoint
Colrain,2014,https://colrain-ma.gov/files/Colrain_2014_Annual_Report.pdf,atr_endpoint,endpoint
Colrain,2020,https://colrain-ma.gov/files/Colrain_2020_Annual_Report.pdf,atr_endpoint,endpoint
Colrain,2018,https://colrain-ma.gov/news/newsfile_264_Colrain_2018_Annual_Report.pdf,atr_endpoint,endpoint
Dighton,2020,https://dighton-ma.gov/DocumentCenter/View/1581,atr_endpoint,endpoint
Shelburne,2017,https://townofshelburnema.gov/files/2017_Open_Space_annual_report.pdf,atr_endpoint,endpoint
Shelburne,2016,https://townofshelburnema.gov/files/2016_Open_Space_annual_report.pdf,atr_endpoint,endpoint
Shelburne,2015,https://townofshelburnema.gov/files/2015_Open_Space_annual_report.pdf,atr_endpoint,endpoint
Shelburne,2018,https://townofshelburnema.gov/files/2018_Open_Space_annual_report.pdf,atr_endpoint,endpoint
Shelburne,2019,https://townofshelburnema.gov/files/2019_Open_Space_annual_report.pdf,atr_endpoint,endpoint
Shelburne,2020,https://townofshelburnema.gov/files/SHA_FY_2020_Annual_Report.pdf,atr_endpoint,endpoint
Shelburne,2020,https://townofshelburnema.gov/files/2020_Open_Space_annual_report.pdf,atr_endpoint,endpoint
Mattapoisett,2017,https://www.mattapoisett.gov/DocumentCenter/View/2558/2017-Town-Report-PDF,atr_endpoint,endpoint
Mattapoisett,2018,https://www.mattapoisett.gov/DocumentCenter/View/2557/2018-Town-Report-PDF,atr_endpoint,endpoint
Mattapoisett,2019,https://www.mattapoisett.gov/DocumentCenter/View/2556/2019-Town-Report-PDF,atr_endpoint,endpoint
Mattapoisett,2015,https://www.mattapoisett.gov/DocumentCenter/View/645/Complete-2015-Annual-Town-Report-All-Pages-PDF,atr_endpoint,endpoint
Mattapoisett,2016,https://www.mattapoisett.gov/DocumentCenter/View/667/Complete-2016-Annual-Town-Report-Document-for-Mattapoisett-PDF,atr_endpoint,endpoint
Chatham,2007,https://chatham-ma.gov/DocumentCenter/View/1729/2007-Annual-Town-Report-PDF,atr_endpoint,endpoint
Chatham,2008,https://chatham-ma.gov/DocumentCenter/View/1728/2008-Annual-Town-Report-PDF,atr_endpoint,endpoint
Chatham,2009,https://chatham-ma.gov/DocumentCenter/View/1727/2009-Annual-Town-Report-PDF,atr_endpoint,endpoint
Chatham,2010,https://chatham-ma.gov/DocumentCenter/View/1726/2010-Annual-Town-Report-PDF,atr_endpoint,endpoint
Chatham,2011,https://chatham-ma.gov/DocumentCenter/View/1724/2011-Annual-Town-Report-PDF,atr_endpoint,endpoint
Chatham,2012,https://chatham-ma.gov/DocumentCenter/View/1725/2012-Annual-Town-Report-PDF,atr_endpoint,endpoint
Chatham,2013,https://chatham-ma.gov/DocumentCenter/View/1722/2013-Annual-Town-Report-PDF,atr_endpoint,endpoint
Chatham,2014,https://chatham-ma.gov/DocumentCenter/View/1723/2014-Annual-Town-Report-PDF,atr_endpoint,endpoint
Chatham,2015,https://chatham-ma.gov/DocumentCenter/View/1721/2015-Annual-Town-Report-PDF,atr_endpoint,endpoint
Chatham,2016,https://chatham-ma.gov/DocumentCenter/View/1716/2016-Annual-Town-Report-PDF,atr_endpoint,endpoint
Chatham,2017,https://chatham-ma.gov/DocumentCenter/View/1717/2017-Annual-Town-Report-PDF,atr_endpoint,endpoint
Chatham,2018,https://chatham-ma.gov/DocumentCenter/View/1719/2018-Annual-Town-Report-PDF,atr_endpoint,endpoint
Chatham,2019,https://chatham-ma.gov/DocumentCenter/View/1718/2019-Annual-Town-Report-PDF,atr_endpoint,endpoint
Chatham,2020,https://chatham-ma.gov/DocumentCenter/View/3507/2020-Annual-Town-Report-PDF,atr_endpoint,endpoint
Blandford,2017,https://townofblandford.gov/wp-content/uploads/2017/04/ANNUAL-TOWN-REPORT-2016-2017-final.pdf,atr_endpoint,endpoint
Blandford,2018,https://townofblandford.gov/wp-content/uploads/2018/04/annual-town-report-2017-2018-final.pdf,atr_endpoint,endpoint
Blandford,2019,https://townofblandford.gov/wp-content/uploads/2019/04/annual-town-report-2019.pdf,atr_endpoint,endpoint
Blandford,2020,https://townofblandford.gov/wp-content/uploads/2020/06/annual-town-report-2019-2020.pdf,atr_endpoint,endpoint
Blandford,2014,https://townofblandford.gov/wp-content/uploads/2016/04/report2013-2014.pdf,atr_endpoint,endpoint
Blandford,2015,https://townofblandford.gov/wp-content/uploads/2016/04/report2014-2015.pdf,atr_endpoint,endpoint
Blandford,2016,https://townofblandford.gov/wp-content/uploads/2016/05/Annual-Town-Report-2015-2016-web.pdf,atr_endpoint,endpoint
Blandford,2013,https://townofblandford.gov/wp-content/uploads/2016/04/report2012-2013.pdf,atr_endpoint,endpoint
Blandford,2012,https://townofblandford.gov/wp-content/uploads/2016/04/report2011-2012.pdf,atr_endpoint,endpoint
Blandford,2011,https://townofblandford.gov/wp-content/uploads/2016/04/report2010-2011.pdf,atr_endpoint,endpoint
Blandford,2010,https://townofblandford.gov/wp-content/uploads/2016/04/report2009-2010.pdf,atr_endpoint,endpoint
Blandford,2009,https://townofblandford.gov/wp-content/uploads/2016/04/report2008-2009.pdf,atr_endpoint,endpoint
Blandford,2007,https://townofblandford.gov/wp-content/uploads/2016/04/report2006-2007.pdf,atr_endpoint,endpoint
Blandford,2006,https://townofblandford.gov/wp-content/uploads/2016/04/report2005-2006.pdf,atr_endpoint,endpoint
Blandford,2005,https://townofblandford.gov/wp-content/uploads/2016/04/report2004-2005.pdf,atr_endpoint,endpoint
Blandford,2004,https://townofblandford.gov/wp-content/uploads/2016/04/report2003-2004.pdf,atr_endpoint,endpoint
Blandford,2002,https://townofblandford.gov/wp-content/uploads/2016/04/report2001-2002.pdf,atr_endpoint,endpoint
Royalston,2014,https://www.royalston-ma.gov/DocumentCenter/View/447/FY-2014-Annual-Report,atr_endpoint,endpoint
Royalston,2016,https://www.royalston-ma.gov/DocumentCenter/View/446/FY-2016-Annual-Report,atr_endpoint,endpoint
Royalston,2017,https://www.royalston-ma.gov/DocumentCenter/View/445/FY-2017-Annual-Report,atr_endpoint,endpoint
Chester,2020,https://townofchester.net/wp-content/uploads/2021/04/Town-of-Chester-Annual-Report-FY19-20.pdf,atr_endpoint,endpoint
Chester,2019,https://townofchester.net/wp-content/uploads/2019/05/Chester-town-report-2019.pdf,atr_endpoint,endpoint
Ashby,2001,https://drive.google.com/drive/u/0/folders/1K-DbMmxgUx7psiYvfFz439SV9YGCDv7A,atr_endpoint,endpoint
Ashby,2002,https://drive.google.com/drive/u/0/folders/1yGQEMYMySr0FrNb72C9HP4d5i8_z-nJL,atr_endpoint,endpoint
Ashby,2003,https://drive.google.com/drive/u/0/folders/1GJ0ZcfiV0eYpQXWZubDFafEOIVItJKRm,atr_endpoint,endpoint
Ashby,2004,https://drive.google.com/drive/u/0/folders/1xbXKcCFxc6N4vzx-8avNOfsGw3ljIUq0,atr_endpoint,endpoint
Ashby,2005,https://drive.google.com/drive/u/0/folders/13SupZai2f7mRh9CXNP_cyIg27zJVSp1c,atr_endpoint,endpoint
Ashby,2006,https://drive.google.com/drive/u/0/folders/10kfkHwhyiDWwEnnahp-Fs6lKRKY0t0hO,atr_endpoint,endpoint
Ashby,2007,https://drive.google.com/drive/u/0/folders/1VG33gVOvYEWOpwlHg8zx-Utm-o2uIiRE,atr_endpoint,endpoint
Ashby,2008,https://drive.google.com/open?id=1C44h8Xggmv5z72lxCU_W-8fXZXUoJSs5,atr_endpoint,endpoint
Ashby,2009,https://drive.google.com/open?id=1-VGAI7Z2ZmQMPom_ZVzk_KeL4TFn9PKh,atr_endpoint,endpoint
Ashby,2010,https://drive.google.com/open?id=1u92bjzMnpI9rCiRXnUkWVQVpIT0s9mhs,atr_endpoint,endpoint
Ashby,2011,https://drive.google.com/open?id=1CAJCiSRSz6K_ITnehI9IK731WaMjHcYF,atr_endpoint,endpoint
Ashby,2012,https://drive.google.com/open?id=1a9uVZbwEXbmxzHWKkWgd9EPPtEra-YhR,atr_endpoint,endpoint
Ashby,2013,https://drive.google.com/open?id=15NIKRH7H7bXSTPpzpkh6kd6Qg1nNeAaO,atr_endpoint,endpoint
Ashby,2014,https://drive.google.com/open?id=1-XKojlgkACWhTtu8DSCmtuDxPStZaGmG,atr_endpoint,endpoint
Ashby,2015,https://drive.google.com/open?id=1g2a_F4HUT93cUS6QEeKYkatoswGP-f8r,atr_endpoint,endpoint
Ashby,2016,https://drive.google.com/open?id=1XanfKbosOJPt4bXeqmdmGJ57ljDa7Nzu,atr_endpoint,endpoint
Ashby,2017,https://drive.google.com/open?id=1LiQ66ZSWNTqu0IYx2_1zi5VOqb6Y-gaX,atr_endpoint,endpoint
Ashby,2018,https://drive.google.com/open?id=14980u53JhBc6a-CXrJ5yZhz2cdB8zhp-,atr_endpoint,endpoint
Ashby,2019,https://drive.google.com/open?id=1chSX5iqruKZpaqrBLcBODARLgMZScxHa,atr_endpoint,endpoint
Ashby,2020,https://drive.google.com/file/d/1dKWQzsGo7-S6wttWTAhjaEwA9757RH43/view?usp=sharing,atr_endpoint,endpoint
Charlemont,2020,https://charlemont-ma.us/files/CharlemontTownReportForYearEnding2020.pdf,atr_endpoint,endpoint
Charlemont,2018,https://charlemont-ma.us/files/CharlemontTownReportForYearEnding2018.pdf,atr_endpoint,endpoint
Charlemont,2017,https://charlemont-ma.us/files/CharlemontTownReportForYearEnding2017.pdf,atr_endpoint,endpoint
Goshen,2017,https://storage.googleapis.com/proudcity/goshenma/uploads/2018/06/Goshen-2017-Annual-Report.pdf,atr_endpoint,endpoint
Goshen,2020,https://storage.googleapis.com/proudcity/goshenma/uploads/2021/06/Annual-Town-Report-2020.pdf,atr_endpoint,endpoint
Granville,2019,https://www.granville-ma.gov/DocumentCenter/View/349/Annual-Town-Report-2019,atr_endpoint,endpoint
Granville,2018,https://www.granville-ma.gov/DocumentCenter/View/354/Annual-Town-Report-2018,atr_endpoint,endpoint
Granville,2017,https://www.granville-ma.gov/DocumentCenter/View/353/Annual-Town-Report-2017,atr_endpoint,endpoint
Granville,2016,https://www.granville-ma.gov/DocumentCenter/View/352/Annual-Town-Report-2016,atr_endpoint,endpoint
Granville,2015,https://www.granville-ma.gov/DocumentCenter/View/351/Annual-Town-Report-2015,atr_endpoint,endpoint
Granville,2014,https://www.granville-ma.gov/DocumentCenter/View/350/Annual-Town-Report-2014,atr_endpoint,endpoint
Granville,2013,https://www.granville-ma.gov/DocumentCenter/View/360/Annual-Town-Report-2013,atr_endpoint,endpoint
Granville,2012,https://www.granville-ma.gov/DocumentCenter/View/359/Annual-Town-Report-2012,atr_endpoint,endpoint
Granville,2011,https://www.granville-ma.gov/DocumentCenter/View/361/Annual-Town-Report-2011,atr_endpoint,endpoint
Granville,2010,https://www.granville-ma.gov/DocumentCenter/View/362/Annual-Town-Report-2010,atr_endpoint,endpoint
Granville,2009,https://www.granville-ma.gov/DocumentCenter/View/347/Annual-Town-Report-2009,atr_endpoint,endpoint
Granville,2008,https://www.granville-ma.gov/DocumentCenter/View/348/Annual-Town-Report-2008,atr_endpoint,endpoint
Needham,2020,https://needhamma.gov/DocumentCenter/View/22132,atr_endpoint,endpoint
Needham,2019,https://needhamma.gov/DocumentCenter/View/20161,atr_endpoint,endpoint
Needham,2020,https://needhamma.gov/DocumentCenter/View/22133,atr_endpoint,endpoint
Needham,2019,https://needhamma.gov/DocumentCenter/View/20163,atr_endpoint,endpoint
Needham,2020,https://needhamma.gov/DocumentCenter/View/24018/,atr_endpoint,endpoint
Needham,2019,https://needhamma.gov/DocumentCenter/View/21859,atr_endpoint,endpoint
Needham,2018,https://needhamma.gov/DocumentCenter/View/20195,atr_endpoint,endpoint
Needham,2017,https://needhamma.gov/DocumentCenter/View/62363,atr_endpoint,endpoint
Needham,2016,https://needhamma.gov/DocumentCenter/View/62362,atr_endpoint,endpoint
Needham,2015,https://needhamma.gov/DocumentCenter/View/13534,atr_endpoint,endpoint
Needham,2014,https://needhamma.gov/DocumentCenter/View/11588,atr_endpoint,endpoint
Needham,2013,https://needhamma.gov/DocumentCenter/View/9767,atr_endpoint,endpoint
Needham,2012,https://needhamma.gov/DocumentCenter/View/8197,atr_endpoint,endpoint
Needham,2011,https://needhamma.gov/DocumentCenter/View/4231,atr_endpoint,endpoint
Needham,2010,https://needhamma.gov/DocumentCenter/View/3765,atr_endpoint,endpoint
Needham,2009,https://needhamma.gov/DocumentCenter/View/2927,atr_endpoint,endpoint
Needham,2008,https://needhamma.gov/DocumentCenter/View/2485,atr_endpoint,endpoint
Brookfield,2020,https://www.brookfieldma.us/wp-content/uploads/2026/01/brookfield_2020_tr-web_copy.pdf,atr_endpoint,endpoint
Brookfield,2019,https://www.brookfieldma.us/wp-content/uploads/2026/01/final_red_draft_atr_2019.pdf,atr_endpoint,endpoint
Brookfield,2018,https://www.brookfieldma.us/wp-content/uploads/2026/01/final_red_draft_atr_2018.pdf,atr_endpoint,endpoint
Brookfield,2017,https://www.brookfieldma.us/wp-content/uploads/2026/01/final_red_draft_atr_2017.pdf,atr_endpoint,endpoint
Brookfield,2015,https://www.brookfieldma.us/wp-content/uploads/2026/01/annual_report_2015.pdf,atr_endpoint,endpoint
Brookfield,2014,https://www.brookfieldma.us/wp-content/uploads/2026/01/2014townreport.pdf,atr_endpoint,endpoint
Brookfield,2010,https://www.brookfieldma.us/wp-content/uploads/2026/01/brookfield-2010.pdf,atr_endpoint,endpoint
Brookfield,2009,https://www.brookfieldma.us/wp-content/uploads/2026/01/20091231_annual_report_2009.pdf,atr_endpoint,endpoint
Brookfield,2008,https://www.brookfieldma.us/wp-content/uploads/2026/01/20081231_annual_report_2008.pdf,atr_endpoint,endpoint
Brookfield,2007,https://www.brookfieldma.us/wp-content/uploads/2026/01/20071231_annual_report_2007.pdf,atr_endpoint,endpoint
Brookfield,2006,https://www.brookfieldma.us/wp-content/uploads/2026/01/20061231_annual_report_2006.pdf,atr_endpoint,endpoint
Brookfield,2005,https://www.brookfieldma.us/wp-content/uploads/2026/01/20051231_annual_report_2005.pdf,atr_endpoint,endpoint
Brookfield,2004,https://www.brookfieldma.us/wp-content/uploads/2026/01/20041231_annual_report_2004.pdf,atr_endpoint,endpoint
Groton,2020,https://portal.grotonma.gov/storage/Town_Reports/2020_Annual_Report.pdf,atr_endpoint,endpoint
Groton,2019,https://portal.grotonma.gov/storage/Town_Reports/2019_Annual_Report.pdf,atr_endpoint,endpoint
Groton,2018,https://portal.grotonma.gov/storage/Town_Reports/2018_Annual_Report.pdf,atr_endpoint,endpoint
Groton,2017,https://portal.grotonma.gov/storage/Town_Reports/2017_Annual_Report.pdf,atr_endpoint,endpoint
Groton,2016,https://portal.grotonma.gov/storage/Town_Reports/2016_Annual_Report.pdf,atr_endpoint,endpoint
Groton,2015,https://portal.grotonma.gov/storage/Town_Reports/2015_Annual_Report.pdf,atr_endpoint,endpoint
Groton,2014,https://portal.grotonma.gov/storage/Town_Reports/2014_Annual_Report.pdf,atr_endpoint,endpoint
Groton,2013,https://portal.grotonma.gov/storage/Town_Reports/2013_Annual_Report.pdf,atr_endpoint,endpoint
Groton,2012,https://portal.grotonma.gov/storage/Town_Reports/2012_Annual_Report.pdf,atr_endpoint,endpoint
Groton,2011,https://portal.grotonma.gov/storage/Town_Reports/2011_Annual_Report.pdf,atr_endpoint,endpoint
Groton,2010,https://portal.grotonma.gov/storage/Town_Reports/2010_Annual_Report.pdf,atr_endpoint,endpoint
Berlin,2016,https://townofberlin.com/DocumentCenter/View/1155/2016-Annual-Town-Report-Scanned-Version,atr_endpoint,endpoint
Berlin,2017,https://townofberlin.com/DocumentCenter/View/1156/2017-Annual-Town-Reports,atr_endpoint,endpoint
Berlin,2018,https://townofberlin.com/DocumentCenter/View/1157/2018-Annual-Town-Reports,atr_endpoint,endpoint
Berlin,2019,https://townofberlin.com/DocumentCenter/View/1158/2019-Annual-Town-Report,atr_endpoint,endpoint
Berlin,2020,https://townofberlin.com/DocumentCenter/View/1159/2020-Annual-Town-Report,atr_endpoint,endpoint
Wellesley,2020,https://wellesleyma.gov/DocumentCenter/View/24242/SEC-Annual-Report-FY20-PDF,atr_endpoint,endpoint
Wellesley,2019,https://wellesleyma.gov/DocumentCenter/View/24241/SEC-Annual-Report-2019-PDF,atr_endpoint,endpoint
Wellesley,2018,https://wellesleyma.gov/DocumentCenter/View/13173/SEC-Annual-Report-FY18-PDF,atr_endpoint,endpoint
Wellesley,2017,https://wellesleyma.gov/DocumentCenter/View/9759/SEC-Annual-Report-FY17-PDF,atr_endpoint,endpoint
Wellesley,2016,https://wellesleyma.gov/DocumentCenter/View/9758/SEC-Annual-Report-FY16-PDF,atr_endpoint,endpoint
Wellesley,2020,https://wellesleyma.gov/DocumentCenter/View/24193/Morses-Pond-annual-report-2020-,atr_endpoint,endpoint
Wellesley,2019,https://wellesleyma.gov/DocumentCenter/View/18752/Morses-Pond-annual-report-2019,atr_endpoint,endpoint
Wellesley,2018,https://wellesleyma.gov/DocumentCenter/View/13648/Morses-Pond-2018-Annual-Report-PDF,atr_endpoint,endpoint
Wellesley,2017,https://wellesleyma.gov/DocumentCenter/View/8843/Morses-Pond-2017-Annual-Report-PDF,atr_endpoint,endpoint
Wellesley,2016,https://wellesleyma.gov/DocumentCenter/View/7952/Morses-Pond-2016-Annual-Report-PDF,atr_endpoint,endpoint
Wellesley,2015,https://wellesleyma.gov/DocumentCenter/View/7905/Morses-Pond-2015-Annual-Report-PDF,atr_endpoint,endpoint
Wellesley,2014,https://wellesleyma.gov/DocumentCenter/View/7904/Morses-Pond-2014-Annual-Report-PDF,atr_endpoint,endpoint
Wellesley,2013,https://wellesleyma.gov/DocumentCenter/View/7903/Morses-Pond-2013-Annual-Report-PDF,atr_endpoint,endpoint
Wellesley,2012,https://wellesleyma.gov/DocumentCenter/View/7902/Morses-Pond-2012-Annual-Report-PDF,atr_endpoint,endpoint
Wellesley,2011,https://wellesleyma.gov/DocumentCenter/View/7901/Morses-Pond-2011-Annual-Report-PDF,atr_endpoint,endpoint
Wellesley,2010,https://wellesleyma.gov/DocumentCenter/View/7900/Morses-Pond-2010-Annual-Report-PDF,atr_endpoint,endpoint
Natick,2014,https://natickma.gov/DocumentCenter/View/2143/2014-Annual-Report,atr_endpoint,endpoint
Natick,2015,https://natickma.gov/DocumentCenter/View/3404/2015-Annual-Report-Board-of-Health,atr_endpoint,endpoint
Natick,2016,https://natickma.gov/DocumentCenter/View/5135/2016-Annual-Report-Board-of-Health,atr_endpoint,endpoint
Natick,2017,https://natickma.gov/DocumentCenter/View/6757/2017-Annual-Report-Board-of-Health,atr_endpoint,endpoint
Natick,2018,https://natickma.gov/DocumentCenter/View/8077/2018-Annual-Report-Board-of-Health,atr_endpoint,endpoint
Natick,2019,https://natickma.gov/DocumentCenter/View/10140/2019-Annual-Report-Board-of-Health,atr_endpoint,endpoint
Natick,2020,https://natickma.gov/DocumentCenter/View/11087/2020-ANNUAL-REPORT-BOARD-OF-HEALTH,atr_endpoint,endpoint
Natick,2019,https://natickma.gov/DocumentCenter/View/10624/2019-Annual-Town-Report,atr_endpoint,endpoint
Natick,2018,https://natickma.gov/DocumentCenter/View/10073/2018-Annual-Town-Report,atr_endpoint,endpoint
Natick,2017,https://natickma.gov/DocumentCenter/View/6558,atr_endpoint,endpoint
Natick,2016,https://natickma.gov/DocumentCenter/View/5587,atr_endpoint,endpoint
Natick,2015,https://natickma.gov/DocumentCenter/View/4263,atr_endpoint,endpoint
Natick,2020,https://natickma.gov/DocumentCenter/View/11430/2020-Annual-Town-Report,atr_endpoint,endpoint
Natick,2014,https://natickma.gov/DocumentCenter/View/2208/2014---Introduction-Town-Reports-and-Board-and-Committee-Reports,atr_endpoint,endpoint
Natick,2013,https://natickma.gov/DocumentCenter/View/1233/2013-----Introduction-Town-Reports-and-Board-and-Committee-Reports,atr_endpoint,endpoint
Walpole,2020,https://walpole-ma.gov/DocumentCenter/View/2582/Town-Report-2020,atr_endpoint,endpoint
Walpole,2019,https://walpole-ma.gov/DocumentCenter/View/2585/Town-Report-2019,atr_endpoint,endpoint
Walpole,2018,https://walpole-ma.gov/DocumentCenter/View/2584/Town-Report-2018,atr_endpoint,endpoint
Walpole,2017,https://walpole-ma.gov/DocumentCenter/View/2587/Town-Report-2017,atr_endpoint,endpoint
Walpole,2016,https://walpole-ma.gov/DocumentCenter/View/2586/Town-Report-2016,atr_endpoint,endpoint
Walpole,2015,https://walpole-ma.gov/DocumentCenter/View/2589/Town-Report-2015,atr_endpoint,endpoint
Walpole,2014,https://walpole-ma.gov/DocumentCenter/View/2588/Town-Report-2014,atr_endpoint,endpoint
Walpole,2013,https://walpole-ma.gov/DocumentCenter/View/2577/Town-Report-2013,atr_endpoint,endpoint
Walpole,2012,https://walpole-ma.gov/DocumentCenter/View/2576/Town-Report-2012,atr_endpoint,endpoint
Walpole,2011,https://walpole-ma.gov/DocumentCenter/View/2575/Town-Report-2011,atr_endpoint,endpoint
Walpole,2010,https://walpole-ma.gov/DocumentCenter/View/2590/Town-Report-2010,atr_endpoint,endpoint
Dover,2019,https://doverma.gov/DocumentCenter/View/875/Dover_Town_Report_2019_ALL-PAGES,atr_endpoint,endpoint
New Ashford,2020,https://www.newashford-ma.us/wp-content/uploads/2020/06/TownReport2020-3-1.pdf,atr_endpoint,endpoint
Falmouth,2020,https://www.falmouthma.gov/DocumentCenter/View/9013/2020-HUMAN-SERVICES-DEPT-ANNUAL-REPORT,atr_endpoint,endpoint
Falmouth,2019,https://www.falmouthma.gov/DocumentCenter/View/6678/2019-HUMAN-SERVICES-DEPT-ANNUAL-REPORT,atr_endpoint,endpoint
Falmouth,2018,https://www.falmouthma.gov/DocumentCenter/View/5905/FY18-Annual-Report,atr_endpoint,endpoint
Falmouth,2017,https://www.falmouthma.gov/DocumentCenter/View/17495/2017-HUMAN-SERVICES-DEPT-ANNUAL-REPORT-ABBREVIATED-FINAL,atr_endpoint,endpoint
Falmouth,2016,https://www.falmouthma.gov/DocumentCenter/View/2073/2016-Human-Services-Town-Report,atr_endpoint,endpoint
Falmouth,2015,https://www.falmouthma.gov/DocumentCenter/View/17497/FY15Annual-Report,atr_endpoint,endpoint
Falmouth,2014,https://www.falmouthma.gov/DocumentCenter/View/17498/FY14Annual-Report,atr_endpoint,endpoint
Falmouth,2020,https://www.falmouthma.gov/DocumentCenter/View/9003,atr_endpoint,endpoint
Falmouth,2019,https://www.falmouthma.gov/DocumentCenter/View/6828,atr_endpoint,endpoint
Falmouth,2018,https://www.falmouthma.gov/DocumentCenter/View/5626,atr_endpoint,endpoint
Falmouth,2017,https://www.falmouthma.gov/DocumentCenter/View/4376,atr_endpoint,endpoint
Falmouth,2016,https://www.falmouthma.gov/DocumentCenter/View/3139,atr_endpoint,endpoint
