municipality,year,url,kind,pool,item_uuid
Danvers,2015,https://archives.lib.state.ma.us/server/api/core/bitstreams/0132e143-1949-4a13-9e8e-23e916047cf4/content,atr_recover,dspace_recover,00bd495f-f013-4ef1-8f7a-d5f2a911fd46
Charlton,2013,https://archives.lib.state.ma.us/server/api/core/bitstreams/cf17993f-aff8-4c20-b227-84fe48b1d984/content,atr_recover,dspace_recover,03943322-0dc4-44c4-bf19-b7d7a3ff8b26
Lancaster,2000,https://archives.lib.state.ma.us/server/api/core/bitstreams/4721f852-3068-47af-b339-3a931586d095/content,atr_recover,dspace_recover,051edde5-056a-4c45-919f-e2de80ed10d4
Hull,2008,https://archives.lib.state.ma.us/server/api/core/bitstreams/539988fb-b1ac-4d76-be52-e3efa4793bf0/content,atr_recover,dspace_recover,09fafddf-eb6e-4ba0-9374-2bcb589ce291
Groveland,2010,https://archives.lib.state.ma.us/server/api/core/bitstreams/900f14ff-b91b-4de9-b9e5-2fec5bc2800d/content,atr_recover,dspace_recover,0e668299-c50e-4524-96f6-e8faf2fe03b3
Holland,2019,https://archives.lib.state.ma.us/server/api/core/bitstreams/6af5df39-ff64-4553-adb5-8a57dad40c6a/content,atr_recover,dspace_recover,11731d87-2082-42fc-aaf2-f46c38531aa2
Charlemont,2017,https://archives.lib.state.ma.us/server/api/core/bitstreams/521ba4c9-3cf6-4d03-b0ae-c947faef1676/content,atr_recover,dspace_recover,13177ae5-6236-424e-8770-b069822a6a7b
Florida,2017,https://archives.lib.state.ma.us/server/api/core/bitstreams/d8549df7-5732-41f3-9570-e02b9fde0c6e/content,atr_recover,dspace_recover,14b61b7a-91e8-4534-8311-c4a162c3b7f1
Plainfield,2018,https://archives.lib.state.ma.us/server/api/core/bitstreams/6c586878-5710-432d-ab2a-3171a1151eaa/content,atr_recover,dspace_recover,192697ea-48a6-4cda-9ff0-a43fa73f30bc
Groveland,2011,https://archives.lib.state.ma.us/server/api/core/bitstreams/a4b8a9c2-83a0-4707-b2a7-7441700b3af2/content,atr_recover,dspace_recover,1d2423b2-23c2-40fd-8bd3-1bf0575fec65
Stoughton,2015,https://archives.lib.state.ma.us/server/api/core/bitstreams/4ea0945a-d7e1-4cf2-af2d-07b3f9369860/content,atr_recover,dspace_recover,1f8e9a0e-c80d-4cd7-8869-7dd48304b062
Hull,2010,https://archives.lib.state.ma.us/server/api/core/bitstreams/e63a46f7-5fd2-4ff8-9e4b-87556643ef03/content,atr_recover,dspace_recover,2245f40e-f96e-4dad-8090-bec1adc63c93
Petersham,2019,https://archives.lib.state.ma.us/server/api/core/bitstreams/10604341-27ec-49f0-ba26-64630dac3dbd/content,atr_recover,dspace_recover,24166c8d-6beb-4962-b469-4ac249851f94
Florida,2018,https://archives.lib.state.ma.us/server/api/core/bitstreams/96934bd7-90cd-48c1-9a83-266f5bcb833b/content,atr_recover,dspace_recover,24c9c44b-8c3a-4449-b4e3-c93ada5a59ec
Mount Washington,2005,https://archives.lib.state.ma.us/server/api/core/bitstreams/4e3f5d9a-afc6-4582-93f8-18391c6d10ca/content,atr_recover,dspace_recover,25ed4af9-c005-4401-b9bf-da7d523d00c0
West Stockbridge,2018,https://archives.lib.state.ma.us/server/api/core/bitstreams/76abd716-e606-4494-86c3-aca298e4a32a/content,atr_recover,dspace_recover,2adaa545-dd32-4be8-961b-86cd14a0b1dc
Mount Washington,2003,https://archives.lib.state.ma.us/server/api/core/bitstreams/5d6e044d-ede2-4fb1-89e1-828d95b3a380/content,atr_recover,dspace_recover,37e5e992-ca56-494a-a663-a8bfdaeb2238
Dracut,2019,https://archives.lib.state.ma.us/server/api/core/bitstreams/d93230fe-ebde-400f-817a-008bada763fe/content,atr_recover,dspace_recover,382ea96e-45ce-4f2c-bb3e-77cb0f092f87
Granby,2014,https://archives.lib.state.ma.us/server/api/core/bitstreams/9fe92fdc-74e6-456d-96b0-c94cc6f36500/content,atr_recover,dspace_recover,383c8e7d-468a-490a-b054-536ca4b3c9c1
Dracut,2020,https://archives.lib.state.ma.us/server/api/core/bitstreams/9a7c0b29-f373-4bd5-81fc-cfb7f7bf709f/content,atr_recover,dspace_recover,38dd0c51-049a-4d6f-a82c-035962cf68dd
Wrentham,2014,https://archives.lib.state.ma.us/server/api/core/bitstreams/ab1f9155-e8ed-4192-94fd-be7e54355ee3/content,atr_recover,dspace_recover,3d2c44cd-6a60-445a-83f4-d415537cdd65
Newbury,2015,https://archives.lib.state.ma.us/server/api/core/bitstreams/35932283-ad25-48a3-8044-b73476239453/content,atr_recover,dspace_recover,43131fb3-3aae-4bec-b0e9-7ef074774b15
New Ashford,2013,https://archives.lib.state.ma.us/server/api/core/bitstreams/591bb36a-cd7e-4599-9941-94d47cee0ce1/content,atr_recover,dspace_recover,44e8751d-be4e-4cc9-914d-601b9fd287dc
Groveland,2008,https://archives.lib.state.ma.us/server/api/core/bitstreams/e8ae70ea-56bd-4575-b326-b2731e1c896a/content,atr_recover,dspace_recover,46928faf-0f1c-477b-829f-9150577477a0
Groveland,2012,https://archives.lib.state.ma.us/server/api/core/bitstreams/82dd765b-6a8a-47bd-9c9d-f359c272479c/content,atr_recover,dspace_recover,483e02ea-d29c-4bfc-826f-1b87d07725ef
Newbury,2018,https://archives.lib.state.ma.us/server/api/core/bitstreams/cb0630c8-d57d-463e-a590-26f0a9124dcc/content,atr_recover,dspace_recover,49e1a29c-ee81-4fbf-8ecc-e3deffe1b738
Georgetown,2002,https://archives.lib.state.ma.us/server/api/core/bitstreams/f154e5e8-b479-4d2f-becc-c23a91dfbb16/content,atr_recover,dspace_recover,4ad17591-a3c5-4d30-bbef-797b08835446
Mount Washington,2006,https://archives.lib.state.ma.us/server/api/core/bitstreams/f1d98a81-c222-4317-a299-aa8f872ff4c7/content,atr_recover,dspace_recover,4ae0374b-8696-458e-b2b5-6d22e545d8ed
Mount Washington,2004,https://archives.lib.state.ma.us/server/api/core/bitstreams/57fcdcea-4d76-486a-a502-e3cc6bce5d3a/content,atr_recover,dspace_recover,4ec643ff-e0ad-49f1-aa88-4bc15aa43ccf
Hamilton,2014,https://archives.lib.state.ma.us/server/api/core/bitstreams/4233ac72-21e7-4384-9d9f-09ac541af040/content,atr_recover,dspace_recover,51d49e15-120d-4041-b32e-30cf837a298b
Georgetown,2009,https://archives.lib.state.ma.us/server/api/core/bitstreams/f3de6fcd-5878-4c87-a90f-e720e6c5846e/content,atr_recover,dspace_recover,526bdcff-c483-4ad1-b68e-7ca357f217c3
Holbrook,2018,https://archives.lib.state.ma.us/server/api/core/bitstreams/985c7d4f-d652-4059-8335-2411de2a478f/content,atr_recover,dspace_recover,52d2a6a8-c694-457f-9f6a-25483dd53118
Mount Washington,2011,https://archives.lib.state.ma.us/server/api/core/bitstreams/ceb0a199-f504-4a10-80ae-9431ef246708/content,atr_recover,dspace_recover,53b46227-e776-46ff-af75-18d0c92afb24
Lunenburg,2011,https://archives.lib.state.ma.us/server/api/core/bitstreams/1d32f856-b803-4b2d-a5c6-2c3a65886f52/content,atr_recover,dspace_recover,56f430f7-9059-44c4-9697-b5fa32056a05
Newbury,2013,https://archives.lib.state.ma.us/server/api/core/bitstreams/1004e3ee-99e3-40a5-9fe5-5b09cad243b8/content,atr_recover,dspace_recover,5a4cc186-a4c2-4674-b32e-4c5f11efb870
Mount Washington,2015,https://archives.lib.state.ma.us/server/api/core/bitstreams/a37e383c-3f70-43f8-81ed-dd5200bdda3d/content,atr_recover,dspace_recover,5aa93905-0fc9-4edf-b5eb-91d5aed4b77d
Mount Washington,2001,https://archives.lib.state.ma.us/server/api/core/bitstreams/8184875a-cc4e-4260-9377-dc8cbd6d8143/content,atr_recover,dspace_recover,5dc13ff1-405d-4b5a-a65e-b3f454c540bd
Great Barrington,2013,https://archives.lib.state.ma.us/server/api/core/bitstreams/5d99298c-899f-4700-bcb4-dfcbc27fc0d3/content,atr_recover,dspace_recover,5ed17172-bf4d-47e3-8216-eeced2cac071
Millville,2020,https://archives.lib.state.ma.us/server/api/core/bitstreams/bc2ccbef-a9f9-4ddc-99e6-b1c006dd03ed/content,atr_recover,dspace_recover,6446c83b-d2cf-4786-96ea-617098d864a4
Hampden,2016,https://archives.lib.state.ma.us/server/api/core/bitstreams/42b76caf-a044-458a-adda-1e14fd57dfd8/content,atr_recover,dspace_recover,656ea21e-3830-42f2-a02d-fb79acd36ceb
Uxbridge,2014,https://archives.lib.state.ma.us/server/api/core/bitstreams/9df62c13-91e8-4137-8f7f-0d9f76ea459d/content,atr_recover,dspace_recover,6bad71f4-bfb7-4d02-87b6-984813ff57fd
Clarksburg,2017,https://archives.lib.state.ma.us/server/api/core/bitstreams/3d2b09e2-e7dd-4f91-8826-759bbbda3280/content,atr_recover,dspace_recover,6c311e00-bfee-4c5a-b0d1-3a345c7d536d
Westwood,2008,https://archives.lib.state.ma.us/server/api/core/bitstreams/ded0b5d3-9739-445b-bb64-0bf449ea364c/content,atr_recover,dspace_recover,6d22d916-09e4-4f34-9010-52f551d20f8f
Newbury,2014,https://archives.lib.state.ma.us/server/api/core/bitstreams/6869dde9-25f2-4386-8fd1-f1faa127710a/content,atr_recover,dspace_recover,6e9b89ec-2dff-4032-9463-e1cc55b8a9e4
Mount Washington,2009,https://archives.lib.state.ma.us/server/api/core/bitstreams/57e1c5c3-cae2-4220-b9f3-5c1d3634d8a6/content,atr_recover,dspace_recover,7478ea12-91c8-4d2b-ae7b-e30468102dc1
Pepperell,2017,https://archives.lib.state.ma.us/server/api/core/bitstreams/bfe561ee-e6a3-445f-a431-0e056b749e91/content,atr_recover,dspace_recover,77b11ae5-e23b-4426-a500-228079910122
Granville,2014,https://archives.lib.state.ma.us/server/api/core/bitstreams/2f6457b4-2d12-42b9-8dff-1252a2b8b578/content,atr_recover,dspace_recover,77c7febb-3a1d-44f3-ba25-9a895c4f9cf3
Lee,2003,https://archives.lib.state.ma.us/server/api/core/bitstreams/87a54546-140e-4f9e-912f-591c6eac365b/content,atr_recover,dspace_recover,79a3fc7b-7389-4257-96b7-bd607234cab9
Newbury,2017,https://archives.lib.state.ma.us/server/api/core/bitstreams/24282e2e-903d-430b-95aa-d5fd5917d48b/content,atr_recover,dspace_recover,7ab9b567-c129-473d-9047-a7bc1dbba83d
Mount Washington,2007,https://archives.lib.state.ma.us/server/api/core/bitstreams/bde2d6ba-9fed-44ab-b378-988b8e7f1840/content,atr_recover,dspace_recover,7d6bffcc-272a-40c9-b04b-658d7e1471ab
Granby,2008,https://archives.lib.state.ma.us/server/api/core/bitstreams/070b61b4-c70a-41d7-9649-2167591f233a/content,atr_recover,dspace_recover,7dc048fa-13c5-44ba-bc9b-0b1e3a916a94
Mattapoisett,2017,https://archives.lib.state.ma.us/server/api/core/bitstreams/997e9fb1-9230-43f0-891b-16eee8027bf9/content,atr_recover,dspace_recover,809217a9-6dfa-45c5-b510-c540b270bbe2
Georgetown,2020,https://archives.lib.state.ma.us/server/api/core/bitstreams/b1f86c9a-c591-4981-86d7-b3f03f4f430e/content,atr_recover,dspace_recover,82a71002-ab60-483d-a17b-16d919ecdc28
Stoughton,2016,https://archives.lib.state.ma.us/server/api/core/bitstreams/e10472e3-01bd-44a9-892d-3fb9463aa538/content,atr_recover,dspace_recover,82b06211-c78d-41ee-bf40-8cfc1769602d
Newbury,2016,https://archives.lib.state.ma.us/server/api/core/bitstreams/32c5ba06-6c42-490f-ad3e-2be6b11fd0b7/content,atr_recover,dspace_recover,8345d5bb-0a39-4c3e-bee1-29a0b0f90852
Georgetown,2008,https://archives.lib.state.ma.us/server/api/core/bitstreams/1fa0b72f-ebee-4478-807e-9019c2686400/content,atr_recover,dspace_recover,863738c1-d211-44be-8e28-e3e069f9be51
Middlefield,2018,https://archives.lib.state.ma.us/server/api/core/bitstreams/d5168d0e-af28-4afb-b36f-f4df77a834d0/content,atr_recover,dspace_recover,87998fe9-32ce-4f5f-92c1-20d85d671a89
Dracut,2018,https://archives.lib.state.ma.us/server/api/core/bitstreams/cb83e9b7-25c2-4ba7-966b-7420999b3ddd/content,atr_recover,dspace_recover,8815c76e-38e7-44ea-bcd5-cf400a4619ad
Charlton,2009,https://archives.lib.state.ma.us/server/api/core/bitstreams/8cd6614c-f769-4490-b399-c1bb926b6768/content,atr_recover,dspace_recover,887fda70-3dce-425b-a50c-eb1043dca01b
Mount Washington,2017,https://archives.lib.state.ma.us/server/api/core/bitstreams/eaa1f924-0bc8-4834-a78b-51a1326837f2/content,atr_recover,dspace_recover,8994092f-afc4-4024-b6be-3f948351e1b8
Buckland,2018,https://archives.lib.state.ma.us/server/api/core/bitstreams/bd84e700-26d7-484b-8889-f9d605e94335/content,atr_recover,dspace_recover,89d25b07-be3b-47b3-ab47-478a7924c804
Stoughton,2014,https://archives.lib.state.ma.us/server/api/core/bitstreams/05979510-daa4-46b0-86eb-a4f5b7c855ea/content,atr_recover,dspace_recover,8e7864da-1a4a-48c5-8ad4-45cc636e525b
Mount Washington,2010,https://archives.lib.state.ma.us/server/api/core/bitstreams/cd4657b9-eb16-4848-99ab-a6477205effc/content,atr_recover,dspace_recover,940a2206-f4f8-4734-a195-ec70da22bfa5
Georgetown,2012,https://archives.lib.state.ma.us/server/api/core/bitstreams/c6951c80-02be-4e9f-a7b8-dc3a2d83dbc6/content,atr_recover,dspace_recover,970ff597-bbc6-4a66-8125-28353e969ba5
Hull,2011,https://archives.lib.state.ma.us/server/api/core/bitstreams/314ad76a-b926-4e19-a972-1fb3fbb451ce/content,atr_recover,dspace_recover,9726d828-43e6-425d-b7d8-d709abcefe0d
Chatham,2007,https://archives.lib.state.ma.us/server/api/core/bitstreams/8231a7c7-79ac-40ea-8657-fe5255c4bbc9/content,atr_recover,dspace_recover,9891c80a-c7cb-47f9-829c-f4b61ddac492
Lee,2002,https://archives.lib.state.ma.us/server/api/core/bitstreams/b0fef358-084f-4cf9-9e74-e772836ef2a5/content,atr_recover,dspace_recover,996b1e4d-3671-40b9-a7f5-f7d0e03ad432
Hampden,2017,https://archives.lib.state.ma.us/server/api/core/bitstreams/2b985b72-055c-44d5-99e5-4e45206b16d3/content,atr_recover,dspace_recover,9ad11395-982a-4ab0-be2f-24debb03a3c7
Georgetown,2010,https://archives.lib.state.ma.us/server/api/core/bitstreams/0788a38a-5361-4290-94b8-7ed663657219/content,atr_recover,dspace_recover,9ae267ca-1104-4a97-8a27-5b4ec6a406f2
Granville,2009,https://archives.lib.state.ma.us/server/api/core/bitstreams/a9ecaf6a-de4d-43f8-ba21-e4a3d09d8b90/content,atr_recover,dspace_recover,9b1ea1dd-6a88-49a4-9a84-70e593e64739
Granville,2008,https://archives.lib.state.ma.us/server/api/core/bitstreams/357b66b0-045c-4173-b521-4c0d30954568/content,atr_recover,dspace_recover,9d5692cd-0029-47ed-9a30-3d48880a19ca
Groveland,2013,https://archives.lib.state.ma.us/server/api/core/bitstreams/97f75cfe-33f8-42ba-8c68-0a1a33b51316/content,atr_recover,dspace_recover,9f57a844-61e2-458c-ba2a-ec8082d8a6e9
Uxbridge,2013,https://archives.lib.state.ma.us/server/api/core/bitstreams/16fb1ae4-c985-407f-9ea2-513dc798648e/content,atr_recover,dspace_recover,a0969429-6742-4169-b010-37592372d1e5
Wareham,2005,https://archives.lib.state.ma.us/server/api/core/bitstreams/889ecdbe-5b6f-4489-b9b0-f7f85bbbde30/content,atr_recover,dspace_recover,a2e8688a-6119-4c74-bbc4-cd0f2ddf8d91
West Brookfield,2017,https://archives.lib.state.ma.us/server/api/core/bitstreams/f20287a0-08fd-4adb-9173-4098a068dcd6/content,atr_recover,dspace_recover,a534a333-9214-4274-b2ec-580fe52e6134
Mount Washington,2016,https://archives.lib.state.ma.us/server/api/core/bitstreams/ad4cd98b-cd83-4442-8195-8b384ebf8598/content,atr_recover,dspace_recover,a8a7c7e6-4f4b-49c8-ba53-44a95fe19a0d
Georgetown,2011,https://archives.lib.state.ma.us/server/api/core/bitstreams/4422baca-befa-4df0-8a81-256bfb591e93/content,atr_recover,dspace_recover,aa09eeb0-9b04-4187-adcd-7f6d297c5f1f
Georgetown,2015,https://archives.lib.state.ma.us/server/api/core/bitstreams/e9e23e9c-93b1-4a23-aa9f-2cea4004b153/content,atr_recover,dspace_recover,ab39b54f-f8b4-467e-9e12-5580565532b4
Hull,2009,https://archives.lib.state.ma.us/server/api/core/bitstreams/0beaa8db-18a1-4a3d-9a80-15701269bbb1/content,atr_recover,dspace_recover,adfcdb6c-65cb-470c-8d36-f12e36d92ebc
Georgetown,2017,https://archives.lib.state.ma.us/server/api/core/bitstreams/f0cea225-001f-4e17-85f3-6a24aa3d5b99/content,atr_recover,dspace_recover,ae3ab351-6aca-40ef-ae6d-6591bb75430b
Savoy,2019,https://archives.lib.state.ma.us/server/api/core/bitstreams/88bc40c6-2bb3-4dda-83ea-a55404ff7b38/content,atr_recover,dspace_recover,ae8afd96-f680-45a8-8839-8c73b90fd005
Florida,2020,https://archives.lib.state.ma.us/server/api/core/bitstreams/0121d06e-1f17-4a75-b4ae-fb539774e517/content,atr_recover,dspace_recover,afa85bbd-befd-4e51-b14e-8e18e391e6ee
Granville,2010,https://archives.lib.state.ma.us/server/api/core/bitstreams/68249635-54cf-4399-b52e-85cfde37abf5/content,atr_recover,dspace_recover,b0e872fd-19b5-4d7c-a065-0cf3ad5c244d
Groveland,2009,https://archives.lib.state.ma.us/server/api/core/bitstreams/99dfb62f-4606-4ad4-b244-2303deb4180c/content,atr_recover,dspace_recover,b4be9f0a-f248-4962-86f5-e368e7067db3
Mount Washington,2002,https://archives.lib.state.ma.us/server/api/core/bitstreams/f777c719-38b1-47c0-89b0-eebc20b70388/content,atr_recover,dspace_recover,b78d8839-addd-409e-89c0-f64cd8c1fc9f
Eastham,2016,https://archives.lib.state.ma.us/server/api/core/bitstreams/db3444aa-70ba-4607-bfd5-b3a96b76a84d/content,atr_recover,dspace_recover,b7b908b7-bc88-4eb6-a4cd-3389d7f11a2c
Lynnfield,2010,https://archives.lib.state.ma.us/server/api/core/bitstreams/97d7438a-a3be-426c-91ab-a322e78eaf4e/content,atr_recover,dspace_recover,bafd3b0d-f5fe-410f-b7d4-3233632f8dd8
Groveland,2013,https://archives.lib.state.ma.us/server/api/core/bitstreams/60710305-e7db-40b0-af45-9b65ed41b2d9/content,atr_recover,dspace_recover,bf0cb6a5-d3f1-487e-8dd7-e8c347c66376
Charlton,2010,https://archives.lib.state.ma.us/server/api/core/bitstreams/acee7342-20eb-49ed-a5c2-cdab29456f23/content,atr_recover,dspace_recover,bf23ab0d-1de9-4873-a380-9546aa1bcf21
Middlefield,2012,https://archives.lib.state.ma.us/server/api/core/bitstreams/50a80f22-c184-4cb1-aa02-2b1c033c43f2/content,atr_recover,dspace_recover,c0f1fbc8-f589-42c4-894d-d8dce60126af
Wrentham,2015,https://archives.lib.state.ma.us/server/api/core/bitstreams/e443831b-c861-4d26-aa7c-e8677078c672/content,atr_recover,dspace_recover,c12dbcf3-25eb-4e4d-8a53-65e904ce4ee1
Granville,2013,https://archives.lib.state.ma.us/server/api/core/bitstreams/868ebc33-a458-413e-abf4-e7b4df1453e6/content,atr_recover,dspace_recover,c1b48e27-3354-41c6-ab75-06007940b2b6
Florida,2019,https://archives.lib.state.ma.us/server/api/core/bitstreams/47963be2-2c4e-4813-84eb-4d0883e50a48/content,atr_recover,dspace_recover,c2556b5f-4a8e-46c0-900e-1f068e192f1b
Georgetown,2013,https://archives.lib.state.ma.us/server/api/core/bitstreams/b7a2831e-3a0e-4462-b4b0-68af02e20df9/content,atr_recover,dspace_recover,c3a0cd62-9490-4b19-b889-8836b3825e44
Millville,2018,https://archives.lib.state.ma.us/server/api/core/bitstreams/d0436451-dddd-41a9-b42d-2d6e72d4af73/content,atr_recover,dspace_recover,c43ba73f-f786-4c92-b7e6-d486e94951f0
Holbrook,2017,https://archives.lib.state.ma.us/server/api/core/bitstreams/8bbe318f-6629-4632-a590-fcbf1ffe343e/content,atr_recover,dspace_recover,c8affc73-22b8-486d-b2a4-d3fe0287e956
Mount Washington,2000,https://archives.lib.state.ma.us/server/api/core/bitstreams/65a83092-b746-4d25-a9c5-54c7abe927f0/content,atr_recover,dspace_recover,cd7339c4-cbd9-491d-badb-cae44eb3d8ce
Wrentham,2011,https://archives.lib.state.ma.us/server/api/core/bitstreams/49b69ca9-618c-4713-9774-486ead69efaa/content,atr_recover,dspace_recover,d677bd97-f636-49b2-b620-3aa68c7c1aa4
Uxbridge,2007,https://archives.lib.state.ma.us/server/api/core/bitstreams/924ce30c-22c1-4535-9e4c-9e504ef9263f/content,atr_recover,dspace_recover,d6c51637-c524-4c09-b287-77e42cfe4a1b
Newbury,2011,https://archives.lib.state.ma.us/server/api/core/bitstreams/b05b4c4d-c215-4149-8e3d-d66a85c69356/content,atr_recover,dspace_recover,d9927d5c-a487-4074-b931-f89a0cb04cb5
Lee,2004,https://archives.lib.state.ma.us/server/api/core/bitstreams/7231ebd5-7dbc-4b0a-a1bb-5376ea57286f/content,atr_recover,dspace_recover,df2751ca-f296-45a4-a04b-e7f45d3207f9
Warwick,2014,https://archives.lib.state.ma.us/server/api/core/bitstreams/328ff468-3c58-4052-96e5-c724a5b39d8b/content,atr_recover,dspace_recover,e0bddc21-a7d0-4602-bd50-de00fc08608e
Hampden,2002,https://archives.lib.state.ma.us/server/api/core/bitstreams/95b8d109-8e80-420b-9f5c-85bd387f8b99/content,atr_recover,dspace_recover,ea16410f-d4c9-4dc2-aa9a-87f7da608825
Carver,2020,https://archives.lib.state.ma.us/server/api/core/bitstreams/5d147c5d-e2f4-4bd4-9a0b-93c06f555855/content,atr_recover,dspace_recover,ec7eea43-9599-4683-9e58-5831f1996cfa
Lee,2001,https://archives.lib.state.ma.us/server/api/core/bitstreams/a8542c95-c29c-41c7-842e-3b48d6df1875/content,atr_recover,dspace_recover,ed1066c5-295a-405e-82d8-7c908b30ced2
Great Barrington,2015,https://archives.lib.state.ma.us/server/api/core/bitstreams/b62d7f14-4795-4abc-9e31-7fe06a38e73e/content,atr_recover,dspace_recover,ee79261a-aec3-4a37-b5a0-d3a237b52e3d
Harvard,2009,https://archives.lib.state.ma.us/server/api/core/bitstreams/b66e2ec6-90a8-47ac-9b49-8a3b51f9fc34/content,atr_recover,dspace_recover,ee90fd9a-e13b-48c7-a54f-dee01a002b4a
Mount Washington,2008,https://archives.lib.state.ma.us/server/api/core/bitstreams/ec3b58b7-c583-4f2f-a71a-23046ced9b58/content,atr_recover,dspace_recover,ef98a20f-bcdd-42d4-9970-125b9dfd2934
Danvers,2014,https://archives.lib.state.ma.us/server/api/core/bitstreams/a7ed03e9-bb9c-4605-a03f-80535f8abf30/content,atr_recover,dspace_recover,f4fe9745-597a-4936-a156-a5dcae200879
Granville,2011,https://archives.lib.state.ma.us/server/api/core/bitstreams/735d74d4-4f14-4398-b441-75a0c068e2d0/content,atr_recover,dspace_recover,f63a7ca8-f336-44a9-b07c-2756c7943817
Granby,2007,https://archives.lib.state.ma.us/server/api/core/bitstreams/25058a1e-8593-4be0-9e36-535438c8fd28/content,atr_recover,dspace_recover,f799a59c-b063-453d-bc98-89e4e6ea9bba
Wrentham,2013,https://archives.lib.state.ma.us/server/api/core/bitstreams/f1c754d7-514a-40d5-91d1-055f54bd228b/content,atr_recover,dspace_recover,fcc5e100-e935-4042-9a4f-0c8446a541ec
Chatham,2008,https://archives.lib.state.ma.us/server/api/core/bitstreams/74ea29ec-6484-455c-80e0-a7f581c5779c/content,atr_recover,dspace_recover,fdf1c035-c803-4326-aed9-3a0c4fe665cf
Brimfield,2015,https://archives.lib.state.ma.us/server/api/core/bitstreams/a347f106-7032-4d4c-a23b-21549f1cbf37/content,atr_recover,dspace_recover,fe5c17c8-a10a-4a54-ae77-a6bd5fb7482d
Granby,2006,https://archives.lib.state.ma.us/server/api/core/bitstreams/54e0a4bf-a4cb-4273-94b8-0a49a621f87b/content,atr_recover,dspace_recover,fe6fbd6c-a88e-40e4-a60d-40c00563ebf8
