stem,old_cut,new_cut,pages,picked,score,runner_up,detail,url,election
Bedford2009,minutes or warrant,looks like return,134,72-80,52,50,"page 76: 1 headings, 9 ballot words, 0 offices",https://web.archive.org/web/20210512233410id_/https://www.bedfordma.gov/sites/g/files/vyhlif6866/f/file/file/annual_report_2009_final-updated_2-26-10.pdf,a state or presidential election
Chelmsford2019,unclear,looks like return,224,129-136,52,51,"page 133: 1 headings, 9 ballot words, 0 offices",https://archives.lib.state.ma.us/server/api/core/bitstreams/87e9a885-4a7f-4293-b794-ada98c262407/content,a state or presidential election
Grafton2014,minutes or warrant,looks like return,122,9-15,73,71,"page 10: 1 headings, 14 ballot words, 8 offices",https://web.archive.org/web/20151022185021id_/http://www.grafton-ma.gov:80/sites/graftonma/files/uploads/bos_town_report_2014.pdf,a state or presidential election
Hingham2006,unclear,looks like return,206,83-90,45,19,"page 87: 1 headings, 6 ballot words, 3 offices",https://web.archive.org/web/20100527143020id_/http://www.hingham-ma.gov/document/Town_Annual_Report_2006.pdf,a state or presidential election
Millis2018,directory or list,looks like return,211,16-24,65,34,"page 17: 1 headings, 10 ballot words, 6 offices",https://web.archive.org/web/20220302180557id_/https://www.millisma.gov/sites/g/files/vyhlif901/f/uploads/2018_annual_town_report.pdf,a state or presidential election
Wellfleet2014,directory or list,looks like return,272,98-108,57,25,"page 99: 1 headings, 14 ballot words, 0 offices",https://web.archive.org/web/20161229162247id_/https://www.wellfleet-ma.gov/sites/wellfleetma/files/file/file/2014_annual_town_report_final.pdf,a state or presidential election
Ayer2017,minutes or warrant,looks like return,172,148-154,55,34,"page 149: 1 headings, 16 ballot words, 2 offices",https://web.archive.org/web/20210326065428id_/https://www.ayer.ma.us/sites/g/files/vyhlif2756/f/uploads/2017_town_report_digital_copy.pdf,an annual town election
Ayer2019,minutes or warrant,looks like return,175,89-94,55,43,"page 90: 1 headings, 16 ballot words, 2 offices",https://web.archive.org/web/20210326065422id_/https://www.ayer.ma.us/sites/g/files/vyhlif2756/f/uploads/2019_town_of_ayer_annual_report.pdf,an annual town election
Bedford2008,minutes or warrant,looks like return,118,62-68,66,64,"page 66: 1 headings, 5 ballot words, 5 offices",https://web.archive.org/web/20161226234149id_/http://www.bedfordma.gov/sites/bedfordma/files/file/file/2008_annual_report.pdf,an annual town election
Cohasset2010,minutes or warrant,looks like return,200,61-65,51,20,"page 62: 1 headings, 4 ballot words, 3 offices",https://web.archive.org/web/20160819001329id_/http://www.cohassetma.org//uploads/Town%20Reports/TownReportCombinedFinal_2010.pdf,an annual town election
Cohasset2011,directory or list,looks like return,156,66-70,37,17,"page 67: 1 headings, 6 ballot words, 4 offices",https://web.archive.org/web/20160818223151id_/http://www.cohassetma.org//uploads/Town%20Reports/TownReportCombinedFinal_2011.pdf,an annual town election
Erving2017,minutes or warrant,looks like return,131,84-88,71,64,"page 85: 2 headings, 9 ballot words, 8 offices",https://web.archive.org/web/20220419172019id_/https://www.erving-ma.gov/sites/g/files/vyhlif4401/f/uploads/2017_annual_town_report_final.pdf,an annual town election
Holliston2016,unclear,looks like return,154,59-64,29,29,"page 60: 1 headings, 4 ballot words, 3 offices",https://web.archive.org/web/20220302180555id_/https://www.townofholliston.us/sites/g/files/vyhlif706/f/file/file/annual_town_report_2016.pdf,an annual town election
Lancaster2007,directory or list,looks like return,176,125-128,71,44,"page 126: 1 headings, 12 ballot words, 4 offices",https://web.archive.org/web/20211130030624id_/https://www.ci.lancaster.ma.us/sites/g/files/vyhlif4586/f/uploads/2007_annual_town_report.pdf,an annual town election
Lancaster2009,minutes or warrant,looks like return,213,158-161,65,28,"page 159: 1 headings, 8 ballot words, 3 offices",https://web.archive.org/web/20211130033838id_/https://www.ci.lancaster.ma.us/sites/g/files/vyhlif4586/f/uploads/2009_annual_town_report.pdf,an annual town election
Marblehead2011,minutes or warrant,looks like return,248,53-59,62,36,"page 54: 1 headings, 11 ballot words, 1 offices",https://web.archive.org/web/20251013065328id_/https://marbleheadma.gov/wp-content/uploads/2025/04/Annual-Report-2011.pdf,an annual town election
Marblehead2015,minutes or warrant,looks like return,242,46-51,67,35,"page 47: 1 headings, 12 ballot words, 2 offices",https://web.archive.org/web/20251013064859id_/https://marbleheadma.gov/wp-content/uploads/2025/04/Annual-Report-2015.pdf,an annual town election
Marblehead2019,directory or list,looks like return,268,67-77,67,35,"page 68: 1 headings, 12 ballot words, 2 offices",https://web.archive.org/web/20251013064830id_/https://marbleheadma.gov/wp-content/uploads/2025/04/Annual-Report-2019.pdf,an annual town election
Mashpee2007,minutes or warrant,looks like return,164,36-38,57,36,"page 37: 1 headings, 6 ballot words, 0 offices",https://web.archive.org/web/20170125142522id_/http://www.mashpeema.gov/sites/mashpeema/files/uploads/2007_annual_report.pdf,an annual town election
Mashpee2011,minutes or warrant,looks like return,170,40-42,61,33,"page 41: 1 headings, 6 ballot words, 2 offices",https://web.archive.org/web/20161228104212id_/http://www.mashpeema.gov/sites/mashpeema/files/uploads/2011_annual_report.pdf,an annual town election
NorthReading2009,unclear,looks like return,237,186-188,52,37,"page 187: 1 headings, 15 ballot words, 4 offices",https://web.archive.org/web/20160620094010id_/http://www.northreadingma.gov/sites/northreadingma/files/uploads/reading_2009_town_report-3.31.10-kodak_resized.pdf,an annual town election
NorthReading2015,minutes or warrant,looks like return,244,155-158,73,33,"page 157: 1 headings, 20 ballot words, 5 offices",https://web.archive.org/web/20161229115818id_/http://www.northreadingma.gov/sites/northreadingma/files/uploads/2015_annual_report.pdf,an annual town election
Northbridge2007,directory or list,looks like return,152,61-64,52,23,"page 62: 1 headings, 9 ballot words, 3 offices",https://web.archive.org/web/20220320003037id_/https://www.northbridgemass.org/sites/g/files/vyhlif981/f/file/file/2007_annual_report.pdf,an annual town election
Northbridge2017,minutes or warrant,looks like return,162,58-62,78,39,"page 59: 1 headings, 21 ballot words, 3 offices",https://web.archive.org/web/20211229015225id_/https://www.northbridgemass.org/sites/g/files/vyhlif981/f/u2391/2017_annual_report_-_online_0.pdf,an annual town election
Northbridge2019,minutes or warrant,looks like return,207,74-80,66,35,"page 75: 1 headings, 9 ballot words, 3 offices",https://web.archive.org/web/20220319220828id_/https://www.northbridgemass.org/sites/g/files/vyhlif981/f/uploads/annual_town_report_2019.pdf,an annual town election
Plympton2007,minutes or warrant,looks like return,113,40-45,42,21,"page 41: 1 headings, 7 ballot words, 5 offices",https://web.archive.org/web/20150930223840id_/http://www.town.plympton.ma.us/sites/plymptonma/files/file/file/2007_town_report.pdf,an annual town election
Princeton2004,minutes or warrant,looks like return,130,62-66,42,17,"page 64: 1 headings, 3 ballot words, 2 offices",https://web.archive.org/web/20060929230841id_/http://town.princeton.ma.us/Annual%20Report/2004/2004TownReport.pdf,an annual town election
Sharon2009,directory or list,looks like return,248,44-48,41,27,"page 45: 1 headings, 12 ballot words, 4 offices",https://web.archive.org/web/20150104223753id_/http://www.townofsharon.net/sites/sharonma/files/file/file/2009_annual_town_report.pdf,an annual town election
Sharon2011,directory or list,looks like return,240,54-58,24,21,"page 55: 1 headings, 9 ballot words, 2 offices",https://web.archive.org/web/20150103043518id_/http://www.townofsharon.net/sites/sharonma/files/file/file/2011_annual_town_report.pdf,an annual town election
Uxbridge2006,minutes or warrant,looks like return,82,72-74,70,53,"page 73: 1 headings, 11 ballot words, 4 offices",https://web.archive.org/web/20071017060447id_/http://www.uxbridge-ma.gov/Documents/TownReport2006.pdf,an annual town election
Walpole2019,minutes or warrant,looks like return,202,168-173,73,30,"page 169: 1 headings, 14 ballot words, 4 offices",https://web.archive.org/web/20250505045924id_/https://www.walpole-ma.gov/sites/g/files/vyhlif12086/f/uploads/2019_town_report_rev.pdf,an annual town election
Avon2013,minutes or warrant,unclear,294,49-51,41,20,"page 50: 2 headings, 7 ballot words, 2 offices",https://web.archive.org/web/20161203003429id_/http://www.avon-ma.gov/sites/avonma/files/u121/avon_2013_town_report.pdf,no tally page
Ayer2018,minutes or warrant,minutes or warrant,200,110-112,15,13,"page 111: 1 headings, 0 ballot words, 6 offices",https://web.archive.org/web/20210326065420id_/https://www.ayer.ma.us/sites/g/files/vyhlif2756/f/uploads/2018_town_of_ayer_annual_report.pdf,no tally page
Bedford2019,minutes or warrant,minutes or warrant,226,169-171,19,0,"page 170: 1 headings, 0 ballot words, 8 offices",https://web.archive.org/web/20210511134143id_/https://www.bedfordma.gov/sites/g/files/vyhlif6866/f/pages/annualreport_2019_complete_ocrmissing.pdf,no tally page
Belmont2008,minutes or warrant,minutes or warrant,189,4-6,35,33,"page 5: 3 headings, 0 ballot words, 13 offices",https://web.archive.org/web/20160705223040id_/http://www.belmont-ma.gov:80/sites/belmontma/files/file/file/2008annualreport.pdf,no tally page
Berkley2017,directory or list,directory or list,1,1-1,21,0,"page 1: 1 headings, 0 ballot words, 9 offices",https://web.archive.org/web/20260106131938id_/https://townofberkleyma.gov/wp-content/uploads/2025/09/May-6-2017-Election-Results.pdf,no tally page
Blackstone2012,minutes or warrant,minutes or warrant,161,2-4,19,0,"page 3: 1 headings, 0 ballot words, 8 offices",https://web.archive.org/web/20220322084304id_/https://www.townofblackstone.org/sites/g/files/vyhlif166/f/uploads/2012_annual_town_report.pdf,no tally page
Boxborough2010,directory or list,directory or list,184,181-183,21,17,"page 182: 1 headings, 0 ballot words, 9 offices",https://web.archive.org/web/20161229091508id_/http://www.boxborough-ma.gov/sites/boxboroughma/files/file/file/2010townreport.pdf,no tally page
Boxborough2014,directory or list,directory or list,184,180-182,23,19,"page 181: 1 headings, 0 ballot words, 10 offices",https://web.archive.org/web/20170130224224id_/http://www.boxborough-ma.gov/sites/boxboroughma/files/file/file/annual_town_report_2014_.pdf,no tally page
Boxborough2015,directory or list,directory or list,202,196-198,27,16,"page 197: 1 headings, 0 ballot words, 12 offices",https://web.archive.org/web/20161228002347id_/http://www.boxborough-ma.gov/sites/boxboroughma/files/file/file/annual_town_report_2015_web.pdf,no tally page
Boxford2019,directory or list,directory or list,265,6-8,19,0,"page 7: 1 headings, 0 ballot words, 8 offices",https://web.archive.org/web/20220302181221id_/https://www.town.boxford.ma.us/sites/g/files/vyhlif321/f/uploads/annual_report_2019_website_0.pdf,no tally page
Burlington2013,minutes or warrant,minutes or warrant,203,187-189,57,54,"page 188: 1 headings, 2 ballot words, 26 offices",https://web.archive.org/web/20151009201441id_/http://www.burlington.org/community_development/docs/VETERANS_SERVICES/2013_Burlington_MA_Annual_Report_Revised_for_Website.pdf,no tally page
Burlington2014,minutes or warrant,minutes or warrant,261,170-172,51,28,"page 171: 1 headings, 4 ballot words, 10 offices",https://web.archive.org/web/20151009201635id_/http://www.burlington.org/community_development/docs/VETERANS_SERVICES/revised_web_2014_Annual_Report.pdf,no tally page
Burlington2015,unclear,unclear,299,289-291,48,28,"page 290: 4 headings, 10 ballot words, 8 offices",https://web.archive.org/web/20161123002812id_/http://www.burlington.org/town_government/docs/2015%20BURLINGTON%20MA%20ANNUAL%20REPORT.pdf,no tally page
Burlington2016,directory or list,directory or list,331,3-5,14,9,"page 4: 2 headings, 0 ballot words, 4 offices",https://web.archive.org/web/20170612181937id_/http://www.burlington.org/2016%20Burlington%20Annual%20Report.pdf,no tally page
Burlington2017,minutes or warrant,minutes or warrant,339,321-323,14,11,"page 322: 2 headings, 0 ballot words, 4 offices",https://web.archive.org/web/20180714065950id_/http://www.burlington.org:80/2017ANNUALREPORT.pdf,no tally page
Burlington2018,minutes or warrant,minutes or warrant,343,314-316,45,33,"page 315: 1 headings, 2 ballot words, 20 offices",https://web.archive.org/web/20200401072736id_/http://www.burlington.org/BurlingtonAnnualReport2018F.pdf,no tally page
Carlisle2015,directory or list,unclear,237,50-53,50,24,"page 52: 2 headings, 4 ballot words, 2 offices",https://web.archive.org/web/20161215074008id_/http://www.carlislema.gov/Pages/CarlisleMA_Clerk/town%20records/2015%20Town%20Report%20Document.pdf,no tally page
Carver2002,minutes or warrant,minutes or warrant,140,25-27,32,25,"page 26: 1 headings, 1 ballot words, 14 offices",https://web.archive.org/web/20240715154315id_/https://www.carverma.gov/sites/g/files/vyhlif4221/f/pages/2002_town_report.pdf,no tally page
Carver2019,unclear,unclear,133,4-6,11,0,"page 5: 1 headings, 0 ballot words, 4 offices",https://web.archive.org/web/20240707084038id_/https://www.carverma.gov/sites/g/files/vyhlif4221/f/pages/2019_town_report.pdf,no tally page
Dalton2010,directory or list,directory or list,82,80-82,30,22,"page 81: 2 headings, 0 ballot words, 12 offices",https://archives.lib.state.ma.us/server/api/core/bitstreams/0e4d8432-edde-46be-b7d2-14dea121251d/content,no tally page
Dartmouth2009,unclear,unclear,234,185-187,11,9,"page 186: 1 headings, 0 ballot words, 4 offices",https://web.archive.org/web/20220301232320id_/https://www.town.dartmouth.ma.us/sites/g/files/vyhlif466/f/uploads/2009_town_report.pdf,no tally page
Dartmouth2011,minutes or warrant,minutes or warrant,414,370-372,13,13,"page 371: 1 headings, 0 ballot words, 5 offices",https://web.archive.org/web/20220301232315id_/https://www.town.dartmouth.ma.us/sites/g/files/vyhlif466/f/uploads/2011_town_report.pdf,no tally page
Dartmouth2016,directory or list,directory or list,350,225-227,24,13,"page 226: 2 headings, 0 ballot words, 9 offices",https://web.archive.org/web/20220301232535id_/https://www.town.dartmouth.ma.us/sites/g/files/vyhlif466/f/uploads/annual_report_2016_final.pdf,no tally page
Deerfield2014,directory or list,directory or list,148,22-24,27,25,"page 23: 1 headings, 0 ballot words, 12 offices",https://web.archive.org/web/20150908212607id_/http://www.deerfieldma.us/Pages/2014%20Annual%20Town%20Report.pdf,no tally page
GreatBarrington2018,minutes or warrant,minutes or warrant,76,61-63,12,0,"page 62: 1 headings, 1 ballot words, 4 offices",https://web.archive.org/web/20220304051100id_/https://www.townofgb.org/sites/g/files/vyhlif636/f/uploads/fy17_annual_report_2018.04.18_final.pdf,no tally page
Hanover2011,directory or list,directory or list,265,264-265,16,0,"page 265: 2 headings, 0 ballot words, 5 offices",https://web.archive.org/web/20170126043347id_/http://www.hanover-ma.gov/sites/hanoverma/files/file/file/annualreport2011.pdf,no tally page
Holliston2004,minutes or warrant,minutes or warrant,4,1-2,9,0,"page 1: 1 headings, 0 ballot words, 3 offices",https://web.archive.org/web/20060929234107id_/http://www.townofholliston.us/CPC/CPC_Annual_Report_2004.pdf,no tally page
Hopedale2020,minutes or warrant,minutes or warrant,109,1-3,29,19,"page 2: 5 headings, 0 ballot words, 7 offices",https://web.archive.org/web/20211211004931id_/https://www.hopedale-ma.gov/sites/g/files/vyhlif711/f/uploads/fy_2020_annual_report_final.pdf,no tally page
Lancaster2003,directory or list,directory or list,87,35-37,17,15,"page 36: 1 headings, 0 ballot words, 7 offices",https://web.archive.org/web/20040609155127id_/http://www.ci.lancaster.ma.us:80/town_report/2003_annual_town_report_part1.pdf,no tally page
Lancaster2004,directory or list,directory or list,94,36-38,38,15,"page 37: 8 headings, 0 ballot words, 7 offices",https://web.archive.org/web/20060518021428id_/http://www.ci.lancaster.ma.us:80/town_report/2004/2004_ar_sec1.pdf,no tally page
Littleton2003,minutes or warrant,minutes or warrant,147,5-7,9,0,"page 6: 1 headings, 0 ballot words, 3 offices",https://web.archive.org/web/20150907010911id_/http://www.littletonma.org/filestorage/19479/28346/20201/20348/20357/AnnualReport2003.pdf,no tally page
Littleton2009,directory or list,directory or list,132,1-2,27,21,"page 1: 1 headings, 0 ballot words, 12 offices",https://web.archive.org/web/20150911123720id_/http://www.littletonma.org/filestorage/19455/533/6789/Microsoft_Word_-_2009_TOWN_REPORT.pdf,no tally page
Littleton2017,unclear,unclear,212,127-129,27,17,"page 128: 1 headings, 0 ballot words, 12 offices",https://web.archive.org/web/20220619020131id_/https://www.littletonma.org/sites/g/files/vyhlif8011/f/uploads/annual_town_report_2017_0.pdf,no tally page
Ludlow2005,minutes or warrant,minutes or warrant,68,6-8,24,19,"page 7: 1 headings, 1 ballot words, 10 offices",https://web.archive.org/web/20140801133547id_/http://www.ludlow.ma.us:80/reports/selectmen/reports/2005_town_report.pdf,no tally page
Ludlow2006,directory or list,directory or list,87,12-14,24,17,"page 13: 1 headings, 1 ballot words, 10 offices",https://web.archive.org/web/20100911002734id_/http://www.ludlow.ma.us:80/selectmen/reports/2006_town_report.pdf,no tally page
Ludlow2007,minutes or warrant,minutes or warrant,109,11-13,24,17,"page 12: 1 headings, 1 ballot words, 10 offices",https://web.archive.org/web/20081203133216id_/http://www.ludlow.ma.us:80/selectmen/reports/2007_town_report.pdf,no tally page
Ludlow2009,minutes or warrant,minutes or warrant,101,5-7,24,17,"page 6: 1 headings, 1 ballot words, 10 offices",https://web.archive.org/web/20100704224004id_/http://www.ludlow.ma.us:80/selectmen/reports/2009_town_report.pdf,no tally page
Ludlow2010,minutes or warrant,minutes or warrant,104,7-9,24,17,"page 8: 1 headings, 1 ballot words, 10 offices",https://web.archive.org/web/20120424211547id_/http://www.ludlow.ma.us:80/selectmen/reports/2010_Town_Report.pdf,no tally page
Ludlow2011,minutes or warrant,minutes or warrant,106,7-9,22,15,"page 8: 1 headings, 1 ballot words, 9 offices",https://web.archive.org/web/20251028101426id_/https://ludlow.ma.us/wp-content/uploads/sites/2/2025/05/2011-Annual-Town-Report.pdf,no tally page
Ludlow2012,unclear,unclear,98,45-47,29,22,"page 46: 1 headings, 14 ballot words, 4 offices",https://web.archive.org/web/20251028065601id_/https://ludlow.ma.us/wp-content/uploads/sites/2/2025/05/2012-Annual-Town-Report.pdf,no tally page
Ludlow2016,unclear,unclear,126,24-26,26,22,"page 25: 1 headings, 15 ballot words, 3 offices",https://web.archive.org/web/20251028073350id_/https://ludlow.ma.us/wp-content/uploads/sites/2/2025/05/2016-Annual-Town-Report.pdf,no tally page
Ludlow2018,minutes or warrant,minutes or warrant,130,4-6,22,13,"page 5: 1 headings, 1 ballot words, 9 offices",https://web.archive.org/web/20251028073311id_/https://ludlow.ma.us/wp-content/uploads/sites/2/2025/05/2018-Annual-Town-Report.pdf,no tally page
Ludlow2020,unclear,unclear,134,20-23,37,22,"page 22: 1 headings, 24 ballot words, 0 offices",https://web.archive.org/web/20251028115808id_/https://ludlow.ma.us/wp-content/uploads/sites/2/2025/05/2020-Annual-Town-Report.pdf,no tally page
Manchester2006,directory or list,directory or list,88,21-23,19,13,"page 22: 1 headings, 0 ballot words, 8 offices",https://web.archive.org/web/20101224172805id_/http://www.manchester.ma.us/Pages/ManchesterMA_BOS/2006_townreport.pdf,no tally page
Mansfield2001,directory or list,directory or list,149,5-7,21,0,"page 6: 1 headings, 0 ballot words, 9 offices",https://web.archive.org/web/20110128131653id_/http://mansfieldma.com/Clerk/Annual_Report_2001.pdf,no tally page
Mashpee2013,directory or list,directory or list,157,3-5,20,13,"page 4: 2 headings, 0 ballot words, 7 offices",https://web.archive.org/web/20250205051324id_/https://www.mashpeema.gov/sites/g/files/vyhlif3426/f/uploads/2013-annual_town_report.pdf,no tally page
Mashpee2015,minutes or warrant,minutes or warrant,168,82-84,22,20,"page 83: 2 headings, 0 ballot words, 8 offices",https://web.archive.org/web/20161227115952id_/http://www.mashpeema.gov/sites/mashpeema/files/uploads/2015_final_annual_report.pdf,no tally page
Mashpee2016,minutes or warrant,minutes or warrant,172,64-66,23,23,"page 65: 1 headings, 0 ballot words, 10 offices",https://web.archive.org/web/20250205102504id_/https://www.mashpeema.gov/sites/g/files/vyhlif3426/f/uploads/2016_annual_report.pdf,no tally page
Maynard2020,directory or list,directory or list,221,4-6,27,27,"page 5: 1 headings, 0 ballot words, 12 offices",https://web.archive.org/web/20211228222827id_/https://www.townofmaynard-ma.gov/wp-content/uploads/2021/05/maynard-town-report-2020.pdf,no tally page
Milford2007,directory or list,directory or list,203,1-3,21,0,"page 2: 1 headings, 0 ballot words, 9 offices",https://web.archive.org/web/20220302180228id_/https://www.milfordma.gov/sites/g/files/vyhlif3466/f/uploads/tom_2007_annual_report.pdf,no tally page
Millis2020,directory or list,directory or list,213,2-4,31,26,"page 3: 1 headings, 0 ballot words, 14 offices",https://web.archive.org/web/20220308223934id_/https://www.millisma.gov/sites/g/files/vyhlif901/f/news/millis_2020_town_report.pdf,no tally page
Nahant2009,unclear,unclear,122,4-6,15,0,"page 5: 1 headings, 0 ballot words, 6 offices",https://web.archive.org/web/20151025094122id_/http://www.nahant.org/documents/townhall/annual_town_reports/Town%20of%20Nahant_Annual%20Report_2009.pdf,no tally page
Nahant2019,minutes or warrant,minutes or warrant,77,71-73,27,21,"page 72: 1 headings, 0 ballot words, 12 offices",https://web.archive.org/web/20231110195645id_/https://nahant.org/wp-content/uploads/2022/11/Town-of-Nahant_Annual-Report_2019.pdf,no tally page
NewMarlborough2014,directory or list,directory or list,47,42-44,19,9,"page 43: 1 headings, 0 ballot words, 8 offices",https://web.archive.org/web/20260116133947id_/https://www.newmarlboroughma.gov/sites/g/files/vyhlif4771/f/uploads/annual_town_report_2014.pdf,no tally page
Northborough2010,directory or list,directory or list,64,48-50,18,18,"page 49: 1 headings, 1 ballot words, 7 offices",https://web.archive.org/web/20111125115947id_/http://www.town.northborough.ma.us:80/Pages/NorthboroughMA_Admin/2010AnnualReport.pdf,no tally page
Northborough2012,directory or list,directory or list,62,7-9,18,0,"page 8: 1 headings, 1 ballot words, 7 offices",https://web.archive.org/web/20130918154850id_/http://www.town.northborough.ma.us:80/Pages/NorthboroughMA_Admin/2012AnnualReport.pdf,no tally page
Northborough2013,directory or list,directory or list,64,22-24,30,22,"page 23: 1 headings, 1 ballot words, 13 offices",https://web.archive.org/web/20220302194108id_/https://www.town.northborough.ma.us/sites/g/files/vyhlif3571/f/uploads/2013_annual_report.pdf,no tally page
Northborough2014,directory or list,directory or list,67,22-24,30,18,"page 23: 1 headings, 1 ballot words, 13 offices",https://web.archive.org/web/20150910012138id_/http://www.town.northborough.ma.us/Pages/NorthboroughMA_Admin/2014AnnualReport.pdf,no tally page
Northborough2015,directory or list,directory or list,60,22-24,30,18,"page 23: 1 headings, 1 ballot words, 13 offices",https://web.archive.org/web/20220308130040id_/https://www.town.northborough.ma.us/sites/g/files/vyhlif3571/f/uploads/2015_annual_report.pdf,no tally page
Northborough2017,directory or list,directory or list,59,20-22,30,18,"page 21: 1 headings, 1 ballot words, 13 offices",https://web.archive.org/web/20220302075313id_/https://www.town.northborough.ma.us/sites/g/files/vyhlif3571/f/uploads/2017_annual_report.pdf,no tally page
Northborough2018,directory or list,directory or list,63,20-22,30,18,"page 21: 1 headings, 1 ballot words, 13 offices",https://web.archive.org/web/20220302075440id_/https://www.town.northborough.ma.us/sites/g/files/vyhlif3571/f/uploads/2018_annual_report.pdf,no tally page
Northfield2018,directory or list,directory or list,85,41-43,23,0,"page 42: 1 headings, 0 ballot words, 10 offices",https://web.archive.org/web/20230617182602id_/https://www.northfieldma.gov/sites/g/files/vyhlif991/f/uploads/2018_northfield_annual_town_report.pdf,no tally page
Paxton2020,directory or list,directory or list,1,1-1,23,0,"page 1: 1 headings, 0 ballot words, 10 offices",https://web.archive.org/web/20210327122634id_/https://www.townofpaxton.net/sites/g/files/vyhlif4846/f/uploads/2020_caucus_results.pdf,no tally page
Pembroke2012,directory or list,directory or list,183,3-5,11,0,"page 4: 1 headings, 0 ballot words, 4 offices",https://web.archive.org/web/20160328125429id_/http://www.pembroke-ma.gov/sites/pembrokema/files/uploads/2012_annual_report.pdf,no tally page
Petersham2021,unclear,unclear,103,2-4,19,0,"page 3: 1 headings, 0 ballot words, 8 offices",https://archives.lib.state.ma.us/server/api/core/bitstreams/d07430f4-84f2-4371-b4ee-9bd673e3ae06/content,no tally page
Plainville2018,unclear,unclear,148,29-32,55,32,"page 30: 1 headings, 12 ballot words, 16 offices",https://web.archive.org/web/20220302104327id_/https://www.plainville.ma.us/sites/g/files/vyhlif4871/f/uploads/annual_report_for_fy_2018.pdf,no tally page
Richmond2012,minutes or warrant,minutes or warrant,96,94-96,17,10,"page 95: 1 headings, 0 ballot words, 7 offices",https://web.archive.org/web/20131217033853id_/http://www.richmondma.org/vertical/sites/%7B9DC0A798-F1C3-4B1E-8269-2CF29B5BB3F8%7D/uploads/RICHMOND_TOWN_REPORT_2012_WEB.pdf,no tally page
Richmond2016,minutes or warrant,minutes or warrant,97,29-31,23,19,"page 30: 1 headings, 0 ballot words, 10 offices",https://web.archive.org/web/20160909083220id_/http://www.richmondma.org:80/vertical/sites/%7B9DC0A798-F1C3-4B1E-8269-2CF29B5BB3F8%7D/uploads/Richmond_Town_Report_2016_web.pdf,no tally page
Seekonk2017,minutes or warrant,minutes or warrant,134,38-40,15,12,"page 39: 1 headings, 0 ballot words, 6 offices",https://web.archive.org/web/20220302020651id_/https://www.seekonk-ma.gov/sites/g/files/vyhlif1191/f/pages/annual_report_2017.pdf,no tally page
Sharon2012,directory or list,directory or list,288,250-252,23,20,"page 251: 1 headings, 0 ballot words, 10 offices",https://web.archive.org/web/20150108040219id_/http://www.townofsharon.net/sites/sharonma/files/file/file/2012_annual_town_report.pdf,no tally page
Sheffield2011,minutes or warrant,minutes or warrant,84,20-22,17,0,"page 21: 1 headings, 0 ballot words, 7 offices",https://web.archive.org/web/20161229015950id_/http://www.sheffieldma.gov/Pages/SheffieldMA_WebDocs/2011AnnualReport.pdf,no tally page
Shirley2008,unclear,unclear,1,1-1,57,0,"page 1: 1 headings, 8 ballot words, 3 offices",https://web.archive.org/web/20220301202104id_/https://www.shirley-ma.gov/sites/g/files/vyhlif5001/f/pages/11-4-2008_override_election_results.pdf,no tally page
Shirley2009,unclear,unclear,3,2-3,16,0,"page 3: 1 headings, 3 ballot words, 0 offices",https://web.archive.org/web/20220301201945id_/https://www.shirley-ma.gov/sites/g/files/vyhlif5001/f/pages/9-15-2009_election_results.pdf,no tally page
Shirley2011,unclear,unclear,2,1-2,12,0,"page 1: 1 headings, 1 ballot words, 4 offices",https://web.archive.org/web/20220307191501id_/https://www.shirley-ma.gov/sites/g/files/vyhlif5001/f/pages/2-5-_2011_election_result.pdf,no tally page
Southborough2018,directory or list,directory or list,124,3-5,17,0,"page 4: 1 headings, 0 ballot words, 7 offices",https://archives.lib.state.ma.us/server/api/core/bitstreams/cf000755-9db3-4196-a77d-8f10d3e6c220/content,no tally page
Southborough2019,directory or list,directory or list,114,3-5,22,0,"page 4: 2 headings, 0 ballot words, 8 offices",https://web.archive.org/web/20220302030333id_/https://www.southboroughtown.com/sites/g/files/vyhlif7351/f/uploads/2019_annual_report_final_031020.pdf,no tally page
Stockbridge2020,directory or list,directory or list,88,11-13,18,17,"page 12: 2 headings, 0 ballot words, 6 offices",https://web.archive.org/web/20230109215121id_/https://stockbridge-ma.gov/wp-content/uploads/2020/06/2019-Annual-Report.pdf,no tally page
Stoneham2015,minutes or warrant,minutes or warrant,118,100-102,53,33,"page 101: 2 headings, 5 ballot words, 17 offices",https://web.archive.org/web/20160817235039id_/http://www.stoneham-ma.gov:80/sites/stonehamma/files/file/file/0_aa_2015_annual_report.pdf,no tally page
Stow2008,directory or list,directory or list,144,2-4,27,11,"page 3: 1 headings, 0 ballot words, 12 offices",https://web.archive.org/web/20151024190449id_/http://www.stow-ma.gov/Pages/StowMA_Selectmen/StowMA_TownReports/2008%20Annual%20Report.pdf,no tally page
Stow2009,directory or list,directory or list,156,4-6,26,17,"page 5: 2 headings, 0 ballot words, 10 offices",https://web.archive.org/web/20151024192416id_/http://www.stow-ma.gov/Pages/StowMA_Selectmen/StowMA_TownReports/2009_StowAR_final.pdf,no tally page
Stow2011,unclear,unclear,144,2-4,21,15,"page 3: 1 headings, 0 ballot words, 9 offices",https://web.archive.org/web/20161227163221id_/http://www.stow-ma.gov/Pages/StowMA_Selectmen/StowMA_TownReports/2011/2011.pdf,no tally page
Sunderland2013,minutes or warrant,minutes or warrant,89,4-6,40,11,"page 5: 2 headings, 0 ballot words, 17 offices",https://web.archive.org/web/20220302070425id_/https://www.townofsunderland.us/sites/g/files/vyhlif3891/f/uploads/annual_report_2013.pdf,no tally page
Truro2017,directory or list,directory or list,232,4-6,25,20,"page 5: 1 headings, 0 ballot words, 11 offices",https://web.archive.org/web/20230519091450id_/https://www.truro-ma.gov/sites/g/files/vyhlif9766/f/pages/annual_town_report_2017.pdf,no tally page
Truro2019,directory or list,directory or list,181,6-8,25,0,"page 7: 1 headings, 0 ballot words, 11 offices",https://web.archive.org/web/20250225085421id_/https://www.truro-ma.gov/sites/g/files/vyhlif9766/f/uploads/2019_annual_town_report_.pdf,no tally page
Walpole2018,unclear,unclear,247,1-5,21,15,"page 4: 1 headings, 0 ballot words, 9 offices",https://web.archive.org/web/20211122230657id_/https://www.walpole-ma.gov/sites/g/files/vyhlif1381/f/uploads/2018_town_report_-_final.pdf,no tally page
Wayland2007,minutes or warrant,minutes or warrant,120,16-18,70,52,"page 17: 4 headings, 4 ballot words, 14 offices",https://web.archive.org/web/20151030034515id_/http://www.wayland.ma.us/Pages/WaylandMA_Selectmen/TownReports/WaylandTownReports2007.pdf,no tally page
Wayland2009,minutes or warrant,minutes or warrant,146,15-17,61,44,"page 16: 2 headings, 5 ballot words, 8 offices",https://web.archive.org/web/20151030034930id_/http://www.wayland.ma.us/Pages/WaylandMA_Selectmen/TownReports/WaylandTownReports2009.pdf,no tally page
Wayland2015,minutes or warrant,minutes or warrant,178,15-17,62,52,"page 16: 2 headings, 4 ballot words, 9 offices",https://web.archive.org/web/20211122231109id_/https://www.wayland.ma.us/sites/g/files/vyhlif4016/f/uploads/annual_town_report_2015.pdf,no tally page
Wayland2017,minutes or warrant,unclear,179,16-18,54,50,"page 17: 2 headings, 4 ballot words, 11 offices",https://web.archive.org/web/20211123155140id_/https://www.wayland.ma.us/sites/g/files/vyhlif4016/f/uploads/town_report_2017.pdf,no tally page
Wayland2019,minutes or warrant,minutes or warrant,194,15-17,83,76,"page 16: 1 headings, 4 ballot words, 14 offices",https://web.archive.org/web/20251107031510id_/https://www.wayland.ma.us/sites/g/files/vyhlif9231/f/uploads/final_wayland_town_report_2019_for_web.pdf,no tally page
Westport2013,unclear,unclear,233,31-37,40,37,"page 32: 1 headings, 5 ballot words, 11 offices",https://web.archive.org/web/20211122232925id_/https://www.westport-ma.com/sites/g/files/vyhlif7356/f/pages/town_report_2013.pdf,no tally page
Westport2020,minutes or warrant,unclear,256,32-36,29,18,"page 33: 1 headings, 8 ballot words, 3 offices",https://web.archive.org/web/20240421224140id_/https://www.westport-ma.com/sites/g/files/vyhlif12811/f/pages/town_report_2020_1.pdf,no tally page
Ayer2013,minutes or warrant,looks like return,187,165-171,91,89,"page 167: 1 headings, 30 ballot words, 5 offices",https://web.archive.org/web/20150609151359id_/http://www.ayer.ma.us/pages/AyerMA_About/2013-town_report.pdf,"the annual election, and a state one beside it"
Ayer2016,minutes or warrant,looks like return,193,156-174,69,67,"page 160: 1 headings, 26 ballot words, 0 offices",https://web.archive.org/web/20210326065421id_/https://www.ayer.ma.us/sites/g/files/vyhlif2756/f/uploads/2016_town_of_ayer_annual_report.pdf,"the annual election, and a state one beside it"
Brewster2020,minutes or warrant,looks like return,179,82-85,81,59,"page 83: 1 headings, 18 ballot words, 6 offices",https://web.archive.org/web/20211108193154id_/https://www.brewster-ma.gov/files/2020townreport.pdf,"the annual election, and a state one beside it"
Carver2006,minutes or warrant,looks like return,158,13-28,38,17,"page 14: 2 headings, 6 ballot words, 2 offices",https://web.archive.org/web/20240715074616id_/https://www.carverma.gov/sites/g/files/vyhlif4221/f/pages/2006_town_report.pdf,"the annual election, and a state one beside it"
Carver2013,minutes or warrant,looks like return,154,20-31,39,20,"page 21: 2 headings, 7 ballot words, 2 offices",https://web.archive.org/web/20240716095318id_/https://www.carverma.gov/sites/g/files/vyhlif4221/f/pages/2013_town_report.pdf,"the annual election, and a state one beside it"
Cohasset2006,directory or list,looks like return,232,83-92,59,20,"page 84: 1 headings, 4 ballot words, 3 offices",https://web.archive.org/web/20160727104131id_/http://www.cohassetma.org:80/uploads/forms/townreportcombinedfinal_2006.pdf,"the annual election, and a state one beside it"
Cohasset2008,directory or list,looks like return,234,106-116,65,19,"page 107: 1 headings, 4 ballot words, 5 offices",https://web.archive.org/web/20160819001238id_/http://www.cohassetma.org//uploads/Town%20Reports/TownReportCombinedFinal_2008.pdf,"the annual election, and a state one beside it"
Cohasset2013,directory or list,looks like return,216,81-86,38,15,"page 83: 1 headings, 3 ballot words, 2 offices",https://web.archive.org/web/20160723160725id_/http://www.cohassetma.org:80/uploads/forms/townreportcombinedfinal_2013.pdf,"the annual election, and a state one beside it"
Grafton2013,directory or list,looks like return,124,35-38,71,38,"page 36: 1 headings, 10 ballot words, 5 offices",https://web.archive.org/web/20220319195917id_/https://www.grafton-ma.gov/sites/g/files/vyhlif4461/f/uploads/2013_annual_town_report_tr_web_copy_final.pdf,"the annual election, and a state one beside it"
Marblehead2013,minutes or warrant,looks like return,274,71-84,56,19,"page 72: 1 headings, 9 ballot words, 1 offices",https://web.archive.org/web/20251013064936id_/https://marbleheadma.gov/wp-content/uploads/2025/04/Annual-Report-2013.pdf,"the annual election, and a state one beside it"
Marblehead2020,minutes or warrant,looks like return,325,63-78,67,30,"page 64: 1 headings, 12 ballot words, 2 offices",https://web.archive.org/web/20251013064920id_/https://marbleheadma.gov/wp-content/uploads/2025/04/Annual-Report-2020.pdf,"the annual election, and a state one beside it"
Northbridge2016,minutes or warrant,looks like return,188,62-75,70,37,"page 66: 1 headings, 15 ballot words, 2 offices",https://web.archive.org/web/20211229015317id_/https://www.northbridgemass.org/sites/g/files/vyhlif981/f/u2391/2016_annual_town_report.pdf,"the annual election, and a state one beside it"
Northbridge2020,minutes or warrant,looks like return,204,69-82,68,24,"page 73: 1 headings, 11 ballot words, 3 offices",https://web.archive.org/web/20220320074233id_/https://www.northbridgemass.org/sites/g/files/vyhlif981/f/uploads/2020_annual_town_report.pdf,"the annual election, and a state one beside it"
Sharon2010,directory or list,looks like return,243,41-56,45,33,"page 42: 1 headings, 12 ballot words, 5 offices",https://web.archive.org/web/20150109035012id_/http://www.townofsharon.net:80/sites/sharonma/files/file/file/2010_annual_town_report.pdf,"the annual election, and a state one beside it"
Tyngsborough2015,minutes or warrant,looks like return,118,59-62,79,53,"page 60: 1 headings, 16 ballot words, 6 offices",https://web.archive.org/web/20150917213911id_/http://www.tyngsboroughma.gov/download/documents/2015/2014_AnnualTownReport.pdf,"the annual election, and a state one beside it"
Wayland2005,minutes or warrant,looks like return,176,80-87,67,43,"page 84: 2 headings, 7 ballot words, 3 offices",https://web.archive.org/web/20151030031452id_/http://www.wayland.ma.us/Pages/WaylandMA_Selectmen/TownReports/WaylandTownReports2005.pdf,"the annual election, and a state one beside it"
Wayland2010,minutes or warrant,looks like return,146,70-76,55,52,"page 73: 1 headings, 12 ballot words, 4 offices",https://web.archive.org/web/20151030033231id_/http://www.wayland.ma.us/Pages/WaylandMA_Selectmen/TownReports/WaylandAnnualReports2010.pdf,"the annual election, and a state one beside it"
Wayland2013,minutes or warrant,looks like return,180,87-94,76,44,"page 91: 1 headings, 13 ballot words, 6 offices",https://web.archive.org/web/20211122231056id_/https://www.wayland.ma.us/sites/g/files/vyhlif4016/f/uploads/annual_town_report_2013.pdf,"the annual election, and a state one beside it"
Wayland2014,minutes or warrant,looks like return,164,92-97,50,29,"page 94: 1 headings, 13 ballot words, 6 offices",https://web.archive.org/web/20151030033042id_/http://www.wayland.ma.us/Pages/WaylandMA_Selectmen/TownReports/AnnualReport2014.pdf,"the annual election, and a state one beside it"
