municipality,year,url
Acushnet,2018,https://web.archive.org/web/20220321012348id_/https://www.acushnet.ma.us/sites/g/files/vyhlif2721/f/uploads/town_report_2018_v3.pdf
Arlington,2008,https://web.archive.org/web/20101229065000id_/http://www.arlingtonma.gov/Public_Documents/ArlingtonMA_WebDocs/AnnualReport/2008/AnnualReport_2008.pdf
Ayer,2013,https://web.archive.org/web/20150609151359id_/http://www.ayer.ma.us/pages/AyerMA_About/2013-town_report.pdf
Ayer,2014,https://web.archive.org/web/20210326065419id_/https://www.ayer.ma.us/sites/g/files/vyhlif2756/f/uploads/2014-town_report.pdf
Ayer,2017,https://web.archive.org/web/20210326065428id_/https://www.ayer.ma.us/sites/g/files/vyhlif2756/f/uploads/2017_town_report_digital_copy.pdf
Ayer,2019,https://web.archive.org/web/20210326065422id_/https://www.ayer.ma.us/sites/g/files/vyhlif2756/f/uploads/2019_town_of_ayer_annual_report.pdf
Bedford,2013,https://web.archive.org/web/20161229073752id_/http://www.bedfordma.gov/sites/bedfordma/files/file/file/annual_town_report_2013.pdf
Belmont,2017,https://web.archive.org/web/20240615033318id_/https://www.belmont-ma.gov/sites/g/files/vyhlif12826/f/u736/final_-_town_of_belmont_annual_report_-_4-28-2017-_with_treasurer.pdf
Belmont,2018,https://web.archive.org/web/20240615030928id_/https://www.belmont-ma.gov/sites/g/files/vyhlif12826/f/uploads/2018_annual_report_-_with_covers.pdf
Belmont,2020,https://web.archive.org/web/20240615032113id_/https://www.belmont-ma.gov/sites/g/files/vyhlif12826/f/uploads/annual_report_2020_for_web_viewing.pdf
Bourne,2011,https://web.archive.org/web/20161216035848id_/http://www.townofbourne.com/sites/bournema/files/file/file/2011townreport.pdf
Boylston,2017,https://web.archive.org/web/20220302125149id_/https://www.boylston-ma.gov/sites/g/files/vyhlif4171/f/uploads/2017_annual_town_report.pdf
Boylston,2018,https://web.archive.org/web/20220302125146id_/https://www.boylston-ma.gov/sites/g/files/vyhlif4171/f/uploads/official_town_report_2018_-_final.pdf
Carver,2001,https://web.archive.org/web/20260213105658id_/https://www.carverma.gov/sites/g/files/vyhlif4221/f/pages/2001_town_report.pdf
Carver,2003,https://web.archive.org/web/20260202194708id_/https://www.carverma.gov/sites/g/files/vyhlif4221/f/pages/2003_town_report.pdf
Chatham,2011,https://chatham-ma.gov/DocumentCenter/View/1724/2011-Annual-Town-Report-PDF
Chatham,2012,https://web.archive.org/web/20161220065631id_/http://chatham-ma.gov/Public_Documents/ChathamMA_Selectmen/2012%20Annual%20Town%20Report.pdf
Chatham,2013,https://web.archive.org/web/20161220065603id_/http://chatham-ma.gov/Public_Documents/ChathamMA_Selectmen/2013%20Annual%20Town%20Report%20Final.pdf
Chatham,2014,https://web.archive.org/web/20161228064200id_/http://www.chatham-ma.gov/public_documents/ChathamMA_Manager/2014%20Annual%20Report.pdf
Chatham,2017,https://chatham-ma.gov/DocumentCenter/View/1717/2017-Annual-Town-Report-PDF
Chatham,2018,https://chatham-ma.gov/DocumentCenter/View/1719/2018-Annual-Town-Report-PDF
Dighton,2020,https://dighton-ma.gov/DocumentCenter/View/1581
Erving,2017,https://web.archive.org/web/20220419172019id_/https://www.erving-ma.gov/sites/g/files/vyhlif4401/f/uploads/2017_annual_town_report_final.pdf
Erving,2020,https://web.archive.org/web/20220615042515id_/https://www.erving-ma.gov/sites/g/files/vyhlif4401/f/uploads/2020_annual_town_report_final.pdf
Grafton,2009,https://web.archive.org/web/20120526135152id_/http://www.grafton-ma.gov:80/Public_Documents/GraftonMA_Admin/Annual%20Town%20Report/Annual_Town_Report_2009.pdf
Granby,2013,https://web.archive.org/web/20161227004434id_/http://granby-ma.gov/Pages/GranbyMA_TownMeeting/Annual%20Town%20Reports/2013-Final.pdf
Granby,2020,https://web.archive.org/web/20230309065409id_/https://www.granby-ma.gov/sites/g/files/vyhlif4466/f/uploads/2020_annual_report.pdf
Groton,2010,https://portal.grotonma.gov/storage/Town_Reports/2010_Annual_Report.pdf
Hamilton,2010,https://web.archive.org/web/20161222042005id_/http://www.hamiltonma.gov/pages/hamiltonma_bcomm/bos/annualreportfolder/Hamilton%20AR2010.pdf
Hamilton,2019,https://www.hamiltonma.gov/wp-content/uploads/2019/04/Town-Report-2018-1.pdf
Hanson,2010,https://www.hanson-ma.gov/sites/g/files/vyhlif3231/f/uploads/hanson_2010_annual_town_report.pdf
Holden,2020,https://holdenma.gov/DocumentCenter/View/770/2020-Annual-Town-Report
Huntington,2013,https://web.archive.org/web/20211211030713id_/https://www.huntingtonma.us/Reports/Huntington_Annual_Report_2013.pdf
Mansfield,2014,https://web.archive.org/web/20151009074313id_/http://www.mansfieldma.com/Town_of_Mansfield_Annual_Town_Report_2014.pdf
Marshfield,2017,https://web.archive.org/web/20250320234907id_/https://cms3.revize.com/revize/boylstonma/Documents/Community/Government/Board%20of%20Selectman/Reports%20&%20Policies/2017_annual_town_report.pdf
Marshfield,2018,https://web.archive.org/web/20260124200713id_/https://cms3.revize.com/revize/boylstonma/Documents/Community/Government/Board%20of%20Selectman/Reports%20&%20Policies/official_town_report_2018_-_final.pdf
Montague,2020,https://montague-ma.gov/files/ANNUAL_REPORT_2020_-_FINAL-WEBSITE.pdf
North Reading,2009,https://web.archive.org/web/20160620094010id_/http://www.northreadingma.gov/sites/northreadingma/files/uploads/reading_2009_town_report-3.31.10-kodak_resized.pdf
North Reading,2011,https://web.archive.org/web/20160620074335id_/http://www.northreadingma.gov/sites/northreadingma/files/uploads/north_reading_2011_town_report-4th_pass_proof.pdf
North Reading,2018,https://web.archive.org/web/20211228215532id_/https://www.northreadingma.gov/sites/g/files/vyhlif3591/f/uploads/north_reading_2018_annual_report.pdf
Northbridge,2014,https://web.archive.org/web/20170109041120id_/http://www.northbridgemass.org/sites/northbridgema/files/u2345/2014_annual_town_report.pdf
Northfield,2010,https://web.archive.org/web/20161216042941id_/http://www.northfieldma.gov/sites/northfieldma/files/uploads/annual_report_2010.pdf
Norton,2020,https://web.archive.org/web/20220319171112id_/https://www.nortonma.org/sites/g/files/vyhlif3606/f/uploads/annual_report_309th_norton_2020_tr-final_final_web_copy.pdf
Plymouth,2011,https://web.archive.org/web/20170126045753id_/http://www.plymouth-ma.gov/sites/plymouthma/files/uploads/2011_town_report.pdf
Rowley,2014,https://www.townofrowley.net/sites/g/files/vyhlif4956/f/uploads/150428_annual_report_2014.pdf
Rutland,2016,https://townofrutland.org/DocumentCenter/View/854/FY2016-Annual-Town-Report
Rutland,2019,https://townofrutland.org/DocumentCenter/View/857/FY2019-Annual-Town-Report
Sharon,2014,https://web.archive.org/web/20150501224322id_/http://www.townofsharon.net:80/sites/sharonma/files/file/file/2014_sharon_annual_town_reportbw.pdf
Sharon,2016,https://web.archive.org/web/20220308075449id_/https://www.townofsharon.net/sites/g/files/vyhlif3801/f/uploads/2016_sharon_annual_town_report_final.pdf
Sharon,2018,https://web.archive.org/web/20220308075021id_/https://www.townofsharon.net/sites/g/files/vyhlif3801/f/uploads/2018_town_report_final.pdf
Sharon,2020,https://www.sharonma.gov/DocumentCenter/View/753/2020-Annual-Town-Report-PDF
Southborough,2014,https://web.archive.org/web/20150908144246id_/http://www.southboroughtown.com/townclerk/AnnualReport2014/Southboro%202014%20Annual%20Report.pdf
Spencer,2020,https://spencerma.gov/DocumentCenter/View/380/2020-Annual-Town-Report
Templeton,2013,https://www.templetonma.gov/DocumentCenter/View/2417/Annual-Report-for-Fiscal-Year-2013-PDF
Uxbridge,2006,https://web.archive.org/web/20071017060447id_/http://www.uxbridge-ma.gov/Documents/TownReport2006.pdf
Walpole,2010,https://walpole-ma.gov/DocumentCenter/View/2590/Town-Report-2010
Walpole,2012,https://walpole-ma.gov/DocumentCenter/View/2576/Town-Report-2012
Walpole,2014,https://web.archive.org/web/20150724224135id_/http://www.walpole-ma.gov/sites/walpolema/files/file/file/2014_final_town_report.pdf
Walpole,2016,https://walpole-ma.gov/DocumentCenter/View/2586/Town-Report-2016
Walpole,2017,https://web.archive.org/web/20190111175430id_/https://www.walpole-ma.gov/sites/walpolema/files/file/file/2017_annual_town_report.pdf
Wellfleet,2016,https://wellfleet-ma.gov/DocumentCenter/View/5317/Annual-Town-Report-2016
West Brookfield,2015,https://storage.googleapis.com/juniper-media-library/43/2023/10/2015%20Annual%20Town%20Report.pdf
Westport,2008,https://web.archive.org/web/20211123071423id_/https://www.westport-ma.com/sites/g/files/vyhlif7356/f/uploads/westport_annualreport_2008.pdf
Westport,2014,https://web.archive.org/web/20240421162329id_/https://www.westport-ma.com/sites/g/files/vyhlif12811/f/pages/town_report_2014.pdf
Westport,2015,https://web.archive.org/web/20210425150334id_/https://www.westport-ma.com/sites/g/files/vyhlif1441/f/pages/2015_town_report.pdf
