municipality,url,anchor
Abington,https://abingtonma.gov/browse/587585,Annual Town Reports
Abington,https://www.abingtonma.gov/documents/government/town-manager/annual-town-reports/587585,
Ashburnham,https://ashburnham-ma.gov/612/Archived-Town-Reports,Archived Town Reports
Ashby,https://ci.ashby.ma.us/town-reports/annual-town-reports-archive/,Town Reports
Ashby,https://ci.ashby.ma.us/2022/04/20/annual-town-reports/,
Ashby,https://ci.ashby.ma.us/tag/annual-town-report/,Annual Town Report
Ashby,https://ci.ashby.ma.us/documents/reports-to-the-town/annual-town-reports-archive/,
Ashby,https://ci.ashby.ma.us/annual-report-2019/,
Ashby,https://ci.ashby.ma.us/wp-content/uploads/2020/05/Annual-Report-2019.png,
Ashby,https://ci.ashby.ma.us/wp-content/uploads/2020/05/Annual-Report-2020.gif,
Ashby,https://ci.ashby.ma.us/wp-content/uploads/2022/04/Annual-Report-2021.gif,
Ashfield,https://ashfield.org/DocumentCenter/Index/341,Annual Town Reports
Athol,https://athol-ma.gov/CivicAlerts.aspx?AID=33,
Athol,https://www.athol-ma.gov/Archive.aspx?AMID=40,Annual Town Reports
Auburn,https://auburnma.gov/260/Town-Manager,
Auburn,https://auburnma.gov/826/Annual-Town-Report-Cover-Contest,
Auburn,https://pakachoaggolfcourse.com/260/Town-Manager,
Auburn,https://pakachoaggolfcourse.com/826/Annual-Town-Report-Cover-Contest,
Avon,https://www.avon-ma.gov/1679/Notable-Events,
Avon,https://www.avon-ma.gov/1865/Town-Reports,
Ayer,https://www.ayer.ma.us/176/Annual-Report,
Ayer,https://www.ayer.ma.us/171/Forms-Documents,Forms & Documents
Ayer,https://www.ayer.ma.us/Archive.aspx?AMID=40,View the Annual Reports of Ayer
Becket,https://www.townofbecket.org/administration/pages/annual-town-reports,Annual Town Reports
Bedford,https://bedfordnh.org/231/Annual-Town-Reports,Annual Town Reports
Bedford,https://bedfordnh.org/241/Annual-Reports,Annual Reports
Bedford,https://www.bedfordnh.gov/231/Annual-Town-Reports,
Bedford,https://www.bedfordnh.gov/241/Annual-Reports,
Belchertown,https://www.belchertown.org/461/Annual-Town-Reports,
Belmont,https://belmont-ma.gov/356/Annual-Town-Reports,
Belmont,https://belmont-ma.gov/1584/Annual-Report,
Belmont,https://belmont-ma.gov/1712/Studies-Projects-Reports,
Berkley,https://townofberkleyma.gov/srpedd-2024-town-of-berkley-annual-report/,
Berkley,https://townofberkleyma.gov/document/annual-reports/,Click Here to view the report
Berkley,https://townofberkleyma.gov/category/annual-reports/,
Berlin,https://townofberlin.com/1396/Annual-Reports,Annual Reports
Berlin,https://townofberlin.com/1422/Annual-Town-Reports,Annual Town Reports
Berlin,https://townofberlin.com/1543/Town-Reports,Town Reports
Bernardston,https://townofbernardston.org/node/1026,Annual Town Reports
Billerica,https://billerica.gov/1131/Annual-Reports,Annual Reports
Billerica,https://billerica.gov/DocumentCenter/View/9341/BHC-annual-reports-for-two-fiscal-years-ending-June-30-2021pdf,"BHC annual reports for two fiscal years ending June 30, 2021.pdf"
Blackstone,https://townofblackstone.org/814/Annual-Town-Reports,
Blackstone,https://townofblackstone.org/DocumentCenter/View/2529/2025-Annual-Town-Report-PDF,2025 Annual Town Report (PDF)
Blandford,https://townofblandford.gov/2017/04/19/annual-town-report-for-2016-2017-now-available/,
Blandford,https://townofblandford.gov/2026/05/29/2025-2026-annual-town-report-now-available-for-download/,2025-2026 Annual Town Report Now Available for Download
Blandford,https://townofblandford.gov/category/annual-report/,Annual Report
Blandford,https://townofblandford.gov/document-category/annual-town-reports/,View the Town Annual Reports here.
Blandford,https://townofblandford.gov/2025/05/08/2024-annual-report-now-available-for-download/,2024 Annual Report Now Available for Download
Blandford,https://townofblandford.gov/2024/05/02/2023-annual-report-now-available-for-download/,2023 Annual Report Now Available for Download
Blandford,https://townofblandford.gov/2023/05/18/2022-annual-report-now-available-for-download/,2022 Annual Report Now Available for Download
Blandford,https://townofblandford.gov/2021/05/26/2021-annual-report-now-available-for-download/,2021 Annual Report Now Available for Download
Blandford,https://townofblandford.gov/category/annual-report/page/2/,2
Blandford,https://townofblandford.gov/wp-content/uploads/2018/07/Blandford.mp4,Finance Board Report – July 2018
Blandford,https://townofblandford.gov/2018/04/21/annual-report-available-on-monday-4-23/,
Blandford,https://townofblandford.gov/2018/04/23/annual-report-now-available-for-download/,
Blandford,https://townofblandford.gov/2019/04/17/2019-annual-report-now-available-for-download/,
Blandford,https://townofblandford.gov/2020/06/02/2020-annual-report-now-available-for-download/,
Blandford,https://townofblandford.gov/documents-main/annual-report-2019/,
Blandford,https://townofblandford.gov/documents-main/annual-report-2020/,
Blandford,https://townofblandford.gov/documents-main/annual-report-2018/,
Blandford,https://townofblandford.gov/documents-main/annual-report-2017-updated-042117/,
Blandford,https://townofblandford.gov/documents-main/annual-report-2014/,
Blandford,https://townofblandford.gov/documents-main/annual-report-2015/,
Blandford,https://townofblandford.gov/documents-main/annual-report-2016/,
Blandford,https://townofblandford.gov/documents-main/annual-report-2013/,
Blandford,https://townofblandford.gov/documents-main/annual-report-2012/,
Blandford,https://townofblandford.gov/documents-main/annual-report-2011/,
Blandford,https://townofblandford.gov/documents-main/annual-report-2010/,
Blandford,https://townofblandford.gov/documents-main/annual-report-2009/,
Blandford,https://townofblandford.gov/documents-main/annual-report-2007/,
Blandford,https://townofblandford.gov/documents-main/annual-report-2006/,
Blandford,https://townofblandford.gov/documents-main/annual-report-2005/,
Blandford,https://townofblandford.gov/documents-main/annual-report-2004/,
Blandford,https://townofblandford.gov/documents-main/annual-report-2002/,
Blandford,https://townofblandford.gov/documents-main/annual-report-2021/,
Blandford,https://townofblandford.gov/documents-main/annual-report-2022/,
Blandford,https://townofblandford.gov/documents-main/annual-report-2023/,
Blandford,https://townofblandford.gov/documents-main/annual-report-2024/,
Blandford,https://townofblandford.gov/documents-main/annual-report-2025-2026/,
Bolton,https://bolton-ma.gov/1528/Town-Annual-Reports,
Bolton,https://townofbolton.com/1528/Town-Annual-Reports,Town Annual Reports
Bourne,https://www.bourne-ma.gov/1201/Town-Reports,
Bourne,https://townofbourne.com/1201/Town-Reports,Annual Town Reports
Brookfield,https://www.brookfieldma.us/select-board-annual-town-reports/,Annual Town Reports
Brookfield,https://www.brookfieldma.us/brookfield-wins-2nd-place-for-annual-town-report/,Brookfield Wins 2nd Place for Annual Town Report
Canton,https://town.canton.ma.us/627/CCPC-Annual-Reports,CCPC Annual Reports
Canton,https://town.canton.ma.us/972/2023-Annual-Town-Meeting,2023 Annual Town Meeting
Carlisle,https://carlislema.gov/1287/Committee-Achievements,
Charlemont,https://charlemont-ma.us/n/20206/Town-Report-for-year-ending-December-31-2024,
Charlemont,https://charlemont-ma.us/n/20242/Town-Report-2025,
Chatham,https://chatham-ma.gov/DocumentCenter/Index/684,Community Preservation Committee Town Reports
Chatham,https://chatham-ma.gov/DocumentCenter/Index/247,Annual Town Reports
Cheshire,https://cheshire-ma.gov/news-and-notices/2022-annual-town-report,
Chester,https://townofchester.net/2024/05/2022-2023-town-of-chester-annual-report/,
Chester,https://townofchester.net/2023/04/2021-2022-town-of-chester-annual-report/,
Chester,https://townofchester.net/2021/04/2020-annual-town-report-available-for-download/,
Chester,https://townofchester.net/2019/05/annual-town-report-available-for-download/,
Chester,https://townofchester.net/2024/06/2023-2024-town-of-chester-annual-report/,
Chester,https://townofchester.net/tag/annual-town-report/,
Chesterfield,https://www.townofchesterfieldma.com/select-board/pages/annual-town-reports,Annual Town Reports
Clarksburg,https://clarksburgma.gov/resources/annual-reports,
Clinton,https://clintonma.gov/Archive.aspx?AMID=86,View All Annual Town Reports
Cohasset,https://www.cohassetma.gov/253/Town-Reports,
Colrain,https://colrain-ma.gov/p/8101/Annual-Town-Reports,
Colrain,https://colrain-ma.gov/f/0/2042/Annual-Report,Annual Report
Colrain,https://colrain-ma.gov/p/8101/Annual-Reports,/p/8101/Annual-Reports
Colrain,https://colrain-ma.gov/n/264/Colrain-2018-Annual-Report,
Colrain,https://colrain-ma.gov/n/442/Annual-Report,
Colrain,https://colrain-ma.gov/n/25719/2023-Town-of-Colrain-Annual-Report,
Colrain,https://colrain-ma.gov/n/28779/2024-Annual-Town-Report,
Colrain,https://colrain-ma.gov/f/2042/Annual-Report,
Concord,https://concordma.gov/3458/Prior-Fiscal-Years,
Concord,https://concordma.gov/1107/Finance-Committee-Reports,
Concord,https://concordma.gov/3186/Annual-Town-Report-Collection,
Concord,https://concordma.gov/2964/Long-Range-Plans-Collection,
Concord,https://concordma.gov/754/Annual-Reports,
Concord,https://concordma.gov/4240/2025-Town-Report,
Concord,https://concordma.gov/4013/2024-Town-Report,
Concord,https://concordma.gov/3625/2023-Town-Report,
Concord,https://concordma.gov/3346/2022-Town-Report,
Concord,https://concordma.gov/2860/2020-Town-Report,
Concord,https://concordma.gov/2598/2019-Town-Report,
Concord,https://concordma.gov/2400/2018-Town-Report,
Concord,https://concordma.gov/2098/2017-Town-Report,
Concord,https://concordma.gov/1857/2016-Town-Report,
Concord,https://concordma.gov/755/2015-Town-Report,
Concord,https://concordma.gov/788/2014-Town-Report,
Concord,https://concordma.gov/792/2013-Town-Report,
Concord,https://concordma.gov/793/2012-Town-Report,
Concord,https://concordma.gov/761/2011-Town-Report,
Concord,https://concordma.gov/771/2010-Town-Report,
Concord,https://concordma.gov/777/2009-Town-Report,
Concord,https://concordma.gov/786/2008-Town-Report,
Concord,https://concordma.gov/4145/Article-2---Hear-Reports,
Concord,https://concordma.gov/3906/Article-2---Hear-Reports,
Conway,https://conwayma.gov/n/132/Annual-Town-Report-FY23,
Cummington,https://cummington-ma.gov/TownReports.php,Town Reports
Dalton,https://dalton-ma.gov/2025-annual-reports-and-finance-committee-report-available/,2025 Annual Reports and Finance Committee Report available
Dartmouth,https://dartmouthma.gov/268/Annual-Town-Reports,Annual Town Reports
Dartmouth,https://town.dartmouth.ma.us/268/Annual-Town-Reports,Annual Town Reports
Deerfield,https://deerfieldma.us/Archive.aspx?AMID=43,Annual Town Reports
Deerfield,https://deerfieldma.us/403/A,
Dighton,https://dighton-ma.gov/DocumentCenter/View/4167/2025---Annual-Town-Report,ANNUAL TOWN REPORT
Dighton,https://dighton-ma.gov/374/Annual-Town-Reports,Annual Town Reports
Douglas,https://douglas-ma.gov/235/Annual-Town-Reports,Annual Town Reports
Douglas,https://douglas-ma.gov/245/Raffle-Permits,Raffle Permits
Dover,https://doverma.gov/336/Town-Report-Committee,Town Report Committee
Dracut,https://dracutma.gov/Archive.aspx?AMID=50,MS4 Annual Reports
Dudley,https://www.dudleyma.gov/Archive.aspx?AMID=38,Annual Town Reports
Dudley,https://dudleyma.gov/315/Master-Plan,Master Plan 2000
Dudley,https://dudleyma.gov/206/Annual-Town-Reports,Annual Town Reports
Dunstable,https://www.dunstable-ma.gov/public-records/links/annual-town-reports,
Dunstable,https://www.dunstable-ma.gov/board-selectmen/pages/annual-town-reports,Town Reports
Dunstable,https://www.dunstable-ma.gov/annualreports,Annual Town Reports
Dunstable,https://www.dunstable-ma.gov/town-clerk/files/raffles-bazaars-annual-report-form,Raffles & Bazaars Annual Report Form
Dunstable,https://www.dunstable-ma.gov/print/397,
Dunstable,https://www.dunstable-ma.gov/select-board/files/annual-town-report-2025,2025 Town Report
Dunstable,https://www.dunstable-ma.gov/select-board/files/2024-town-report,2024 Town Report
Dunstable,https://www.dunstable-ma.gov/board-selectmen/files/2023-town-report,2023 Town Report
Dunstable,https://www.dunstable-ma.gov/town-meeting/files/2019-annual-town-report,2019 Town Report
Dunstable,https://www.dunstable-ma.gov/board-selectmen/files/2017-town-report-capital-plan,2017 Town Report & Capital Plan
Dunstable,https://www.dunstable-ma.gov/board-selectmen/files/2014-town-report,2014 Town Report
Dunstable,https://www.dunstable-ma.gov/board-selectmen/files/2013-town-report,2013 Town Report
Dunstable,https://www.dunstable-ma.gov/board-selectmen/files/2012-town-report,2012 Town Report
Dunstable,https://www.dunstable-ma.gov/board-selectmen/files/2011-town-report,2011 Town Report
Dunstable,https://www.dunstable-ma.gov/board-selectmen/files/2010-town-report,2010 Town Report
Dunstable,https://www.dunstable-ma.gov/board-selectmen/files/2009-town-report,2009 Town Report
Dunstable,https://www.dunstable-ma.gov/board-selectmen/files/2008-town-report,2008 Town Report
Dunstable,https://www.dunstable-ma.gov/board-selectmen/files/2007-town-report,2007 Town Report
Dunstable,https://www.dunstable-ma.gov/board-selectmen/files/2006-town-report,2006 Town Report
Dunstable,https://www.dunstable-ma.gov/advisory-board/files/2023-advisory-board-annual-report,
Dunstable,https://www.dunstable-ma.gov/advisory-board/links/annual-town-reports,
Dunstable,https://www.dunstable-ma.gov/town-meeting/links/annual-town-reports,
East Brookfield,https://eastbrookfieldma.us/DocumentCenter/View/359/annual_report_ebwd_2024,2024 Annual Report
East Brookfield,https://eastbrookfieldma.us/1359/Annual-Town-Reports,Annual Town Reports
East Brookfield,https://eastbrookfieldma.us/1295/2024-Annual-Report,2024 Annual Report
East Brookfield,https://eastbrookfieldma.us/DocumentCenter/View/328,2023 Annual Town Report
East Brookfield,https://eastbrookfieldma.us/DocumentCenter/View/329,2024 Annual Town Report
Erving,https://www.erving-ma.gov/683/Annual-Town-Reports,Annual Town Reports
Falmouth,https://www.falmouthma.gov/1506/Annual-Reports,
Falmouth,https://www.falmouthma.gov/721/Annual-Reports,
Goshen,https://www.goshen-ma.us/2017-annual-report/,
Goshen,https://www.goshen-ma.us/2020-annual-town-report-available-on-the-town-website/,
Goshen,https://www.goshen-ma.us/2021-annual-town-report-available-on-the-town-website/,
Goshen,https://www.goshen-ma.us/2022-annual-town-report-available-on-the-town-website/,
Goshen,https://www.goshen-ma.us/2023-annual-town-report-available-on-the-town-website-2/,
Goshen,https://www.goshen-ma.us/2024-annual-town-report-available-on-the-town-website/,
Grafton,https://grafton-ma.gov/Archive.aspx?AMID=37,Annual Town Reports
Granville,https://townofgranville.net/313/Annual-Town-Reports,Annual Town Reports
Granville,https://townofgranville.net/414/Annual-Town-Reports,Annual Town Reports
Granville,https://townofgranville.net/DocumentCenter/View/358/Annual-Town-Report-2024,Annual Town Report 2024
Granville,https://townofgranville.net/DocumentCenter/View/357/Annual-Town-Report-2023,Annual Town Report 2023
Granville,https://townofgranville.net/DocumentCenter/View/356/Annual-Town-Report-2022,Annual Town Report 2022
Granville,https://townofgranville.net/DocumentCenter/View/355/Annual-Town-Report-2021,Annual Town Report 2021
Granville,https://townofgranville.net/DocumentCenter/View/349/Annual-Town-Report-2019,Annual Town Report 2019
Granville,https://townofgranville.net/DocumentCenter/View/354/Annual-Town-Report-2018,Annual Town Report 2018
Granville,https://townofgranville.net/DocumentCenter/View/353/Annual-Town-Report-2017,Annual Town Report 2017
Granville,https://townofgranville.net/DocumentCenter/View/352/Annual-Town-Report-2016,Annual Town Report 2016
Granville,https://townofgranville.net/DocumentCenter/View/351/Annual-Town-Report-2015,Annual Town Report 2015
Granville,https://townofgranville.net/DocumentCenter/View/350/Annual-Town-Report-2014,Annual Town Report 2014
Granville,https://townofgranville.net/DocumentCenter/View/360/Annual-Town-Report-2013,Annual Town Report 2013
Granville,https://townofgranville.net/DocumentCenter/View/359/Annual-Town-Report-2012,Annual Town Report 2012
Granville,https://townofgranville.net/DocumentCenter/View/361/Annual-Town-Report-2011,Annual Town Report 2011
Granville,https://townofgranville.net/DocumentCenter/View/362/Annual-Town-Report-2010,Annual Town Report 2010
Granville,https://townofgranville.net/DocumentCenter/View/347/Annual-Town-Report-2009,Annual Town Report 2009
Granville,https://townofgranville.net/DocumentCenter/View/348/Annual-Town-Report-2008,Annual Town Report 2008
Granville,https://www.granville-ma.gov/313/Annual-Town-Reports,
Halifax,https://halifax-ma.org/CivicAlerts.aspx?AID=282,2025 Annual Town Report is Now Available
Halifax,https://halifax-ma.org/Archive.aspx?AMID=50,Annual Town Reports
Halifax,https://halifax-ma.org/m/newsflash/Home/Detail/282,2025 Annual Town Report is Now Available
Halifax,https://www.halifaxma.gov/2137/Annual-Town-Report,
Hampden,https://hampdenma.gov/229/Town-Reports,Town Reports
Hatfield,https://townofhatfield.org/374/Secretaries-Office-Functions,Secretaries Office Functions
Hatfield,https://townofhatfield.org/DocumentCenter/View/668/Annual-Report-Raffles,Annual Report Raffles
Hatfield,https://townofhatfield.org/m/newsflash/Home/Detail/27,2025 Annual Town Report
Hatfield,https://townofhatfield.org/DocumentCenter/View/3613,2025 Annual Town Report
Hawley,https://townofhawley.com/town-meeting-documents/,Annual Town Reports
Heath,https://townofheath.org/p/1309/NOW-AVAILABLE-2025-Annual-Town-Report,NOW AVAILABLE: 2025 Annual Town Report
Heath,https://townofheath.org/n/11296/PVMCD-2025-Annual-Report,
Hinsdale,https://hinsdalemass.com/1222/Annual-Reports,
Hinsdale,https://hinsdalemass.com/DocumentCenter/View/3326/2025-Annual-Report,2025 Annual Report
Hinsdale,https://hinsdalemass.com/DocumentCenter/View/255/2024-Annual-Report,2024 Annual Report
Hinsdale,https://hinsdalemass.com/DocumentCenter/View/254/2023-Annual-Report,2023 Annual Report
Hinsdale,https://hinsdalemass.com/DocumentCenter/View/253/2022-Annual-Report,2022 Annual Report
Hinsdale,https://hinsdalemass.com/DocumentCenter/View/252/2021-Annual-Report,2021 Annual Report
Hinsdale,https://hinsdalemass.com/DocumentCenter/View/251/2020-Annual-Report,2020 Annual Report
Hinsdale,https://hinsdalemass.com/DocumentCenter/View/250/2019-Annual-Report,2019 Annual Report
Hinsdale,https://hinsdalemass.com/DocumentCenter/View/249/2018-Annual-Report,2018 Annual Report
Hinsdale,https://hinsdalemass.com/DocumentCenter/View/248/2017-Annual-Report,2017 Annual Report
Hinsdale,https://hinsdalemass.com/DocumentCenter/View/247/2016-Annual-Report,2016 Annual Report
Hinsdale,https://hinsdalemass.com/DocumentCenter/View/246/2015-Annual-Report,2015 Annual Report
Hinsdale,https://hinsdalemass.com/DocumentCenter/View/245/2014-Annual-Report,2014 Annual Report
Hinsdale,https://hinsdalemass.com/DocumentCenter/View/244/2013-Annual-Report,2013 Annual Report
Hinsdale,https://hinsdalemass.com/DocumentCenter/View/243/2012-Annual-Report,2012 Annual Report
Hinsdale,https://hinsdalemass.com/DocumentCenter/View/242/2011-Annual-Report,2011 Annual Report
Hinsdale,https://hinsdalemass.com/DocumentCenter/View/241/2010-Annual-Report,2010 Annual Report
Hinsdale,https://hinsdalemass.com/DocumentCenter/View/240/2009-Annual-Report,2009 Annual Report
Hinsdale,https://hinsdalemass.com/DocumentCenter/View/239/2008-Annual-Report,2008 Annual Report
Hinsdale,https://hinsdalemass.com/DocumentCenter/View/292/2007-Annual-Report,2007 Annual Report
Hinsdale,https://hinsdalemass.com/DocumentCenter/View/291/2006-Annual-Report,2006 Annual Report
Hinsdale,https://hinsdalemass.com/DocumentCenter/View/290/2005-Annual-Report,2005 Annual Report
Hinsdale,https://hinsdalemass.com/DocumentCenter/View/289/2004-Annual-Report,2004 Annual Report
Hinsdale,https://hinsdalemass.com/DocumentCenter/View/288/2003-Annual-Report,2003 Annual Report
Hinsdale,https://hinsdalemass.com/DocumentCenter/View/287/2002-Annual-Report,2002 Annual Report
Hinsdale,https://hinsdalemass.com/DocumentCenter/View/286/2001-Annual-Report,2001 Annual Report
Hinsdale,https://hinsdalemass.com/DocumentCenter/View/285/2000-Annual-Report,2000 Annual Report
Hinsdale,https://hinsdalemass.com/DocumentCenter/View/284/1999-Annual-Report,1999 Annual Report
Hinsdale,https://hinsdalemass.com/DocumentCenter/View/283/1998-Annual-Report,1998 Annual Report
Hinsdale,https://hinsdalemass.com/DocumentCenter/View/282/1997-Annual-Report,1997 Annual Report
Hinsdale,https://hinsdalemass.com/DocumentCenter/View/281/1996-Annual-Report,1996 Annual Report
Hinsdale,https://hinsdalemass.com/DocumentCenter/View/280/1995-Annual-Report,1995 Annual Report
Hinsdale,https://hinsdalemass.com/DocumentCenter/View/279/1994-Annual-Report,1994 Annual Report
Hinsdale,https://hinsdalemass.com/DocumentCenter/View/278/1993-Annual-Report,1993 Annual Report
Hinsdale,https://hinsdalemass.com/DocumentCenter/View/277/1992-Annual-Report,1992 Annual Report
Hinsdale,https://hinsdalemass.com/DocumentCenter/View/276/1991-Annual,1991 Annual
Hinsdale,https://hinsdalemass.com/DocumentCenter/View/275/1990-Annual-Report,1990 Annual Report
Hinsdale,https://hinsdalemass.com/DocumentCenter/View/274/1989-Annual-Report,1989 Annual Report
Hinsdale,https://hinsdalemass.com/DocumentCenter/View/273/1988-Annual-Report,1988 Annual Report
Hinsdale,https://hinsdalemass.com/DocumentCenter/View/272/1987-Annual-Report,1987 Annual Report
Hinsdale,https://hinsdalemass.com/DocumentCenter/View/271/1986-Annual-Report,1986 Annual Report
Hinsdale,https://hinsdalemass.com/DocumentCenter/View/270/1979-Annual-Report,1979 Annual Report
Hinsdale,https://hinsdalemass.com/DocumentCenter/View/269/1965-Annual-Report,1965 Annual Report
Hinsdale,https://hinsdalemass.com/DocumentCenter/View/268/1964-Annual-Report,1964 Annual Report
Hinsdale,https://hinsdalemass.com/DocumentCenter/View/267/1963-Annual-Report,1963 Annual Report
Hinsdale,https://hinsdalemass.com/DocumentCenter/View/266/1962-Annual-Report,1962 Annual Report
Hinsdale,https://hinsdalemass.com/DocumentCenter/View/265/1959-Annual-Report,1959 Annual Report
Hinsdale,https://hinsdalemass.com/DocumentCenter/View/264/1958-Annual-Report,1958 Annual Report
Hinsdale,https://hinsdalemass.com/DocumentCenter/View/263/1956-Annual-Report,1956 Annual Report
Hinsdale,https://hinsdalemass.com/DocumentCenter/View/262/1955-Annual-Report,1955 Annual Report
Hinsdale,https://hinsdalemass.com/DocumentCenter/View/261/1954-Annual-Report,1954 Annual Report
Hinsdale,https://hinsdalemass.com/DocumentCenter/View/260/1952-Annual-Report,1952 Annual Report
Hinsdale,https://hinsdalemass.com/DocumentCenter/View/259/1950-Annual-Report,1950 Annual Report
Hinsdale,https://hinsdalemass.com/DocumentCenter/View/258/1949-Annual-Report,1949 Annual Report
Hinsdale,https://hinsdalemass.com/DocumentCenter/View/257/1948-Annual-Report,1948 Annual Report
Hinsdale,https://hinsdalemass.com/DocumentCenter/View/256/1947-Annual-Report,1947 Annual Report
Holbrook,https://holbrookma.gov/Archive.aspx?AMID=37,Annual Reports
Holbrook,https://holbrookma.gov/217/Annual-Reports,Annual Reports
Holden,https://holdenma.gov/440/Annual-Town-Reports,Annual Town Reports
Holden,https://holdenma.gov/442/2014-Annual-Town-Report,2014 Annual Town Report
Holden,https://holdenma.gov/441/2015-Annual-Town-Report,2015 Annual Town Report
Holden,https://holdenma.gov/550/Board-Duties,
Holliston,https://www.townofholliston.us/161/Town-Meetings,
Holliston,https://www.townofholliston.us/672/Annual-Reports,
Hopedale,https://hopedale-ma.gov/1477/Annual-Town-Reports-Dupe1,Annual Town Reports
Hopedale,https://hopedale-ma.gov/1477/Annual-Town-Reports,Annual Town Reports
Hubbardston,https://hubbardstonma.us/Archive.aspx?AMID=41,Community Preservation Committee Annual Reports
Hubbardston,https://hubbardstonma.us/199/Annual-Reports,Annual Reports
Hubbardston,https://hubbardstonma.us/335/Annual-Reports,Annual Reports
Hubbardston,https://www.hubbardstonma.gov/199/Annual-Reports,
Hubbardston,https://www.hubbardstonma.gov/335/Annual-Reports,
Hudson,https://townofhudson.org/589/Annual-Reports,
Hull,https://www.town.hull.ma.us/509/Annual-Town-Report-Cover-Contest,
Hull,https://www.town.hull.ma.us/DocumentCenter/View/2408/2025-Annual-Town-Report,2025 Annual Town Report
Hull,https://www.town.hull.ma.us/Archive.aspx?AMID=41&Type=&ADID=,Annual Town Reports
Huntington,https://huntingtonma.us/about/page/reports,Annual Town Reports
Lakeville,https://www.lakevillema.org/446/Annual-Town-Reports,
Lakeville,https://www.lakevillema.org/775/Annual-Reports,
Lancaster,https://www.ci.lancaster.ma.us/269/Annual-Reports,
Lancaster,https://www.ci.lancaster.ma.us/293/Annual-Reports,
Lancaster,https://www.ci.lancaster.ma.us/430/Devens-Community-Involvement-Plan,
Lanesborough,https://lanesborough-ma.gov/government/town_reports/index.php,Town Reports
Lee,https://lee.ma.us/318/Town-Reports,Town Reports
Lee,https://leema.gov/318/Town-Reports,
Lenox,https://townoflenox.com/1192/How-Do-I,How Do I?
Lenox,https://townoflenox.com/1257/Annual-Town-Reports,Annual Town Reports
Lenox,https://townoflenox.com/DocumentCenter/View/612/Residents-Guide-to-Winter-Snow-Ice-Operations,Guide to Winter Snow and Ice Operations
Lenox,https://townoflenox.com/1478/SBPHC-FY25-Annual-Report,SBPHC FY25 Annual Report
Leyden,https://townofleyden.com/p/3132/Annual-Town-Reports,Annual Town Reports
Leyden,https://townofleyden.com/f/0/1062/Annual-Town-Reports,Annual Town Reports
Leyden,https://townofleyden.com/f/1062/Annual-Town-Reports,
Lincoln,https://lincolntown.org/277/Reports,
Ludlow,https://ludlow.ma.us/document/annual-town-reports/,Annual Town Reports
Lunenburg,https://lunenburgma.gov/838/Annual-Town-Reports,
Marblehead,https://marbleheadma.gov/document/annual-town-reports/,
Marion,https://marionma.gov/CivicAlerts.aspx?AID=338,
Marion,https://marionma.gov/934/Publications,Publications
Marion,https://marionma.gov/252/Town-Clerk-Forms,Town Clerk Forms
Mashpee,https://mashpeema.gov/4684/Campaign-Finance-Reports,Campaign Finance Reports
Mashpee,https://mashpeema.gov/1419/Annual-Reports,Annual Reports
Mattapoisett,https://mattapoisett.gov/226/Annual-Town-Reports,Annual Town Reports
Mattapoisett,https://mattapoisett.gov/303/2010-Annual-Town-Report,2010 Annual Town Report
Mattapoisett,https://mattapoisett.gov/304/2011-Annual-Town-Report,2011 Annual Town Report
Mattapoisett,https://mattapoisett.gov/309/2016-Annual-Town-Report,2016 Annual Town Report
Mattapoisett,https://mattapoisett.gov/QuickLinks.aspx?CID=39,Annual Town Reports
Mattapoisett,https://mattapoisett.net/226/Annual-Town-Reports,Annual Town Reports
Mattapoisett,https://mattapoisett.net/303/2010-Annual-Town-Report,2010 Annual Town Report
Mattapoisett,https://mattapoisett.net/304/2011-Annual-Town-Report,2011 Annual Town Report
Mattapoisett,https://mattapoisett.net/309/2016-Annual-Town-Report,2016 Annual Town Report
Mattapoisett,https://mattapoisett.net/QuickLinks.aspx?CID=39,Annual Town Reports
Mattapoisett,https://mattapoisett.net/382/Annual-Town-Reports,Annual Town Reports
Mattapoisett,https://mattapoisett.net/385/Annual-Town-Reports,Annual Town Reports
Maynard,https://townofmaynard-ma.gov/Archive.aspx?AMID=46,Town Reports
Medway,https://medwayma.gov/news-and-notices/2019-medwayfranklin-jail-diversion-annual-report,
Medway,https://medwayma.gov/news-and-notices/2021-annual-town-report,
Medway,https://medwayma.gov/news-and-notices/2020-annual-town-report,
Medway,https://medwayma.gov/ms4-annual-reports,
Medway,https://medwayma.gov/annual-town-reports,
Medway,https://medwayma.gov/state-of-the-town-reports,
Merrimac,https://townofmerrimac.com/document-category/annual-reports/,Annual Town Reports
Merrimac,https://townofmerrimac.com/documents/ahbt-annual-reports/,AHBT Annual Reports
Merrimac,https://townofmerrimac.com/documents/2024-annual-town-report/,2024 Annual Town Report
Merrimac,https://townofmerrimac.com/document-tag/ahbt-annual-reports/,AHBT Annual Reports
Merrimac,https://townofmerrimac.com/documents/annual-town-reports/,
Merrimac,https://townofmerrimac.com/document-tag/annual-town-reports/,
Middlefield,https://middlefield-ma.gov/244/Annual-Town-Reports,Annual Town Reports
Middlefield,https://middlefield-ma.gov/DocumentCenter/View/239/2019-PDF,2019 (PDF)
Middlefield,https://middlefield-ma.gov/DocumentCenter/View/237/2018-PDF,2018 (PDF)
Millbury,https://millburyma.gov/1513/Annual-Town-Reports,
Millbury,https://millburyma.gov/1683/Annual-Town-Reports,
Millis,https://www.millisma.gov/page/annual-town-reports/,
Millis,https://millisma.gov/documents/departments/public-works-%2F-highway-department/annual-reports/27771357,Annual Reports
Millville,https://millvillema.org/home/news/2025-annual-town-report-0,2025 Annual Town Report »
Monson,https://monson-ma.gov/232/Raffle-Permit-Information,Raffle Permit Information
Monson,https://monson-ma.gov/679/2025-Annual-Town-Reports,
Monson,https://monson-ma.gov/630/2024-Annual-Town-Reports,
Monson,https://monson-ma.gov/393/2022-Annual-Town-Reports,
Montague,https://montague-ma.gov/p/1450/Annual-Reports,
Montague,https://montague-ma.gov/f/46/Finance-Committee-Annual-Reports-to-Town-Meeting,
Montague,https://montague-ma.gov/f/175/2019-Annual-Report,
Montague,https://montague-ma.gov/f/1193/2020-Annual-Report,
Montague,https://montague-ma.gov/f/1238/Annual-Reports,
Montague,https://montague-ma.gov/f/1286/2025-Annual-Report,
Montgomery,https://montgomeryma.gov/2026/05/error-in-town-report/,
Montgomery,https://montgomeryma.gov/tag/town-report/,Town Report
Mount Washington,https://mountwashington-ma.gov/archives-and-annual-reports/,Archives and Annual Reports
Nahant,https://nahant.org/annual-town-reports/,Annual Town Reports
Nahant,https://nahant.org/document-category/annual-reports/,Annual Reports
Natick,https://natickma.gov/659/Annual-Town-Reports,
Natick,https://natickma.gov/1781/2020-Annual-Town-Report,
Needham,https://www.needhamchannel.org/2017/03/watch-rep-garlicks-annual-report-online/,
Needham,https://www.needhamchannel.org/tag/annual-report/,
Needham,https://needhamma.gov/2682/Annual-Reports,
Needham,https://needhamma.gov/2117/Annual-Town-Reports,
New Ashford,https://www.newashford-ma.us/annual-town-report/,
New Marlborough,https://newmarlboroughma.gov/DocumentCenter/View/496/2018-Annual-Town-Report,2018 Annual Town Report
New Marlborough,https://newmarlboroughma.gov/DocumentCenter/View/3384/Annual-Report-FY14,Annual Report FY14
New Marlborough,https://newmarlboroughma.gov/DocumentCenter/View/3385/Annual-Report-FY15,Annual Report FY15
New Marlborough,https://newmarlboroughma.gov/DocumentCenter/View/3386/Annual-Report-FY16,Annual Report FY16
New Marlborough,https://newmarlboroughma.gov/DocumentCenter/View/3387/Annual-Report-FY18,Annual Report FY18
New Marlborough,https://newmarlboroughma.gov/DocumentCenter/View/3388/Annual-Report-FY19,Annual Report FY19
New Marlborough,https://newmarlboroughma.gov/DocumentCenter/View/3389/Annual-Report-FY20,Annual Report FY20
New Marlborough,https://newmarlboroughma.gov/DocumentCenter/View/3390/Annual-Report-FY21,Annual Report FY21
New Marlborough,https://newmarlboroughma.gov/DocumentCenter/View/3391/Annual-Report-FY22,Annual Report FY22
New Marlborough,https://newmarlboroughma.gov/DocumentCenter/View/3392/Annual-Report-FY23,Annual Report FY23
New Marlborough,https://newmarlboroughma.gov/DocumentCenter/View/3393/Annual-Report-FY24,Annual Report FY24
New Marlborough,https://newmarlboroughma.gov/DocumentCenter/View/3627/Annual-Report-FY25,Annual Report FY25
New Marlborough,https://newmarlboroughma.gov/DocumentCenter/View/531/Annual-Town-Reports,Annual Town Reports
New Salem,https://newsalemma.org/1506/Town-Reports,Town Reports
Newbury,https://townofnewbury.org/DocumentCenter/View/2134/Capital-Improvement-Annual-Report-to-Selectmen-PDF,Capital Improvement Annual Report to Selectmen (PDF)
North Attleborough,https://nattleboro.com/Archive.aspx?AMID=60,Annual Town Report
North Brookfield,https://northbrookfield.net/DocumentCenter/View/266/2024-End-of-Year-Report-for-Annual-Report-Final,Town House Committee Annual Report
North Brookfield,https://northbrookfield.net/DocumentCenter/View/1263/Town-Report-Historical-Commission,Town Report-Historical Commission
North Brookfield,https://northbrookfield.net/DocumentCenter/View/6745/2025-Town-Report,2025 Town Report
North Reading,https://northreadingma.gov/548/Town-Reports,Town Reports
Northbridge,https://northbridgemass.org/390/Annual-Town-Reports,Annual Town Reports
Northfield,https://northfieldma.gov/CivicAlerts.aspx?AID=36,
Northfield,https://www.northfieldma.gov/Archive.aspx?AMID=39,Annual Reports
Northfield,https://northfieldma.gov/m/newsflash/Home/Detail/36,Northfield's Historic Town Reports Now Available Online
Northfield,https://northfieldma.gov/352/Annual-Reports,Annual Reports
Norwell,https://townofnorwell.net/departments/town_administrator/reports.php,Annual Town Reports
Norwood,https://www.norwoodma.gov/document_center/town_reports.php,
Oak Bluffs,https://oakbluffsma.gov/381/Town-Reports,
Oakham,https://oakham-ma.gov/298/Town-of-Oakham-Annual-Reports,Town of Oakham Annual Reports
Oakham,https://oakham-ma.gov/DocumentCenter/View/1018/FY2025-Annual-Town-Report,FY2025 Annual Town Report
Orange,https://www.townoforange.org/ArchiveCenter/ViewFile/Item/234,2025 Annual Town Report
Orange,https://townoforange.org/DocumentCenter/View/1200,CY25 FRCOG Annual Report to Orange
Orleans,https://town.orleans.ma.us/1256/2020---2022-Annual-Reports,
Oxford,https://www.oxfordma.us/Archive.aspx?AMID=55,Annual Town Reports
Pelham,https://pelhamma.gov/p/26/Town-Reports,
Pembroke,https://www.pembroke-ma.gov/DocumentCenter/View/1507/Pactv-Fy14-Annual-Report,PACTV FY14 Annual Report PACTV FY13 Annual Report
Pembroke,https://www.pembroke-ma.gov/1996/Annual-Town-Reports,Annual Town Reports
Pepperell,https://town.pepperell.ma.us/467/Annual-Town-Reports,
Peru,https://townofperuma.com/news-and-notices/annual-town-report-fiscal-year-2025,
Petersham,https://townofpetersham.gov/document/annual-town-reports/,
Phillipston,https://phillipston-ma.gov/195/Residents,
Plainfield,https://plainfield-ma.us/town-clerk/page/annual-reports,Annual Reports
Plympton,https://town.plympton.ma.us/317/2018-Reports,
Plympton,https://town.plympton.ma.us/316/2019-Reports,
Plympton,https://town.plympton.ma.us/315/2020-Reports,
Plympton,https://town.plympton.ma.us/314/2021-Reports,
Princeton,https://princetonma.gov/2025-annual-town-report-photo-contest/,
Princeton,https://princetonma.gov/2025-annual-town-report-now-available/,
Princeton,https://princetonma.gov/annual-town-reports/,
Princeton,https://princetonma.gov/documents/annual-report-2025/2025-annual-report-final-20260507/,
Princeton,https://princetonma.gov/documents/annual-report-2025/2025-annual-report-final/,
Princeton,https://princetonma.gov/documents/annual-report-2025/2025-annual-report-final-2/,
Princeton,https://princetonma.gov/documents/raffles-and-bazaars-annual-report/,
Princeton,https://princetonma.gov/documents/annual-report-2010/,
Princeton,https://princetonma.gov/documents/annual-report-2011/,
Princeton,https://princetonma.gov/documents/annual-report-2012/,
Princeton,https://princetonma.gov/documents/annual-report-2013/,
Princeton,https://princetonma.gov/documents/annual-report-2014/,
Princeton,https://princetonma.gov/documents/annual-report-2015/,
Princeton,https://princetonma.gov/documents/annual-report-2016/,
Princeton,https://princetonma.gov/documents/annual-report-2017/,
Princeton,https://princetonma.gov/documents/annual-report-2018/,
Princeton,https://princetonma.gov/documents/annual-report-2019/,
Princeton,https://princetonma.gov/documents/annual-report-2020/,
Princeton,https://princetonma.gov/documents/annual-report-2021/,
Princeton,https://princetonma.gov/documents/annual-report-2022/,
Princeton,https://princetonma.gov/documents/annual-report-2023/,
Princeton,https://princetonma.gov/documents/annual-report-2024-part-2-of-3/,
Princeton,https://princetonma.gov/documents/annual-report-2024-part-3-of-3/,
Princeton,https://princetonma.gov/documents/annual-report-2024-part-1-of-3/,
Princeton,https://princetonma.gov/documents/annual-report-2009/,
Princeton,https://princetonma.gov/documents/annual-report-2025/,
Princeton,https://princetonma.gov/document_taxonomy/annual-report/,
Rochester,https://townofrochestermass.com/DocumentCenter/View/382/Annual-Report-2021,2021 Annual Report
Rochester,https://townofrochestermass.com/DocumentCenter/View/384/2022-Annual-Report,2022 Annual Report
Rochester,https://townofrochestermass.com/387/Annual-Reports,Annual Reports
Rockland,https://rockland-ma.gov/240/Town-Reports-Other-Documents,
Rockland,https://rockland-ma.gov/CivicAlerts.aspx?AID=409,
Rockland,https://rockland-ma.gov/DocumentCenter/View/5401/2025-Town-Report,2025 Town Report
Rockland,https://rockland-ma.gov/DocumentCenter/View/914,2020 Town Report
Rockland,https://rockland-ma.gov/Archive.aspx?AMID=43,annual town reports
Rockland,https://rockland-ma.gov/DocumentCenter/View/4400/Existing-and-Proposed-Tax-Supported-Exempt-Debt-4-3-2025,Existing and Proposed Tax Supported Exempt Debt 4-3-2025
Rockland,https://rockland-ma.gov/DocumentCenter/View/4399/24-06-30-Rockland-Debt-Book,24-06-30 Rockland Debt Book
Rockland,https://rockland-ma.gov/DocumentCenter/View/5115/Plymouth-County-ARPA-Spending-Summary-Updated-10-20-2025,Plymouth County ARPA Spending Summary Updated 10-20-2025
Rockland,https://rockland-ma.gov/DocumentCenter/View/4329/Rockland-Capital-Plan-Final-FY26,Rockland Capital Plan Final FY26
Rockland,https://rockland-ma.gov/DocumentCenter/View/4330/Rockland-Capital-Plan-FY26-Ranking,Rockland Capital Plan FY26 Ranking
Rockland,https://rockland-ma.gov/DocumentCenter/View/5330/Town-Charter-Update---Ch-30-of-the-Acts-of-2026,Town Charter Update - Ch. 30 of the Acts of 2026
Rockland,https://rockland-ma.gov/DocumentCenter/View/3913/South-Shore-Tech-Proposed-Regional-Agreement-Changes-on-File-with-Town-Clerk,South Shore Tech Proposed Regional Agreement Changes on File with Town
Rockland,https://rockland-ma.gov/DocumentCenter/View/3349/Rockland-Flag-Policy,Rockland Flag Policy
Rockland,https://rockland-ma.gov/DocumentCenter/View/2222/Comcast-Cable-Television-Final-Executed-Agreement,Comcast Cable Television Final Executed Agreement
Rockland,https://rockland-ma.gov/DocumentCenter/View/2220/Verizon-Cable-Television-Final-Executed-Agreement,Verizon Cable Television Final Executed Agreement
Rockport,https://rockportma.gov/DocumentCenter/Index/405,Our Annual Reports
Rockport,https://rockportma.gov/Archive.aspx?AMID=40,Millbrook Meadow Committee Annual Reports
Rockport,https://rockportma.gov/763/Annual-Reports,Annual Reports
Rowley,https://www.townofrowley.net/about-rowley/pages/annual-reports,Annual Reports
Royalston,https://www.royalston-ma.gov/505/Annual-Reports,Annual Reports
Royalston,https://www.royalston-ma.gov/DocumentCenter/View/447/FY-2014-Annual-Report,FY 2014 Annual Report
Royalston,https://www.royalston-ma.gov/DocumentCenter/View/446/FY-2016-Annual-Report,FY 2016 Annual Report
Royalston,https://www.royalston-ma.gov/DocumentCenter/View/445/FY-2017-Annual-Report,FY 2017 Annual Report
Sandwich,https://www.sandwichmass.org/1533/11062/Town-Reports,Annual Town Reports
Sandwich,https://sandwichmass.org/1533/Town-Reports,
Sandwich,https://sandwichmass.org/271/Sandwich-Community-Television,
Savoy,https://townofsavoy.com/annual-reports,
Seekonk,https://seekonk-ma.gov/158/Annual-Reports,Annual Reports
Sharon,https://townofsharon.net/1385/Town-Reports,Town Reports
Sharon,https://townofsharon.net/2044/Elections-State-Primary-090126,Elections: State Primary 09/01/26
Sharon,https://www.sharonma.gov/1385/Town-Reports,
Sharon,https://www.sharonma.gov/2044/Elections-State-Primary-090126,
Shelburne,https://townofshelburne.com/f/0/35/Open-Space-Committee-Annual-Reports,Open Space Committee Annual Reports
Shelburne,https://townofshelburnema.gov/f/35/Open-Space-Committee-Annual-Reports,
Sherborn,https://sherbornma.org/DocumentCenter/View/4031/Open-Space-Committee-2025-Annual-Report-pdf,2025 Annual Open Space Committee Report
Sherborn,https://sherbornma.org/DocumentCenter/View/4094/2025-Annual-Town-Report,2025 Annual Town Report
Sherborn,https://sherbornma.org/814/Annual-Town-Reports,Annual Town Reports
Shirley,https://shirley-ma.gov/Archive.aspx?AMID=38,Annual Town Reports
Shirley,https://shirley-ma.gov/448/Annual-Town-Reports,Annual Town Report
Shrewsbury,https://shrewsburyma.gov/1338/Annual-Town-Report,
Shutesbury,https://shutesbury.org/annual_town_reports,Annual Town Reports
Somerset,https://townofsomerset.org/650/Annual-Town-Reports,
South Hadley,https://southhadley.org/323/Historic-Annual-Reports-to-Town-Meeting,
South Hadley,https://southhadley.org/245/Annual-Town-Reports,
Southborough,https://southboroughma.gov/425/Annual-Reports,
Southborough,https://www.mysouthborough.com/2026/04/16/town-meeting-annual-town-report-recognized-community-members-for-their-service/,Town Meeting & Annual Town Report recognized community members for the
Southborough,https://southboroughma.gov/611/Annual-Town-Reports,
Southwick,https://www.southwickma.gov/596/Annual-Town-Reports,
Southwick,https://southwickma.gov/165/Find-It-Fast,Find It Fast
Southwick,https://southwickma.org/165/Find-It-Fast,Find It Fast
Spencer,https://spencerma.gov/1647/Annual-Town-Reports,Annual Town Reports
Sterling,https://sterling-ma.gov/435/Annual-Reports,Annual Reports
Stoneham,https://stoneham-ma.gov/Archive.aspx?AMID=48,Annual Reports
Stoneham,https://stoneham-ma.gov/631/Town-Information,Town Information
Stoneham,https://stoneham-ma.gov/648/View,View
Stoughton,https://stoughton.org/1786/Annual-Town-Reports,
Stow,https://www.stow-ma.gov/558/Annual-Town-Reports,Annual Town Reports
Sunderland,https://www.townofsunderland.us/532/Annual-Reports,
Sunderland,https://www.townofsunderland.us/561/2019-ANNUAL-REPORT,
Sunderland,https://www.townofsunderland.us/559/ANNUAL-REPORT-2020,
Sutton,https://suttonma.org/1167/Annual-Reports,Annual Reports
Sutton,https://www.suttonma.gov/1167/Annual-Reports,
Swampscott,https://swampscottma.gov/1357/MS4-Annual-Reports,MS4 Annual Reports
Swampscott,https://swampscottma.gov/1417/Annual-Town-Reports,Annual Town Reports
Templeton,https://www.templetonma.gov/1391/Annual-Reports,Town Annual Reports
Templeton,https://templetonma.gov/1389/Reports,Reports
Templeton,https://templetonma.gov/1592/Town-Annual-Reports,Town Annual Reports
Templeton,https://templetonma.gov/1593/Town-Reports,Town Reports
Tewksbury,https://tewksbury-ma.gov/510/Annual-Town-Reports,Annual Town Reports
Topsfield,https://www.topsfield-ma.gov/1304/Plans-and-Annual-Reports,
Townsend,https://townsendma.gov/government/board_of_selectmen/annual_town_reports.php,Annual Town Reports
Truro,https://truro-ma.gov/389/Aquaculture-License-Permit-Information,Aquaculture License & Permit Information
Truro,https://truro-ma.gov/Archive.aspx?AMID=39,Annual Town Reports
Tyngsborough,https://tyngsboroughma.gov/597/Annual-Town-Reports,Annual Town Reports
Upton,https://uptonma.gov/Archive.aspx?AMID=46,Annual Report
Uxbridge,https://uxbridge-ma.gov/226/Annual-Reports,
Uxbridge,https://uxbridge-ma.gov/CivicAlerts.aspx?AID=203,
Uxbridge,https://uxbridge-ma.gov/403/Annual-Town-Reports,Annual Town Reports
Wales,https://townofwales.net/222/Forms-Documents,Forms / Documents
Wales,https://townofwales.net/CivicAlerts.aspx?AID=29,2026 Annual Town Report
Wales,https://townofwales.net/DocumentCenter/View/3793/2026-Annual-Town-Report,2026 Annual Town Report
Wales,https://townofwales.net/DocumentCenter/View/3334/Self-Evaluation-and-Transition-Plan-June-2024,Self Evaluation and Transition Plan (June 2024)
Wales,https://townofwales.net/DocumentCenter/View/3359/Animal-Intake-Form,Animal Intake Form
Wales,https://townofwales.net/DocumentCenter/View/3360/Dog-Information-and-License-Form,Dog Information and License Form
Wales,https://townofwales.net/DocumentCenter/View/3361/Kennel-Inspection-Form,Kennel Inspection Form
Wales,https://townofwales.net/DocumentCenter/View/3177/Application-for-Abatement,Application for Abatement
Wales,https://townofwales.net/DocumentCenter/View/3178/Blind-Exemption-Application,Blind Exemption Application
Wales,https://townofwales.net/DocumentCenter/View/3179/Motor-Vehicle-Excise-Abatement-Application,Motor Vehicle Excise Abatement Application
Wales,https://townofwales.net/DocumentCenter/View/3180/Seniors-Exemption-Application,Seniors Exemption Application
Wales,https://townofwales.net/DocumentCenter/View/3175/Surviving-Spouse-Minors-Exemption-Application,Surviving Spouse-Minors Exemption Application
Wales,https://townofwales.net/DocumentCenter/View/3176/Veterans-Exemption-Application,Veterans Exemption Application
Wales,https://townofwales.net/DocumentCenter/View/3386/BOH---Fee-Schedule,BOH - Fee Schedule
Wales,https://townofwales.net/DocumentCenter/View/3384/BOH---Perc-Application,BOH - Perc Application
Wales,https://townofwales.net/DocumentCenter/View/3385/Food-Establishment-Application,Food Establishment Application
Wales,https://townofwales.net/DocumentCenter/View/3387/Installers-Permit-Application,Installers Permit Application
Wales,https://townofwales.net/DocumentCenter/View/3381/Septage-Haulers-Permit-Application,Septage Haulers Permit Application
Wales,https://townofwales.net/DocumentCenter/View/3382/Temporary-Food-Establishment-Permit,Temporary Food Establishment Permit
Wales,https://townofwales.net/DocumentCenter/View/3383/Trash-Haulers-Permit-Application,Trash Haulers Permit Application
Wales,https://townofwales.net/DocumentCenter/View/3856/Building-Permit-Application-One-or-Two-Family-Fillable,Building Permit Application One-or Two-Family (Fillable)
Wales,https://townofwales.net/DocumentCenter/View/3855/Building-Permit-Packet-One-or-Two-Family-Fillable,Building Permit Packet One-or Two-Family (Fillable)
Wales,https://townofwales.net/DocumentCenter/View/3850/Debris-Disposal-Form-Fillable,Debris Disposal Form (Fillable)
Wales,https://townofwales.net/DocumentCenter/View/3739/Electrical-Permit-Fillable,Electrical Permit Fillable
Wales,https://townofwales.net/DocumentCenter/View/3419/Gas-Fitting-Permit,Gas Fitting Permit
Wales,https://townofwales.net/DocumentCenter/View/3437/homeowner_general_contractor_release,homeowner_general_contractor_release
Wales,https://townofwales.net/DocumentCenter/View/3853/Insurance-Affidavit-Fillable,Insurance Affidavit (Fillable)
Wales,https://townofwales.net/DocumentCenter/View/3854/Mechanical-Permit-Application-Fillable,Mechanical-Permit-Application (Fillable)
Wales,https://townofwales.net/DocumentCenter/View/3416/Plumbing-Permit,Plumbing Permit
Wales,https://townofwales.net/DocumentCenter/View/3851/Sheet-Metal-Permit-Application-Packet-Fillable,Sheet Metal Permit Application Packet (Fillable)
Wales,https://townofwales.net/DocumentCenter/View/3852/Solid-Fuel-Burning-Appliance-Permit-Application-Packet-Wood-Coal-Pellet-Fillable,"Solid Fuel Burning Appliance Permit Application Packet (Wood, Coal, Pe"
Wales,https://townofwales.net/DocumentCenter/View/3439/Notice-of-Intent-NOI,Notice of Intent (NOI)
Wales,https://townofwales.net/DocumentCenter/View/3440/Permission-to-Access-Site-Form,Permission to Access Site Form
Wales,https://townofwales.net/DocumentCenter/View/3441/Request-for-Certificate-of-Compliance,Request for Certificate of Compliance
Wales,https://townofwales.net/DocumentCenter/View/3442/Request-for-Determination-of-Applicability,Request for Determination of Applicability
Wales,https://townofwales.net/DocumentCenter/View/3443/tree_cutting_request,tree_cutting_request
Wales,https://townofwales.net/DocumentCenter/View/3463/preliminary_driveway_permit,preliminary_driveway_permit
Wales,https://townofwales.net/DocumentCenter/View/3465/departmental_transfer_form_0,departmental_transfer_form_0
Wales,https://townofwales.net/DocumentCenter/View/3466/reserve_fund_transfer,reserve_fund_transfer
Wales,https://townofwales.net/DocumentCenter/View/3467/Form-A---ANR,Form A - ANR
Wales,https://townofwales.net/DocumentCenter/View/3469/road_renaming_form,road_renaming_form
Wales,https://townofwales.net/DocumentCenter/View/3484/ap_submission_form,ap_submission_form
Wales,https://townofwales.net/DocumentCenter/View/3485/ap_submission_long_form,ap_submission_long_form
Wales,https://townofwales.net/DocumentCenter/View/3482/check_documentation_form,check_documentation_form
Wales,https://townofwales.net/DocumentCenter/View/3481/check_pull_form,check_pull_form
Wales,https://townofwales.net/DocumentCenter/View/3483/cr_submission_form,cr_submission_form
Wales,https://townofwales.net/DocumentCenter/View/3480/employee_reimbursement_form,employee_reimbursement_form
Wales,https://townofwales.net/DocumentCenter/View/3479/encumbrance_request_0,encumbrance_request_0
Wales,https://townofwales.net/DocumentCenter/View/3478/monthly_report_certification,monthly_report_certification
Wales,https://townofwales.net/DocumentCenter/View/3477/proof_of_payment_form,proof_of_payment_form
Wales,https://townofwales.net/DocumentCenter/View/3474/dba_form_wales_2,dba_form_wales_2
Wales,https://townofwales.net/DocumentCenter/View/3473/Updated-Marriage-License-Fillable-Packet,Updated Marriage License Fillable Packet
Wales,https://townofwales.net/m/newsflash/Home/Detail/29,2026 Annual Town Report
Wareham,https://wareham.gov/CivicAlerts.aspx?AID=66,
Wareham,https://wareham.ma.us/CivicAlerts.aspx?AID=66,
Warren,https://warren-ma.gov/438/Annual-Reports,Annual Reports
Warren,https://www.warrenct.gov/finance-board/pages/annual-reports,
Warren,https://www.warrenct.gov/lake-waramaug-authority/links/2024-annual-report,
Washington,https://www.washington-ma.gov/about-washington/pages/annual-town-reports,Annual Town Reports
Webster,https://www.webster-ma.gov/DocumentCenter/Index/556,Annual Town Reports
Webster,https://webster-ma.gov/1153/Annual-Reports,
Wellesley,https://wellesleyma.gov/1060/CAC-Annual-Reports,
Wellesley,https://wellesleyma.gov/911/Annual-Reports,
Wellesley,https://wellesleyma.gov/309/RaffleBazaar-Procedures,
Wendell,https://www.wendellmass.us/old-and-older-town-reports-available/,
Wendell,https://www.wendellmass.us/annual-reports/,Annual Reports
Wendell,https://www.wendellmass.us/2023-annual-report-available-online/,
Wendell,https://www.wendellmass.us/documents/wendell-2023-annual-report/wendell-2023-annual-report-8-5x5-5-final-2/,
Wendell,https://www.wendellmass.us/annual-reports/annual-report-2024-final/,
Wendell,https://www.wendellmass.us/annual-reports/screenshot-2025-03-17-11-34-56-am/,
Wendell,https://www.wendellmass.us/documents/wendell-2023-annual-report/,
Wendell,https://www.wendellmass.us/documents/2024-annual-town-report/,
Wendell,https://www.wendellmass.us/documents/2024-annual-report-cover/,
Wendell,https://www.wendellmass.us/document_taxonomy/annual-reports/,
Wenham,https://wenhamma.gov/248/Annual-Town-Reports,Annual Town Reports
Wenham,https://wenhamma.gov/549/Past-Election-Results,Past Election Results
Wenham,https://wenhamma.gov/540/Town-Meeting-Minutes,Town Meeting Minutes
Wenham,https://wenhamma.gov/Archive.aspx?AMID=41,Annual Town Reports
West Brookfield,https://wbrookfield.com/news-and-notices/2024-annual-town-report,
West Brookfield,https://wbrookfield.com/annual-reports,
West Newbury,https://wnewbury.org/Archive.aspx?AMID=36,Town Reports
West Newbury,https://www.wnewbury.org/1181/Town-Meeting-Information,
West Stockbridge,https://www.weststockbridge-ma.gov/DocumentCenter/View/327/Annual-Town-Report-2025,Annual Town Report 2025
West Stockbridge,https://weststockbridge-ma.gov/DocumentCenter/View/293/Current-Town-Report,Current Town Report
West Stockbridge,https://weststockbridge-ma.gov/1444/Annual-Town-Report-2025,Annual Town Report 2025
West Tisbury,https://westtisbury-ma.gov/government/select_board/annual_town_reports.php,Annual Town Reports
Westborough,https://town.westborough.ma.us/1346/Annual-Town-Reports,
Westminster,https://www.westminster-ma.gov/select-board-town-administrator/pages/annual-town-reports,Town Reports
Weston,https://www.westonma.gov/457/Town-Meeting-Votes,
Weston,https://www.westonma.gov/307/Town-Reports,
Weston,https://www.westonma.gov/1951/2024-Town-Report,
Weston,https://www.westonma.gov/1897/2023-Town-Report,
Weston,https://www.westonma.gov/1874/2022-Town-Report,
Weston,https://www.westonma.gov/1776/2021-Town-Report,
Weston,https://www.westonma.gov/321/2005-Town-Report,
Weston,https://www.westonma.gov/322/2004-Town-Report,
Weston,https://www.westonma.gov/408/2003-Town-Report,
Whitman,https://whitman-ma.gov/296/Annual-Town-Reports,
Wilbraham,https://wilbraham-ma.gov/677/Annual-Town-Reports,
Williamstown,https://williamstownma.gov/annual-reports/,Annual Reports
Winchendon,https://townofwinchendon.com/Archive.aspx?AMID=39,Annual Town Reports
Windsor,https://www.windsormass.com/requests-1/annual-town-reports,
Wrentham,https://wrentham.gov/Archive.aspx?AMID=38,Annual Reports
Yarmouth,https://yarmouth.ma.us/1131/Annual-Reports,
Yarmouth,https://yarmouth.ma.us/123/Building-Department,
