municipality,year,election_date,registered,basis
Abington,2021,2021-04-24,12024,interpolated
Abington,2022,2022-04-30,12198,interpolated
Abington,2023,2023-04-29,11927,interpolated
Abington,2024,2024-04-27,12420,interpolated
Abington,2025,2025-04-27,12916,carried
Abington,2026,2026-04-25,12916,carried
Acton,2021,2021-03-30,16461,interpolated
Acton,2022,2022-03-29,15985,interpolated
Acton,2023,2023-04-25,15743,interpolated
Acton,2024,2024-04-30,15753,interpolated
Acton,2025,2025-04-29,16246,carried
Acton,2026,2026-04-28,16246,carried
Acushnet,2021,2021-05-15,7946,interpolated
Acushnet,2022,2022-05-14,8005,interpolated
Acushnet,2023,2023-05-13,8136,interpolated
Acushnet,2024,2024-05-18,8545,interpolated
Acushnet,2025,2025-04-22,8637,carried
Acushnet,2026,2026-04-28,8637,carried
Adams,2021,2021-05-03,6234,interpolated
Adams,2022,2022-05-02,6301,interpolated
Adams,2023,2023-05-01,6242,interpolated
Adams,2024,2024-05-06,6592,interpolated
Adams,2025,2025-05-05,6709,carried
Adams,2026,2026-05-04,6709,carried
Agawam,2021,2021-11-02,22287,interpolated
Agawam,2023,2023-11-07,21907,interpolated
Agawam,2025,2025-11-04,22971,carried
Alford,2021,2021-05-18,381,interpolated
Alford,2022,2022-05-17,373,interpolated
Alford,2023,2023-05-16,365,interpolated
Alford,2024,2024-05-21,389,interpolated
Alford,2025,2025-05-20,410,carried
Alford,2026,2026-05-19,410,carried
Amesbury,2021,2021-11-02,13417,interpolated
Amesbury,2023,2023-11-07,13805,interpolated
Amesbury,2025,2025-11-04,14466,carried
Amherst,2021,2021-11-02,15316,interpolated
Amherst,2023,2023-11-07,13689,interpolated
Amherst,2025,2025-11-04,13537,carried
Andover,2021,2021-03-23,25415,interpolated
Andover,2022,2022-03-22,25570,interpolated
Andover,2023,2023-03-28,26148,interpolated
Andover,2024,2024-03-26,26358,snapshot
Andover,2025,2025-03-25,27246,carried
Andover,2026,2026-03-24,27246,carried
Aquinnah,2021,2021-06-24,416,interpolated
Aquinnah,2022,2022-05-12,411,interpolated
Aquinnah,2023,2023-05-11,401,interpolated
Aquinnah,2024,2024-05-16,422,interpolated
Aquinnah,2025,2025-05-15,454,carried
Aquinnah,2026,2026-05-14,454,carried
Arlington,2021,2021-04-10,32317,interpolated
Arlington,2022,2022-04-02,32180,interpolated
Arlington,2023,2023-04-01,31554,interpolated
Arlington,2024,2024-04-06,32471,snapshot
Arlington,2025,2025-04-05,32046,carried
Arlington,2026,2026-03-28,32046,carried
Ashburnham,2021,2021-04-27,4627,interpolated
Ashburnham,2022,2022-04-26,4737,interpolated
Ashburnham,2023,2023-04-25,4834,interpolated
Ashburnham,2024,2024-04-30,4784,interpolated
Ashburnham,2025,2025-04-29,4936,carried
Ashburnham,2026,2026-04-28,4936,carried
Ashby,2021,2021-04-26,2548,interpolated
Ashby,2022,2022-04-25,2586,interpolated
Ashby,2023,2023-04-24,2486,interpolated
Ashby,2024,2024-04-23,2576,interpolated
Ashby,2025,2025-04-28,2582,carried
Ashby,2026,2026-04-27,2582,carried
Ashfield,2021,2021-06-05,1406,interpolated
Ashfield,2022,2022-05-07,1426,interpolated
Ashfield,2023,2023-05-06,1430,interpolated
Ashfield,2024,2024-05-04,1460,interpolated
Ashfield,2025,2025-05-03,1452,carried
Ashfield,2026,2026-05-02,1452,carried
Ashland,2021,2021-05-18,12334,interpolated
Ashland,2022,2022-05-17,12152,interpolated
Ashland,2023,2023-05-16,12250,interpolated
Ashland,2024,2024-05-21,12656,interpolated
Ashland,2025,2025-05-20,12944,carried
Ashland,2026,2026-05-19,12944,carried
Athol,2021,2021-04-05,7730,interpolated
Athol,2022,2022-04-04,8015,interpolated
Athol,2023,2023-04-03,8243,interpolated
Athol,2024,2024-04-01,8947,snapshot
Athol,2025,2025-04-07,9176,carried
Athol,2026,2026-04-06,9176,carried
Attleboro,2021,2021-11-02,31769,interpolated
Attleboro,2023,2023-11-07,34285,interpolated
Attleboro,2025,2025-11-04,34045,carried
Auburn,2021,2021-05-18,12223,interpolated
Auburn,2022,2022-05-17,12430,interpolated
Auburn,2023,2023-05-16,12499,interpolated
Auburn,2024,2024-05-21,13126,interpolated
Auburn,2025,2025-05-20,13603,carried
Auburn,2026,2026-05-19,13603,carried
Avon,2021,2021-04-13,3493,interpolated
Avon,2022,2022-04-12,3558,interpolated
Avon,2023,2023-04-11,3409,interpolated
Avon,2024,2024-04-09,3550,snapshot
Avon,2025,2025-04-08,3546,carried
Avon,2026,2026-04-14,3546,carried
Ayer,2021,2021-05-11,6084,interpolated
Ayer,2022,2022-05-10,5855,interpolated
Ayer,2023,2023-05-09,5957,interpolated
Ayer,2024,2024-05-14,6407,interpolated
Ayer,2025,2025-05-13,6594,carried
Ayer,2026,2026-05-12,6594,carried
Barnstable,2021,2021-11-02,35466,interpolated
Barnstable,2023,2023-11-07,36287,interpolated
Barnstable,2025,2025-11-04,37664,carried
Barre,2021,2021-04-05,3887,interpolated
Barre,2022,2022-04-04,3957,interpolated
Barre,2023,2023-04-03,4033,interpolated
Barre,2024,2024-04-01,4213,snapshot
Barre,2025,2025-04-07,4273,carried
Barre,2026,2026-04-06,4273,carried
Becket,2021,2021-05-15,1670,interpolated
Becket,2022,2022-05-21,1759,interpolated
Becket,2023,2023-05-20,1518,interpolated
Becket,2024,2024-05-18,1590,interpolated
Becket,2025,2025-05-17,1692,carried
Becket,2026,2026-05-09,1692,carried
Bedford,2021,2021-03-13,10349,snapshot
Bedford,2022,2022-03-08,10408,interpolated
Bedford,2023,2023-03-11,10217,snapshot
Bedford,2024,2024-03-09,10439,snapshot
Bedford,2025,2025-03-08,10434,snapshot
Bedford,2026,2026-03-14,10434,carried
Belchertown,2021,2021-05-17,11518,interpolated
Belchertown,2022,2022-05-16,11702,interpolated
Belchertown,2023,2023-05-15,11729,interpolated
Belchertown,2024,2024-05-20,12302,interpolated
Belchertown,2025,2025-05-19,12611,carried
Belchertown,2026,2026-05-18,12611,carried
Bellingham,2021,2021-05-04,11994,interpolated
Bellingham,2022,2022-05-03,12309,interpolated
Bellingham,2023,2023-05-02,12367,interpolated
Bellingham,2024,2024-06-04,13133,interpolated
Bellingham,2025,2025-06-03,13732,carried
Bellingham,2026,2026-06-02,13732,carried
Belmont,2021,2021-04-06,17631,interpolated
Belmont,2022,2022-04-05,17852,interpolated
Belmont,2023,2023-04-04,17643,interpolated
Belmont,2024,2024-04-02,18221,snapshot
Belmont,2025,2025-04-01,18952,carried
Belmont,2026,2026-04-07,18952,carried
Berkley,2021,2021-05-08,5155,interpolated
Berkley,2023,2023-05-06,5191,interpolated
Berkley,2024,2024-05-11,5464,interpolated
Berkley,2025,2025-05-10,5467,carried
Berkley,2026,2026-05-09,5467,carried
Berlin,2021,2021-05-24,2594,interpolated
Berlin,2022,2022-05-09,2685,interpolated
Berlin,2023,2023-05-08,2759,interpolated
Berlin,2024,2024-05-13,2886,interpolated
Berlin,2025,2025-05-12,3022,carried
Berlin,2026,2026-05-11,3022,carried
Bernardston,2021,2021-05-10,1742,interpolated
Bernardston,2022,2022-05-02,1743,interpolated
Bernardston,2023,2023-05-01,1775,interpolated
Bernardston,2024,2024-05-06,1795,interpolated
Bernardston,2025,2025-05-05,1805,carried
Bernardston,2026,2026-05-04,1805,carried
Beverly,2021,2021-11-02,30198,interpolated
Beverly,2023,2023-11-07,30281,interpolated
Beverly,2025,2025-11-04,31104,carried
Billerica,2021,2021-04-10,29453,interpolated
Billerica,2022,2022-04-02,30030,interpolated
Billerica,2023,2023-04-01,30729,interpolated
Billerica,2024,2024-04-06,31914,snapshot
Billerica,2025,2025-04-05,31927,carried
Billerica,2026,2026-04-11,31927,carried
Blackstone,2021,2021-04-05,6803,interpolated
Blackstone,2022,2022-04-04,6978,interpolated
Blackstone,2023,2023-04-03,7159,interpolated
Blackstone,2024,2024-04-01,7555,snapshot
Blackstone,2025,2025-04-07,7911,carried
Blackstone,2026,2026-04-06,7911,carried
Blandford,2021,2021-06-26,986,interpolated
Blandford,2022,2022-06-11,1009,interpolated
Blandford,2023,2023-06-10,1007,interpolated
Blandford,2024,2024-06-08,998,interpolated
Blandford,2025,2025-06-14,1012,carried
Blandford,2026,2026-06-13,1012,carried
Bolton,2021,2021-05-12,4309,interpolated
Bolton,2022,2022-05-09,4298,interpolated
Bolton,2023,2023-05-08,4283,interpolated
Bolton,2024,2024-05-13,4435,interpolated
Bolton,2025,2025-05-12,4502,carried
Bolton,2026,2026-05-11,4502,carried
Boston,2021,2021-11-02,438041,interpolated
Boston,2023,2023-11-07,423408,interpolated
Boston,2025,2025-11-04,421932,carried
Bourne,2021,2021-05-18,15318,interpolated
Bourne,2022,2022-05-17,15654,interpolated
Bourne,2023,2023-05-16,15296,interpolated
Bourne,2024,2024-05-21,16011,interpolated
Bourne,2025,2025-05-20,16418,carried
Bourne,2026,2026-05-19,16418,carried
Boxborough,2021,2021-05-22,3906,interpolated
Boxborough,2022,2022-05-17,3970,interpolated
Boxborough,2023,2023-05-16,4002,interpolated
Boxborough,2024,2024-05-21,4117,interpolated
Boxborough,2025,2025-05-20,4030,carried
Boxborough,2026,2026-06-02,4030,carried
Boxford,2021,2021-06-29,6431,interpolated
Boxford,2022,2022-05-17,6458,interpolated
Boxford,2023,2023-05-16,6496,interpolated
Boxford,2024,2024-05-21,6650,interpolated
Boxford,2025,2025-05-20,6791,carried
Boxford,2026,2026-05-19,6791,carried
Boylston,2021,2021-05-10,3994,interpolated
Boylston,2022,2022-05-09,4054,interpolated
Boylston,2023,2023-05-08,4137,interpolated
Boylston,2024,2024-05-13,4312,interpolated
Boylston,2025,2025-05-12,4142,carried
Boylston,2026,2026-05-11,4142,carried
Braintree,2021,2021-11-02,27746,interpolated
Braintree,2023,2023-11-07,27874,interpolated
Braintree,2025,2025-11-04,28707,carried
Brewster,2021,2021-05-25,8475,interpolated
Brewster,2022,2022-05-24,8544,interpolated
Brewster,2023,2023-05-16,8522,interpolated
Brewster,2024,2024-05-28,8829,interpolated
Brewster,2025,2025-05-20,8927,carried
Brewster,2026,2026-05-19,8927,carried
Bridgewater,2021,2021-04-24,18080,interpolated
Bridgewater,2022,2022-04-23,18061,interpolated
Bridgewater,2023,2023-04-22,17945,interpolated
Bridgewater,2024,2024-04-27,18493,interpolated
Bridgewater,2025,2025-04-26,18769,carried
Brimfield,2021,2021-06-21,2878,interpolated
Brimfield,2022,2022-06-21,2885,interpolated
Brimfield,2023,2023-06-20,2840,interpolated
Brimfield,2024,2024-06-18,2983,interpolated
Brimfield,2025,2025-06-12,3038,carried
Brimfield,2026,2026-05-21,3038,carried
Brockton,2021,2021-11-02,61345,interpolated
Brockton,2023,2023-11-07,65320,interpolated
Brockton,2025,2025-11-04,67567,carried
Brookfield,2021,2021-05-03,2527,interpolated
Brookfield,2022,2022-05-02,2564,interpolated
Brookfield,2023,2023-05-01,2592,interpolated
Brookfield,2024,2024-05-06,2736,interpolated
Brookfield,2025,2025-05-05,2803,carried
Brookfield,2026,2026-05-04,2803,carried
Brookline,2021,2021-05-04,40321,interpolated
Brookline,2022,2022-05-03,40372,interpolated
Brookline,2023,2023-05-02,40668,interpolated
Brookline,2024,2024-05-07,39663,interpolated
Brookline,2025,2025-05-06,41548,carried
Brookline,2026,2026-05-05,41548,carried
Buckland,2021,2021-05-04,1383,interpolated
Buckland,2022,2022-05-03,1389,interpolated
Buckland,2023,2023-06-06,1382,interpolated
Buckland,2024,2024-06-04,1413,interpolated
Buckland,2025,2025-06-03,1393,carried
Buckland,2026,2026-06-02,1393,carried
Burlington,2021,2021-04-10,18809,interpolated
Burlington,2022,2022-04-09,18841,interpolated
Burlington,2023,2023-04-01,18521,interpolated
Burlington,2024,2024-04-06,18955,snapshot
Burlington,2025,2025-04-05,19632,carried
Burlington,2026,2026-04-11,19632,carried
Cambridge,2021,2021-11-02,68361,interpolated
Cambridge,2022,2022-12-01,70571,snapshot
Cambridge,2023,2023-11-07,69934,interpolated
Cambridge,2025,2025-11-04,65544,carried
Canton,2021,2021-04-06,17431,interpolated
Canton,2022,2022-04-05,17792,interpolated
Canton,2023,2023-04-04,17455,interpolated
Canton,2024,2024-04-02,18074,snapshot
Canton,2025,2025-04-08,18656,carried
Canton,2026,2026-04-07,18656,carried
Carlisle,2021,2021-06-22,4011,interpolated
Carlisle,2022,2022-05-10,3980,interpolated
Carlisle,2023,2023-05-16,3975,interpolated
Carlisle,2024,2024-05-21,4046,interpolated
Carlisle,2025,2025-06-03,4061,carried
Carlisle,2026,2026-06-02,4061,carried
Carver,2021,2021-04-24,8993,interpolated
Carver,2022,2022-04-23,9030,interpolated
Carver,2023,2023-04-22,9201,interpolated
Carver,2024,2024-04-27,9512,interpolated
Carver,2025,2025-04-26,9804,carried
Carver,2026,2026-04-25,9804,carried
Charlemont,2021,2021-05-25,919,interpolated
Charlemont,2022,2022-05-24,934,interpolated
Charlemont,2023,2023-05-23,934,interpolated
Charlemont,2024,2024-06-04,962,interpolated
Charlemont,2025,2025-06-03,954,carried
Charlemont,2026,2026-06-02,954,carried
Charlton,2021,2021-05-01,9961,interpolated
Charlton,2022,2022-05-07,10139,interpolated
Charlton,2023,2023-05-06,10351,interpolated
Charlton,2024,2024-05-04,10858,interpolated
Charlton,2025,2025-05-03,10744,carried
Charlton,2026,2026-05-02,10744,carried
Chatham,2021,2021-06-17,6127,interpolated
Chatham,2022,2022-05-19,6189,interpolated
Chatham,2023,2023-05-11,5984,interpolated
Chatham,2024,2024-05-16,6099,interpolated
Chatham,2025,2025-05-15,6105,carried
Chatham,2026,2026-05-14,6105,carried
Chelmsford,2021,2021-04-06,25862,interpolated
Chelmsford,2022,2022-04-05,26339,interpolated
Chelmsford,2023,2023-04-04,26202,interpolated
Chelmsford,2024,2024-04-02,27015,snapshot
Chelmsford,2025,2025-04-01,27159,carried
Chelmsford,2026,2026-04-07,27159,carried
Chelsea,2021,2021-11-02,15943,interpolated
Chelsea,2023,2023-11-07,17641,interpolated
Chelsea,2025,2025-11-04,18990,carried
Cheshire,2021,2021-05-03,2496,interpolated
Cheshire,2022,2022-05-02,2516,interpolated
Cheshire,2023,2023-05-01,2481,interpolated
Cheshire,2024,2024-05-07,2573,interpolated
Cheshire,2025,2025-05-05,2594,carried
Cheshire,2026,2026-05-04,2594,carried
Chester,2021,2021-05-01,904,interpolated
Chester,2022,2022-05-07,918,interpolated
Chester,2023,2023-05-06,901,interpolated
Chester,2024,2024-05-04,931,interpolated
Chester,2025,2025-05-03,938,carried
Chester,2026,2026-05-02,938,carried
Chesterfield,2021,2021-05-03,970,interpolated
Chesterfield,2022,2022-05-02,978,interpolated
Chesterfield,2023,2023-05-01,981,interpolated
Chesterfield,2024,2024-05-06,1007,interpolated
Chesterfield,2025,2025-05-05,1026,carried
Chesterfield,2026,2026-05-04,1026,carried
Chicopee,2021,2021-11-02,39066,interpolated
Chicopee,2023,2023-11-07,41035,interpolated
Chicopee,2025,2025-11-04,43890,carried
Chilmark,2021,2021-05-26,1067,interpolated
Chilmark,2022,2022-04-27,1097,interpolated
Chilmark,2023,2023-04-26,1118,interpolated
Chilmark,2024,2024-04-24,1152,interpolated
Chilmark,2025,2025-04-30,1195,carried
Chilmark,2026,2026-04-29,1195,carried
Clarksburg,2021,2021-05-25,1221,interpolated
Clarksburg,2022,2022-05-31,1237,interpolated
Clarksburg,2023,2023-05-30,1280,interpolated
Clarksburg,2024,2024-05-14,1336,interpolated
Clarksburg,2025,2025-05-13,1350,carried
Clarksburg,2026,2026-05-12,1350,carried
Clinton,2021,2021-06-14,10282,interpolated
Clinton,2022,2022-06-13,10531,interpolated
Clinton,2023,2023-06-12,10262,interpolated
Clinton,2024,2024-06-10,10854,interpolated
Clinton,2025,2025-06-09,11006,carried
Clinton,2026,2026-06-08,11006,carried
Cohasset,2021,2021-06-05,6367,interpolated
Cohasset,2022,2022-05-14,6379,interpolated
Cohasset,2023,2023-05-13,6342,interpolated
Cohasset,2024,2024-06-08,6469,interpolated
Cohasset,2025,2025-05-17,6372,carried
Cohasset,2026,2026-05-09,6372,carried
Colrain,2021,2021-05-04,1232,interpolated
Colrain,2022,2022-05-03,1255,interpolated
Colrain,2023,2023-05-02,1301,interpolated
Colrain,2024,2024-05-07,1343,interpolated
Colrain,2025,2025-05-13,1409,carried
Colrain,2026,2026-05-12,1409,carried
Concord,2021,2021-03-25,13900,interpolated
Concord,2022,2022-04-12,13926,interpolated
Concord,2023,2023-03-28,13568,interpolated
Concord,2024,2024-04-09,13811,snapshot
Concord,2025,2025-04-08,14312,carried
Concord,2026,2026-03-31,14312,carried
Conway,2021,2021-06-10,1444,interpolated
Conway,2022,2022-06-09,1458,interpolated
Conway,2023,2023-06-08,1452,interpolated
Conway,2024,2024-06-06,1495,interpolated
Conway,2025,2025-06-12,1494,carried
Conway,2026,2026-06-12,1494,carried
Cummington,2021,2021-05-10,692,interpolated
Cummington,2022,2022-05-09,688,interpolated
Cummington,2023,2023-05-08,685,interpolated
Cummington,2024,2024-05-13,709,interpolated
Cummington,2025,2025-05-12,724,carried
Cummington,2026,2026-05-11,724,carried
Dalton,2021,2021-05-10,4655,interpolated
Dalton,2022,2022-05-09,4725,interpolated
Dalton,2023,2023-05-08,4813,interpolated
Dalton,2024,2024-05-14,5039,interpolated
Dalton,2025,2025-05-12,5201,carried
Dalton,2026,2026-05-11,5201,carried
Danvers,2021,2021-05-04,21475,interpolated
Danvers,2022,2022-05-03,21711,interpolated
Danvers,2023,2023-05-02,21836,interpolated
Danvers,2024,2024-05-07,22638,interpolated
Danvers,2025,2025-05-06,23303,carried
Danvers,2026,2026-05-05,23303,carried
Dartmouth,2021,2021-04-06,22670,interpolated
Dartmouth,2022,2022-04-05,23167,interpolated
Dartmouth,2023,2023-04-04,23729,interpolated
Dartmouth,2024,2024-04-02,24217,snapshot
Dartmouth,2025,2025-04-01,24977,carried
Dartmouth,2026,2026-04-07,24977,carried
Dedham,2021,2021-04-10,19985,interpolated
Dedham,2022,2022-04-09,20081,interpolated
Dedham,2023,2023-04-08,20080,interpolated
Dedham,2024,2024-04-13,20602,snapshot
Dedham,2025,2025-04-14,20999,carried
Dedham,2026,2026-04-15,20999,carried
Deerfield,2021,2021-05-03,3934,interpolated
Deerfield,2022,2022-05-02,3943,interpolated
Deerfield,2023,2023-05-01,3892,interpolated
Deerfield,2024,2024-05-06,4041,interpolated
Deerfield,2025,2025-05-05,4098,carried
Deerfield,2026,2026-05-19,4098,carried
Dennis,2021,2021-05-11,12867,interpolated
Dennis,2022,2022-05-10,12862,interpolated
Dennis,2023,2023-05-09,12788,interpolated
Dennis,2024,2024-05-14,13160,interpolated
Dennis,2025,2025-05-13,13401,carried
Dennis,2026,2026-05-12,13401,carried
Dighton,2021,2021-04-10,6002,interpolated
Dighton,2022,2022-04-10,6049,interpolated
Dighton,2023,2023-04-08,6092,interpolated
Dighton,2024,2024-04-06,6331,snapshot
Dighton,2025,2025-04-12,6326,carried
Dighton,2026,2026-04-11,6326,carried
Douglas,2021,2021-05-11,6984,interpolated
Douglas,2022,2022-05-10,7052,interpolated
Douglas,2023,2023-05-09,7030,interpolated
Douglas,2025,2025-05-13,7753,carried
Dover,2021,2021-05-17,4461,interpolated
Dover,2022,2022-05-16,4442,interpolated
Dover,2023,2023-05-15,4380,interpolated
Dover,2024,2024-05-20,4414,interpolated
Dover,2025,2025-05-19,4504,carried
Dover,2026,2026-05-18,4504,carried
Dracut,2021,2021-05-08,23910,interpolated
Dracut,2022,2022-05-07,23577,interpolated
Dracut,2023,2023-05-06,23672,interpolated
Dracut,2024,2024-05-04,24274,interpolated
Dracut,2025,2025-05-03,25363,carried
Dracut,2026,2026-05-02,25363,carried
Dudley,2021,2021-06-14,8115,interpolated
Dudley,2022,2022-06-13,8318,interpolated
Dudley,2023,2023-06-12,8645,interpolated
Dudley,2024,2024-05-21,9069,interpolated
Dudley,2025,2025-06-16,9217,carried
Dudley,2026,2026-06-15,9217,carried
Dunstable,2021,2021-05-18,2640,interpolated
Dunstable,2022,2022-05-17,2662,interpolated
Dunstable,2023,2023-05-16,2637,interpolated
Dunstable,2024,2024-05-21,2585,interpolated
Dunstable,2025,2025-05-20,2731,carried
Dunstable,2026,2026-05-19,2731,carried
Duxbury,2021,2021-03-27,12864,interpolated
Duxbury,2022,2022-03-26,12869,interpolated
Duxbury,2023,2023-03-25,12791,interpolated
Duxbury,2024,2024-03-23,13017,snapshot
Duxbury,2025,2025-03-22,13420,carried
Duxbury,2026,2026-03-28,13420,carried
East Bridgewater,2021,2021-06-14,10670,interpolated
East Bridgewater,2022,2022-05-14,10825,interpolated
East Bridgewater,2023,2023-05-13,10897,interpolated
East Bridgewater,2024,2024-05-18,11349,interpolated
East Bridgewater,2025,2025-05-17,11637,carried
East Bridgewater,2026,2026-04-25,11637,carried
East Brookfield,2021,2021-05-11,1631,interpolated
East Brookfield,2022,2022-05-10,1649,interpolated
East Brookfield,2023,2023-05-09,1650,interpolated
East Brookfield,2025,2025-05-13,1758,carried
East Longmeadow,2021,2021-06-08,12689,interpolated
East Longmeadow,2022,2022-06-07,12791,interpolated
East Longmeadow,2023,2023-06-06,12917,interpolated
East Longmeadow,2024,2024-06-04,13507,interpolated
East Longmeadow,2025,2025-06-03,13796,carried
East Longmeadow,2026,2026-06-02,13796,carried
Eastham,2021,2021-05-18,4554,interpolated
Eastham,2022,2022-05-17,4620,interpolated
Eastham,2023,2023-05-16,4700,interpolated
Eastham,2024,2024-05-21,4851,interpolated
Eastham,2025,2025-05-20,4830,carried
Eastham,2026,2026-05-19,4830,carried
Easthampton,2021,2021-11-02,12603,interpolated
Easthampton,2023,2023-11-07,12839,interpolated
Easthampton,2025,2025-11-04,13021,carried
Easton,2021,2021-04-24,17096,interpolated
Easton,2022,2022-04-23,17277,interpolated
Easton,2023,2023-04-22,17330,interpolated
Easton,2024,2024-04-20,17990,interpolated
Easton,2025,2025-04-26,17947,carried
Easton,2026,2026-04-28,17947,carried
Edgartown,2021,2021-05-25,4173,interpolated
Edgartown,2022,2022-04-14,4263,interpolated
Edgartown,2023,2023-04-13,4116,interpolated
Edgartown,2024,2024-04-11,4243,snapshot
Edgartown,2025,2025-04-10,4202,carried
Edgartown,2026,2026-04-16,4202,carried
Egremont,2021,2021-05-11,1076,interpolated
Egremont,2022,2022-11-08,1115,snapshot
Egremont,2023,2023-05-09,1088,interpolated
Egremont,2024,2024-05-14,1111,interpolated
Egremont,2025,2025-05-13,1095,carried
Egremont,2026,2026-05-12,1095,carried
Erving,2021,2021-05-03,1200,interpolated
Erving,2022,2022-05-05,1233,interpolated
Erving,2023,2023-05-01,1215,interpolated
Erving,2024,2024-05-06,1280,interpolated
Erving,2025,2025-05-05,1298,carried
Erving,2026,2026-05-04,1298,carried
Essex,2021,2021-05-10,2841,interpolated
Essex,2022,2022-05-09,2882,interpolated
Essex,2023,2023-05-08,2881,interpolated
Essex,2024,2024-05-13,3003,interpolated
Essex,2025,2025-05-12,2972,carried
Essex,2026,2026-05-11,2972,carried
Everett,2021,2021-11-02,22109,interpolated
Everett,2023,2023-11-07,22549,interpolated
Everett,2025,2025-11-04,24002,carried
Fairhaven,2021,2021-04-05,11923,interpolated
Fairhaven,2022,2022-04-04,12232,interpolated
Fairhaven,2023,2023-04-03,12603,interpolated
Fairhaven,2024,2024-04-01,13042,snapshot
Fairhaven,2025,2025-04-07,13526,carried
Fairhaven,2026,2026-06-09,13526,carried
Fall River,2021,2021-11-02,52241,interpolated
Fall River,2023,2023-11-07,58376,interpolated
Fall River,2025,2025-11-04,56321,carried
Falmouth,2021,2021-05-18,26678,interpolated
Falmouth,2022,2022-05-17,26881,interpolated
Falmouth,2023,2023-05-16,27216,interpolated
Falmouth,2024,2024-05-21,28110,interpolated
Falmouth,2025,2025-05-20,28893,carried
Falmouth,2026,2026-05-19,28893,carried
Fitchburg,2021,2021-11-02,24607,interpolated
Fitchburg,2023,2023-11-07,27982,interpolated
Fitchburg,2025,2025-11-04,27033,carried
Florida,2021,2021-05-03,525,interpolated
Florida,2022,2022-05-02,517,interpolated
Florida,2023,2023-05-01,512,interpolated
Florida,2024,2024-05-06,522,interpolated
Florida,2025,2025-05-05,550,carried
Florida,2026,2026-05-04,550,carried
Foxborough,2021,2021-05-03,13632,interpolated
Foxborough,2022,2022-05-02,13973,interpolated
Foxborough,2023,2023-05-01,13965,interpolated
Foxborough,2024,2024-05-06,14524,interpolated
Foxborough,2025,2025-05-05,14469,carried
Foxborough,2026,2026-05-04,14469,carried
Framingham,2021,2021-11-02,40179,interpolated
Framingham,2023,2023-11-07,42602,interpolated
Framingham,2025,2025-11-04,43863,carried
Franklin,2021,2021-11-02,24704,interpolated
Franklin,2023,2023-11-07,24404,interpolated
Franklin,2025,2025-11-04,25817,carried
Freetown,2021,2021-04-05,6651,interpolated
Freetown,2022,2022-04-04,6804,interpolated
Freetown,2023,2023-04-03,6931,interpolated
Freetown,2024,2024-04-01,7260,snapshot
Freetown,2025,2025-04-07,7410,carried
Freetown,2026,2026-04-06,7410,carried
Gardner,2021,2021-11-02,12896,interpolated
Gardner,2023,2023-11-07,14175,interpolated
Gardner,2025,2025-11-04,14759,carried
Georgetown,2021,2021-05-10,6571,interpolated
Georgetown,2022,2022-05-09,6636,interpolated
Georgetown,2023,2023-05-08,6642,interpolated
Georgetown,2024,2024-05-13,6860,interpolated
Georgetown,2025,2025-05-12,6751,carried
Georgetown,2026,2026-05-11,6751,carried
Gill,2021,2021-05-17,1172,interpolated
Gill,2022,2022-05-10,1207,interpolated
Gill,2023,2023-05-15,1222,interpolated
Gill,2024,2024-05-20,1269,interpolated
Gill,2025,2025-05-19,1285,carried
Gill,2026,2026-05-18,1285,carried
Gloucester,2021,2021-11-02,22096,interpolated
Gloucester,2023,2023-11-07,23169,interpolated
Gloucester,2025,2025-11-04,23071,carried
Goshen,2021,2021-05-01,798,interpolated
Goshen,2022,2022-06-04,797,interpolated
Goshen,2023,2023-06-03,764,interpolated
Goshen,2024,2024-06-01,791,interpolated
Goshen,2025,2025-06-07,798,carried
Goshen,2026,2026-06-06,798,carried
Gosnold,2024,2024-05-20,107,interpolated
Gosnold,2025,2025-05-19,97,carried
Grafton,2021,2021-05-22,13786,interpolated
Grafton,2022,2022-05-17,14063,interpolated
Grafton,2023,2023-05-16,14370,interpolated
Grafton,2024,2024-05-21,15018,interpolated
Grafton,2025,2025-05-20,15224,carried
Grafton,2026,2026-05-19,15224,carried
Granby,2021,2021-05-17,4793,interpolated
Granby,2022,2022-05-16,4887,interpolated
Granby,2023,2023-05-15,4915,interpolated
Granby,2024,2024-05-20,5091,interpolated
Granby,2025,2025-05-19,5087,carried
Granby,2026,2026-05-18,5087,carried
Granville,2021,2021-04-12,1161,interpolated
Granville,2022,2022-04-11,1196,interpolated
Granville,2023,2023-04-10,1225,interpolated
Granville,2024,2024-04-08,1258,snapshot
Granville,2025,2025-04-07,1275,carried
Great Barrington,2021,2021-05-11,5101,interpolated
Great Barrington,2022,2022-05-10,5104,interpolated
Great Barrington,2023,2023-05-09,4930,interpolated
Great Barrington,2024,2024-05-14,5091,interpolated
Great Barrington,2025,2025-05-13,5250,carried
Great Barrington,2026,2026-05-12,5250,carried
Greenfield,2021,2021-11-02,13058,interpolated
Greenfield,2023,2023-11-07,13054,interpolated
Greenfield,2025,2025-11-04,14008,carried
Groton,2021,2021-05-25,8741,interpolated
Groton,2022,2022-05-24,8757,interpolated
Groton,2023,2023-05-23,8715,interpolated
Groton,2024,2024-04-23,8967,interpolated
Groton,2025,2025-05-20,8898,carried
Groton,2026,2026-05-19,8898,carried
Groveland,2021,2021-05-03,5469,interpolated
Groveland,2022,2022-05-02,5456,interpolated
Groveland,2023,2023-05-01,5387,interpolated
Groveland,2024,2024-05-06,5576,interpolated
Groveland,2025,2025-05-05,5562,carried
Groveland,2026,2026-05-04,5562,carried
Hadley,2021,2021-04-13,3915,interpolated
Hadley,2022,2022-05-17,3876,interpolated
Hadley,2023,2023-05-16,3816,interpolated
Hadley,2024,2024-05-21,3958,interpolated
Hadley,2025,2025-05-20,4017,carried
Hadley,2026,2026-05-19,4017,carried
Halifax,2021,2021-05-15,6022,interpolated
Halifax,2022,2022-05-14,6141,interpolated
Halifax,2023,2023-05-13,6170,interpolated
Halifax,2024,2024-05-18,6418,interpolated
Halifax,2025,2025-05-17,6433,carried
Halifax,2026,2026-05-16,6433,carried
Hamilton,2021,2021-05-06,5781,interpolated
Hamilton,2022,2022-04-07,5658,interpolated
Hamilton,2023,2023-04-06,5623,interpolated
Hamilton,2024,2024-04-11,5776,snapshot
Hamilton,2025,2025-04-10,5765,carried
Hamilton,2026,2026-04-16,5765,carried
Hampden,2021,2021-05-19,3995,interpolated
Hampden,2022,2022-05-16,4052,interpolated
Hampden,2023,2023-05-15,4109,interpolated
Hampden,2024,2024-05-20,4292,interpolated
Hampden,2025,2025-05-19,4185,carried
Hampden,2026,2026-05-18,4185,carried
Hancock,2021,2021-05-10,554,interpolated
Hancock,2023,2023-05-08,560,interpolated
Hancock,2024,2024-05-13,580,interpolated
Hancock,2025,2025-05-12,603,carried
Hancock,2026,2026-05-11,603,carried
Hanover,2021,2021-05-08,11220,interpolated
Hanover,2022,2022-05-07,11354,interpolated
Hanover,2023,2023-05-13,11409,interpolated
Hanover,2024,2024-05-18,11868,interpolated
Hanover,2025,2025-05-17,11910,carried
Hanover,2026,2026-05-16,11910,carried
Hanson,2021,2021-05-15,8042,interpolated
Hanson,2022,2022-05-21,8142,interpolated
Hanson,2023,2023-05-20,8123,interpolated
Hanson,2024,2024-05-18,8512,interpolated
Hanson,2025,2025-05-17,8741,carried
Hanson,2026,2026-05-16,8741,carried
Hardwick,2021,2021-04-12,1908,interpolated
Hardwick,2022,2022-04-11,1936,interpolated
Hardwick,2023,2023-04-10,1968,interpolated
Hardwick,2024,2024-05-04,2094,interpolated
Hardwick,2025,2025-05-03,2125,carried
Hardwick,2026,2026-05-02,2125,carried
Harvard,2021,2021-05-18,4454,interpolated
Harvard,2022,2022-05-17,4541,interpolated
Harvard,2023,2023-05-09,4621,interpolated
Harvard,2024,2024-04-09,4710,snapshot
Harvard,2025,2025-05-06,4776,carried
Harvard,2026,2026-05-05,4776,carried
Harwich,2021,2021-05-18,11518,interpolated
Harwich,2022,2022-05-17,11327,interpolated
Harwich,2023,2023-05-16,11454,interpolated
Harwich,2024,2024-05-21,11832,interpolated
Harwich,2025,2025-05-20,12188,carried
Harwich,2026,2026-05-19,12188,carried
Hatfield,2021,2021-05-18,2668,interpolated
Hatfield,2022,2022-05-01,2681,interpolated
Hatfield,2023,2023-05-16,2636,interpolated
Hatfield,2024,2024-05-21,2734,interpolated
Hatfield,2025,2025-05-20,2725,carried
Hatfield,2026,2026-05-19,2725,carried
Haverhill,2021,2021-11-02,48419,interpolated
Haverhill,2023,2023-11-07,48571,interpolated
Haverhill,2025,2025-11-04,47515,carried
Hawley,2021,2021-05-02,274,interpolated
Hawley,2022,2022-05-04,261,interpolated
Hawley,2023,2023-05-01,259,interpolated
Hawley,2024,2024-05-06,260,interpolated
Hawley,2025,2025-05-05,263,carried
Hawley,2026,2026-05-05,263,carried
Heath,2021,2021-05-07,557,interpolated
Heath,2022,2022-05-06,555,interpolated
Heath,2023,2023-05-05,550,interpolated
Heath,2024,2024-05-10,556,interpolated
Heath,2025,2025-05-09,558,carried
Heath,2026,2026-05-08,558,carried
Hingham,2021,2021-05-22,19038,interpolated
Hingham,2022,2022-05-14,19373,interpolated
Hingham,2023,2023-04-29,19324,interpolated
Hingham,2024,2024-04-27,19642,interpolated
Hingham,2025,2025-05-03,20070,carried
Hingham,2026,2026-05-02,20070,carried
Hinsdale,2021,2021-06-12,1472,interpolated
Hinsdale,2022,2022-05-14,1467,interpolated
Hinsdale,2023,2023-05-13,1474,interpolated
Hinsdale,2024,2024-05-18,1554,interpolated
Hinsdale,2025,2025-05-17,1613,carried
Hinsdale,2026,2026-05-23,1613,carried
Holbrook,2021,2021-04-03,7922,interpolated
Holbrook,2022,2022-04-02,8023,interpolated
Holbrook,2023,2023-04-07,8042,interpolated
Holbrook,2024,2024-04-06,8321,snapshot
Holbrook,2025,2025-04-05,8571,carried
Holbrook,2026,2026-04-04,8571,carried
Holden,2021,2021-05-10,14774,interpolated
Holden,2022,2022-05-09,14914,interpolated
Holden,2023,2023-05-08,15136,interpolated
Holden,2024,2024-05-13,15660,interpolated
Holden,2025,2025-05-12,15784,carried
Holden,2026,2026-05-11,15784,carried
Holland,2021,2021-06-08,2125,interpolated
Holland,2022,2022-06-14,2197,interpolated
Holland,2023,2023-06-13,2172,interpolated
Holland,2024,2024-06-11,2305,interpolated
Holland,2025,2025-06-10,2362,carried
Holliston,2021,2021-05-25,11036,interpolated
Holliston,2022,2022-05-24,11119,interpolated
Holliston,2023,2023-05-23,11217,interpolated
Holliston,2024,2024-05-21,11595,interpolated
Holliston,2025,2025-05-20,11508,carried
Holliston,2026,2026-05-19,11508,carried
Holyoke,2021,2021-11-02,27355,interpolated
Holyoke,2023,2023-11-07,28593,interpolated
Holyoke,2025,2025-11-04,30689,carried
Hopedale,2021,2021-05-11,4462,interpolated
Hopedale,2022,2022-11-08,4459,snapshot
Hopedale,2023,2023-05-09,4435,interpolated
Hopedale,2024,2024-05-14,4575,interpolated
Hopedale,2025,2025-05-13,4653,carried
Hopedale,2026,2026-05-12,4653,carried
Hopkinton,2021,2021-05-22,12716,interpolated
Hopkinton,2022,2022-05-16,12923,interpolated
Hopkinton,2023,2023-05-15,12966,interpolated
Hopkinton,2024,2024-05-20,13390,interpolated
Hopkinton,2025,2025-05-19,13169,carried
Hopkinton,2026,2026-05-18,13169,carried
Hubbardston,2021,2021-06-08,3432,interpolated
Hubbardston,2022,2022-06-14,3409,interpolated
Hubbardston,2023,2023-06-13,3493,interpolated
Hubbardston,2024,2024-06-11,3658,interpolated
Hubbardston,2025,2025-06-17,3768,carried
Hubbardston,2026,2026-06-09,3768,carried
Hudson,2021,2021-05-10,13810,interpolated
Hudson,2022,2022-05-09,13980,interpolated
Hudson,2023,2023-05-08,14041,interpolated
Hudson,2024,2024-05-13,14648,interpolated
Hudson,2025,2025-05-12,14609,carried
Hudson,2026,2026-05-11,14609,carried
Hull,2021,2021-05-22,8623,interpolated
Hull,2022,2022-05-17,8772,interpolated
Hull,2023,2023-05-15,8888,interpolated
Hull,2024,2024-05-20,9153,interpolated
Hull,2025,2025-05-19,9234,carried
Hull,2026,2026-05-18,9234,carried
Huntington,2021,2021-05-15,1585,interpolated
Huntington,2022,2022-05-21,1628,interpolated
Huntington,2023,2023-05-20,1669,interpolated
Huntington,2024,2024-05-11,1727,interpolated
Huntington,2025,2025-05-10,1746,carried
Huntington,2026,2026-05-09,1746,carried
Ipswich,2021,2021-05-18,11674,interpolated
Ipswich,2022,2022-05-17,11770,interpolated
Ipswich,2023,2023-05-16,11871,interpolated
Ipswich,2024,2024-05-21,12215,interpolated
Ipswich,2025,2025-05-20,11677,carried
Ipswich,2026,2026-05-19,11677,carried
Kingston,2021,2021-04-24,10506,interpolated
Kingston,2022,2022-04-23,10681,interpolated
Kingston,2023,2023-04-22,10950,interpolated
Kingston,2024,2024-05-18,11430,interpolated
Kingston,2025,2025-05-17,11689,carried
Kingston,2026,2026-05-16,11689,carried
Lakeville,2021,2021-04-05,8868,interpolated
Lakeville,2022,2022-04-04,9161,interpolated
Lakeville,2023,2023-04-03,9347,interpolated
Lakeville,2024,2024-04-01,9773,snapshot
Lakeville,2025,2025-04-07,10092,carried
Lakeville,2026,2026-04-06,10092,carried
Lancaster,2021,2021-05-10,5376,interpolated
Lancaster,2022,2022-05-09,5266,interpolated
Lancaster,2023,2023-05-08,5237,interpolated
Lancaster,2024,2024-05-13,5380,interpolated
Lancaster,2025,2025-05-12,5434,carried
Lancaster,2026,2026-05-11,5434,carried
Lanesborough,2021,2021-06-15,2367,interpolated
Lanesborough,2022,2022-06-21,2415,interpolated
Lanesborough,2023,2023-06-20,2465,interpolated
Lanesborough,2024,2024-06-18,2551,interpolated
Lanesborough,2025,2025-06-17,2591,carried
Lanesborough,2026,2026-06-16,2591,carried
Lawrence,2021,2021-11-02,41896,interpolated
Lawrence,2023,2023-11-07,45191,interpolated
Lawrence,2025,2025-11-04,43530,carried
Lee,2021,2021-05-17,4432,interpolated
Lee,2022,2022-05-16,4517,interpolated
Lee,2023,2023-05-15,4548,interpolated
Lee,2024,2024-05-14,4737,interpolated
Lee,2025,2025-05-12,4784,carried
Lee,2026,2026-05-18,4784,carried
Leicester,2021,2021-06-08,8035,interpolated
Leicester,2022,2022-06-14,8170,interpolated
Leicester,2023,2023-06-12,8323,interpolated
Leicester,2024,2024-06-11,8768,interpolated
Leicester,2025,2025-06-10,9008,carried
Leicester,2026,2026-06-09,9008,carried
Lenox,2021,2021-05-10,3912,interpolated
Lenox,2022,2022-05-09,3841,interpolated
Lenox,2023,2023-05-09,3745,interpolated
Lenox,2024,2024-05-07,3885,interpolated
Lenox,2025,2025-05-05,3873,carried
Lenox,2026,2026-05-11,3873,carried
Leominster,2021,2021-11-02,29271,interpolated
Leominster,2023,2023-11-07,30750,interpolated
Leominster,2025,2025-11-04,32723,carried
Leverett,2021,2021-05-01,1565,interpolated
Leverett,2022,2022-04-30,1554,interpolated
Leverett,2023,2023-04-29,1521,interpolated
Leverett,2024,2024-04-27,1541,interpolated
Leverett,2025,2025-05-03,1544,carried
Lexington,2021,2021-03-01,22545,snapshot
Lexington,2022,2022-03-07,22703,interpolated
Lexington,2023,2023-03-06,22641,snapshot
Lexington,2024,2024-03-05,23114,snapshot
Lexington,2025,2025-03-03,23070,snapshot
Lexington,2026,2026-03-02,23070,carried
Leyden,2021,2021-06-28,592,interpolated
Leyden,2022,2022-06-27,591,interpolated
Leyden,2023,2023-06-26,584,interpolated
Leyden,2024,2024-06-04,608,interpolated
Leyden,2025,2025-06-03,612,carried
Leyden,2026,2026-06-02,612,carried
Lincoln,2021,2021-03-29,4841,interpolated
Lincoln,2022,2022-03-28,4942,interpolated
Lincoln,2023,2023-03-27,4906,interpolated
Lincoln,2024,2024-03-25,5011,snapshot
Lincoln,2025,2025-03-31,5023,carried
Lincoln,2026,2026-03-30,5023,carried
Littleton,2021,2021-05-08,7528,interpolated
Littleton,2022,2022-05-07,7385,interpolated
Littleton,2023,2023-05-06,7503,interpolated
Littleton,2024,2024-05-11,7691,interpolated
Littleton,2025,2025-05-10,7879,carried
Longmeadow,2021,2021-06-22,12071,interpolated
Longmeadow,2022,2022-06-14,12072,interpolated
Longmeadow,2023,2023-06-13,12494,interpolated
Longmeadow,2024,2024-06-11,12807,interpolated
Longmeadow,2025,2025-06-03,13117,carried
Longmeadow,2026,2026-06-02,13117,carried
Lowell,2021,2021-11-02,68163,interpolated
Lowell,2023,2023-11-07,74534,interpolated
Lowell,2025,2025-11-04,75064,carried
Ludlow,2021,2021-03-22,14396,interpolated
Ludlow,2022,2022-03-28,14845,interpolated
Ludlow,2023,2023-03-27,14945,interpolated
Ludlow,2024,2024-03-25,15643,snapshot
Ludlow,2025,2025-03-24,15738,carried
Ludlow,2026,2026-03-23,15738,carried
Lunenburg,2021,2021-05-15,8686,interpolated
Lunenburg,2022,2022-05-21,8908,interpolated
Lunenburg,2023,2023-05-20,9036,interpolated
Lunenburg,2024,2024-05-18,9397,interpolated
Lunenburg,2025,2025-05-17,9709,carried
Lunenburg,2026,2026-05-16,9709,carried
Lynn,2021,2021-11-02,56343,interpolated
Lynn,2023,2023-11-07,59793,interpolated
Lynn,2025,2025-11-04,62806,carried
Lynnfield,2021,2021-04-13,9412,interpolated
Lynnfield,2022,2022-04-12,9525,interpolated
Lynnfield,2023,2023-04-11,9434,interpolated
Lynnfield,2024,2024-04-09,9639,snapshot
Lynnfield,2025,2025-04-08,10104,carried
Lynnfield,2026,2026-04-14,10104,carried
Malden,2021,2021-11-02,36004,interpolated
Malden,2023,2023-11-07,36086,interpolated
Malden,2025,2025-11-04,36839,carried
Manchester,2021,2021-05-18,4397,interpolated
Manchester,2022,2022-05-17,4356,interpolated
Manchester,2023,2023-05-16,4299,interpolated
Manchester,2024,2024-05-21,4375,interpolated
Manchester,2025,2025-05-20,4353,carried
Manchester,2026,2026-05-19,4353,carried
Mansfield,2021,2021-05-11,18436,interpolated
Mansfield,2022,2022-05-10,18515,interpolated
Mansfield,2023,2023-05-09,18498,interpolated
Mansfield,2024,2024-05-14,19185,interpolated
Mansfield,2025,2025-05-13,19280,carried
Mansfield,2026,2026-05-12,19280,carried
Marblehead,2021,2021-06-22,16226,interpolated
Marblehead,2022,2022-06-21,16298,interpolated
Marblehead,2023,2023-06-20,16281,interpolated
Marblehead,2024,2024-06-11,16822,interpolated
Marblehead,2025,2025-06-10,17216,carried
Marblehead,2026,2026-06-09,17216,carried
Marion,2021,2021-05-14,4358,interpolated
Marion,2022,2022-05-13,4398,interpolated
Marion,2023,2023-05-12,4430,interpolated
Marion,2024,2024-05-17,4562,interpolated
Marion,2025,2025-05-16,4481,carried
Marion,2026,2026-05-15,4481,carried
Marlborough,2021,2021-11-02,24542,interpolated
Marlborough,2023,2023-11-07,25479,interpolated
Marlborough,2025,2025-11-04,26816,carried
Marshfield,2021,2021-05-01,21359,interpolated
Marshfield,2022,2022-04-30,21176,interpolated
Marshfield,2023,2023-04-29,21320,interpolated
Marshfield,2024,2024-04-27,21698,interpolated
Marshfield,2025,2025-05-03,21917,carried
Marshfield,2026,2026-05-02,21917,carried
Mashpee,2021,2021-05-08,12110,interpolated
Mashpee,2022,2022-05-07,12392,interpolated
Mashpee,2023,2023-05-06,12511,interpolated
Mashpee,2024,2024-05-11,12986,interpolated
Mashpee,2025,2025-05-10,13276,carried
Mashpee,2026,2026-05-09,13276,carried
Mattapoisett,2021,2021-05-18,5577,interpolated
Mattapoisett,2022,2022-05-17,5650,interpolated
Mattapoisett,2023,2023-05-16,5751,interpolated
Mattapoisett,2024,2024-05-21,5990,interpolated
Mattapoisett,2025,2025-05-20,5962,carried
Mattapoisett,2026,2026-05-19,5962,carried
Maynard,2021,2021-05-08,7992,interpolated
Maynard,2022,2022-05-03,8204,interpolated
Maynard,2023,2023-05-02,8342,interpolated
Maynard,2024,2024-05-07,8624,interpolated
Maynard,2025,2025-05-06,8909,carried
Maynard,2026,2026-05-05,8909,carried
Medfield,2021,2021-03-29,9417,interpolated
Medfield,2022,2022-03-28,9524,interpolated
Medfield,2023,2023-03-27,9447,interpolated
Medfield,2024,2024-03-25,9546,snapshot
Medfield,2025,2025-03-31,9752,carried
Medfield,2026,2026-03-30,9752,carried
Medford,2021,2021-11-02,41121,interpolated
Medford,2023,2023-11-07,41934,interpolated
Medford,2025,2025-11-04,42623,carried
Medway,2021,2021-05-18,10281,interpolated
Medway,2022,2022-05-17,10322,interpolated
Medway,2023,2023-05-16,10413,interpolated
Medway,2024,2024-05-21,10839,interpolated
Medway,2025,2025-05-20,11073,carried
Medway,2026,2026-05-19,11073,carried
Melrose,2021,2021-11-02,20986,interpolated
Melrose,2023,2023-11-07,21215,interpolated
Melrose,2025,2025-11-04,20883,carried
Mendon,2021,2021-05-18,4552,interpolated
Mendon,2022,2022-05-17,4561,interpolated
Mendon,2023,2023-05-16,4561,interpolated
Mendon,2024,2024-05-14,4783,interpolated
Mendon,2025,2025-05-13,4887,carried
Mendon,2026,2026-05-19,4887,carried
Merrimac,2021,2021-05-03,5579,interpolated
Merrimac,2023,2023-05-01,5695,interpolated
Merrimac,2024,2024-05-06,5950,interpolated
Merrimac,2025,2025-05-05,6096,carried
Merrimac,2026,2026-05-06,6096,carried
Methuen,2021,2021-11-02,37066,interpolated
Methuen,2023,2023-11-07,40011,interpolated
Methuen,2025,2025-11-04,41204,carried
Middleborough,2021,2021-04-03,18747,interpolated
Middleborough,2022,2022-04-02,19194,interpolated
Middleborough,2023,2023-04-01,19040,interpolated
Middleborough,2024,2024-04-06,19894,snapshot
Middleborough,2025,2025-04-05,20342,carried
Middleborough,2026,2026-04-04,20342,carried
Middlefield,2023,2023-05-06,361,interpolated
Middlefield,2024,2024-05-04,372,interpolated
Middlefield,2025,2025-05-03,373,carried
Middlefield,2026,2026-05-02,373,carried
Middleton,2021,2021-06-12,6993,interpolated
Middleton,2022,2022-05-17,7056,interpolated
Middleton,2023,2023-05-16,7163,interpolated
Middleton,2024,2024-05-21,7307,interpolated
Middleton,2025,2025-05-20,7200,carried
Middleton,2026,2026-05-19,7200,carried
Milford,2021,2021-04-06,18011,interpolated
Milford,2022,2022-04-05,18340,interpolated
Milford,2023,2023-04-04,17804,interpolated
Milford,2024,2024-04-02,18184,snapshot
Milford,2025,2025-04-01,18867,carried
Milford,2026,2026-04-07,18867,carried
Millbury,2021,2021-04-27,10117,interpolated
Millbury,2022,2022-04-26,10270,interpolated
Millbury,2023,2023-04-25,10434,interpolated
Millbury,2024,2024-04-30,10822,interpolated
Millbury,2025,2025-04-29,11016,carried
Millbury,2026,2026-04-28,11016,carried
Millis,2021,2021-05-10,6775,interpolated
Millis,2022,2022-05-09,6853,interpolated
Millis,2023,2023-05-08,6906,interpolated
Millis,2024,2024-05-13,7121,interpolated
Millis,2025,2025-05-12,7223,carried
Millis,2026,2026-05-11,7223,carried
Millville,2021,2021-04-05,2315,interpolated
Millville,2022,2022-04-04,2357,interpolated
Millville,2023,2023-04-03,2324,interpolated
Millville,2024,2024-04-01,2467,snapshot
Millville,2025,2025-04-07,2492,carried
Milton,2021,2021-04-27,21702,interpolated
Milton,2022,2022-04-26,20873,interpolated
Milton,2023,2023-04-25,20854,interpolated
Milton,2024,2024-04-30,21566,interpolated
Milton,2025,2025-04-29,22112,carried
Milton,2026,2026-04-28,22112,carried
Monroe,2022,2022-05-03,82,interpolated
Monroe,2024,2024-05-06,88,interpolated
Monroe,2025,2025-05-01,90,carried
Monroe,2026,2026-05-05,90,carried
Monson,2021,2021-06-08,6193,interpolated
Monson,2022,2022-06-14,6228,interpolated
Monson,2023,2023-06-13,6355,interpolated
Monson,2024,2024-06-11,6664,interpolated
Monson,2025,2025-06-10,6670,carried
Monson,2026,2026-06-09,6670,carried
Montague,2021,2021-06-22,6211,interpolated
Montague,2022,2022-05-17,6384,interpolated
Montague,2023,2023-05-16,6647,interpolated
Montague,2024,2024-05-21,6984,interpolated
Montague,2025,2025-05-20,7215,carried
Montague,2026,2026-05-19,7215,carried
Monterey,2021,2021-05-04,697,interpolated
Monterey,2022,2022-11-08,760,snapshot
Monterey,2023,2023-05-09,752,interpolated
Monterey,2024,2024-05-13,802,interpolated
Monterey,2025,2025-05-06,829,carried
Monterey,2026,2026-05-05,829,carried
Montgomery,2021,2021-05-17,632,interpolated
Montgomery,2022,2022-05-02,644,interpolated
Montgomery,2023,2023-05-01,637,interpolated
Montgomery,2024,2024-05-06,654,interpolated
Montgomery,2025,2025-05-05,664,carried
Mount Washington,2021,2021-05-11,136,interpolated
Mount Washington,2022,2022-05-10,138,interpolated
Mount Washington,2023,2023-05-09,133,interpolated
Mount Washington,2024,2024-05-14,139,interpolated
Mount Washington,2025,2025-05-13,143,carried
Mount Washington,2026,2026-05-12,143,carried
Nahant,2021,2021-04-24,2847,interpolated
Nahant,2022,2022-04-30,2813,interpolated
Nahant,2023,2023-04-29,2784,interpolated
Nahant,2024,2024-04-27,2803,interpolated
Nahant,2025,2025-04-26,2830,carried
Nahant,2026,2026-04-25,2830,carried
Nantucket,2021,2021-06-15,9390,interpolated
Nantucket,2022,2022-05-10,9389,interpolated
Nantucket,2023,2023-05-23,9521,interpolated
Nantucket,2024,2024-05-21,9903,interpolated
Nantucket,2025,2025-05-20,10007,carried
Nantucket,2026,2026-05-19,10007,carried
Natick,2021,2021-03-30,24333,interpolated
Natick,2022,2022-03-29,24274,interpolated
Natick,2023,2023-03-28,24244,interpolated
Natick,2024,2024-03-26,24910,snapshot
Natick,2025,2025-03-25,26136,carried
Natick,2026,2026-03-31,26136,carried
Needham,2021,2021-04-13,23799,interpolated
Needham,2022,2022-04-12,23910,interpolated
Needham,2023,2023-04-11,23982,interpolated
Needham,2024,2024-04-09,24380,snapshot
Needham,2025,2025-04-08,25105,carried
Needham,2026,2026-04-14,25105,carried
New Ashford,2021,2021-05-25,197,interpolated
New Ashford,2022,2022-05-24,218,interpolated
New Ashford,2023,2023-05-23,193,interpolated
New Ashford,2024,2024-05-28,190,interpolated
New Ashford,2025,2025-05-27,195,carried
New Ashford,2026,2026-05-26,195,carried
New Bedford,2021,2021-11-02,63744,interpolated
New Bedford,2023,2023-11-07,66417,interpolated
New Bedford,2025,2025-11-06,71671,carried
New Braintree,2021,2021-05-03,791,interpolated
New Braintree,2023,2023-05-01,817,interpolated
New Braintree,2024,2024-05-06,843,interpolated
New Braintree,2025,2025-05-05,844,carried
New Marlborough,2021,2021-05-10,1181,interpolated
New Marlborough,2022,2022-05-09,1205,interpolated
New Marlborough,2023,2023-05-08,1227,interpolated
New Marlborough,2024,2024-05-13,1232,interpolated
New Marlborough,2025,2025-05-12,1267,carried
New Marlborough,2026,2026-05-11,1267,carried
New Salem,2021,2021-05-04,839,interpolated
New Salem,2022,2022-05-03,847,interpolated
New Salem,2023,2023-05-02,868,interpolated
New Salem,2024,2024-05-07,885,interpolated
New Salem,2025,2025-05-05,893,carried
New Salem,2026,2026-05-05,893,carried
Newbury,2021,2021-05-11,5616,interpolated
Newbury,2022,2022-05-10,5625,interpolated
Newbury,2023,2023-05-09,5677,interpolated
Newbury,2024,2024-05-14,5865,interpolated
Newbury,2025,2025-05-13,6054,carried
Newbury,2026,2026-05-12,6054,carried
Newburyport,2021,2021-11-02,15655,interpolated
Newburyport,2023,2023-11-07,15430,interpolated
Newburyport,2025,2025-11-04,15687,carried
Newton,2021,2021-11-02,61414,interpolated
Newton,2023,2023-11-07,59549,interpolated
Newton,2025,2025-11-04,59179,carried
Norfolk,2021,2021-05-04,7622,interpolated
Norfolk,2022,2022-05-04,7696,interpolated
Norfolk,2023,2023-05-02,7812,interpolated
Norfolk,2024,2024-05-07,8002,interpolated
Norfolk,2025,2025-05-06,8084,carried
North Adams,2021,2021-11-02,9176,interpolated
North Adams,2023,2023-11-07,9549,interpolated
North Adams,2025,2025-11-04,10036,carried
North Andover,2021,2021-03-30,21691,interpolated
North Andover,2022,2022-03-29,21861,interpolated
North Andover,2023,2023-03-28,22088,interpolated
North Andover,2024,2024-03-26,22908,snapshot
North Andover,2025,2025-03-25,22198,carried
North Andover,2026,2026-03-31,22198,carried
North Attleborough,2021,2021-04-06,21470,interpolated
North Attleborough,2022,2022-04-05,22007,interpolated
North Attleborough,2023,2023-04-04,22293,interpolated
North Attleborough,2024,2024-04-02,23386,snapshot
North Attleborough,2025,2025-04-01,24435,carried
North Attleborough,2026,2026-04-07,24435,carried
North Brookfield,2021,2021-05-03,3601,interpolated
North Brookfield,2022,2022-05-02,3729,interpolated
North Brookfield,2023,2023-05-01,3762,interpolated
North Brookfield,2024,2024-05-06,3948,interpolated
North Brookfield,2025,2025-05-05,4010,carried
North Brookfield,2026,2026-05-04,4010,carried
North Reading,2021,2021-05-04,11648,interpolated
North Reading,2022,2022-05-03,11890,interpolated
North Reading,2023,2023-05-02,12006,interpolated
North Reading,2024,2024-05-07,12512,interpolated
North Reading,2025,2025-05-06,12921,carried
North Reading,2026,2026-05-05,12921,carried
Northampton,2021,2021-11-02,21944,interpolated
Northampton,2023,2023-11-07,22477,interpolated
Northampton,2025,2025-11-04,23553,carried
Northborough,2021,2021-05-11,11778,interpolated
Northborough,2022,2022-05-10,11840,interpolated
Northborough,2023,2023-05-09,11536,interpolated
Northborough,2024,2024-05-14,11913,interpolated
Northborough,2025,2025-05-13,12107,carried
Northborough,2026,2026-05-12,12107,carried
Northbridge,2021,2021-05-18,11742,interpolated
Northbridge,2022,2022-05-17,12058,interpolated
Northbridge,2023,2023-05-16,12222,interpolated
Northbridge,2024,2024-05-21,12876,interpolated
Northbridge,2025,2025-05-20,12910,carried
Northbridge,2026,2026-05-19,12910,carried
Northfield,2021,2021-05-04,2482,interpolated
Northfield,2022,2022-05-03,2550,interpolated
Northfield,2023,2023-05-02,2406,interpolated
Northfield,2024,2024-05-07,2488,interpolated
Northfield,2025,2025-05-06,2567,carried
Northfield,2026,2026-05-05,2567,carried
Norton,2021,2021-04-10,13893,interpolated
Norton,2022,2022-04-30,13915,interpolated
Norton,2023,2023-04-29,13941,interpolated
Norton,2024,2024-04-27,14512,interpolated
Norton,2025,2025-04-26,15145,carried
Norton,2026,2026-04-11,15145,carried
Norwell,2021,2021-05-15,8324,interpolated
Norwell,2022,2022-05-21,8358,interpolated
Norwell,2023,2023-05-20,8292,interpolated
Norwell,2024,2024-05-18,8518,interpolated
Norwell,2025,2025-05-17,8736,carried
Norwell,2026,2026-05-17,8736,carried
Norwood,2021,2021-04-05,22014,interpolated
Norwood,2022,2022-04-04,21769,interpolated
Norwood,2023,2023-04-03,21910,interpolated
Norwood,2024,2024-04-01,22722,snapshot
Norwood,2025,2025-04-07,23446,carried
Norwood,2026,2026-04-06,23446,carried
Oak Bluffs,2021,2021-04-15,4098,interpolated
Oak Bluffs,2022,2022-04-14,4181,interpolated
Oak Bluffs,2023,2023-04-13,4221,interpolated
Oak Bluffs,2024,2024-04-11,4294,snapshot
Oak Bluffs,2025,2025-04-10,4316,carried
Oak Bluffs,2026,2026-04-16,4316,carried
Oakham,2021,2021-05-17,1439,interpolated
Oakham,2022,2022-05-16,1484,interpolated
Oakham,2024,2024-05-20,1557,interpolated
Oakham,2025,2025-05-19,1554,carried
Oakham,2026,2026-05-18,1554,carried
Orange,2021,2021-05-17,5391,interpolated
Orange,2022,2022-03-07,5568,interpolated
Orange,2023,2023-03-06,5746,snapshot
Orange,2024,2024-02-05,6161,snapshot
Orange,2025,2025-03-03,6462,snapshot
Orange,2026,2026-03-02,6462,carried
Orleans,2021,2021-05-25,5471,interpolated
Orleans,2022,2022-05-17,5597,interpolated
Orleans,2023,2023-05-16,5598,interpolated
Orleans,2024,2024-05-21,5760,interpolated
Orleans,2025,2025-05-20,5673,carried
Orleans,2026,2026-05-19,5673,carried
Otis,2021,2021-05-25,1213,interpolated
Otis,2022,2022-05-24,1257,interpolated
Otis,2023,2023-05-23,1281,interpolated
Otis,2024,2024-05-28,1326,interpolated
Otis,2025,2025-05-27,1323,carried
Otis,2026,2026-05-26,1323,carried
Oxford,2021,2021-05-18,9954,interpolated
Oxford,2022,2022-05-17,9901,interpolated
Oxford,2023,2023-05-16,10049,interpolated
Oxford,2024,2024-05-21,10690,interpolated
Oxford,2025,2025-05-20,11094,carried
Oxford,2026,2026-05-19,11094,carried
Palmer,2021,2021-06-08,8986,interpolated
Palmer,2022,2022-06-14,9117,interpolated
Palmer,2023,2023-06-13,9122,interpolated
Palmer,2024,2024-06-11,9712,interpolated
Palmer,2025,2025-06-10,10104,carried
Palmer,2026,2026-06-09,10104,carried
Paxton,2021,2021-05-10,3456,interpolated
Paxton,2022,2022-05-09,3519,interpolated
Paxton,2023,2023-05-08,3544,interpolated
Paxton,2024,2024-05-13,3697,interpolated
Paxton,2025,2025-05-12,3686,carried
Paxton,2026,2026-05-11,3686,carried
Peabody,2021,2021-11-02,39408,interpolated
Peabody,2023,2023-11-07,40451,interpolated
Peabody,2025,2025-11-04,41353,carried
Pelham,2021,2021-05-11,1058,interpolated
Pelham,2022,2022-05-17,1063,interpolated
Pelham,2023,2023-05-16,1040,interpolated
Pelham,2024,2024-05-14,1060,interpolated
Pelham,2025,2025-05-13,1043,carried
Pelham,2026,2026-05-12,1043,carried
Pembroke,2021,2021-06-26,14351,interpolated
Pembroke,2022,2022-05-14,14266,interpolated
Pembroke,2023,2023-05-13,14252,interpolated
Pembroke,2024,2024-05-18,14659,interpolated
Pembroke,2025,2025-05-17,15006,carried
Pembroke,2026,2026-05-16,15006,carried
Pepperell,2021,2021-04-26,8810,interpolated
Pepperell,2022,2022-04-25,8935,interpolated
Pepperell,2023,2023-04-24,8832,interpolated
Pepperell,2024,2024-04-22,9269,interpolated
Pepperell,2025,2025-04-28,9656,carried
Pepperell,2026,2026-04-27,9656,carried
Peru,2021,2021-06-12,677,interpolated
Peru,2022,2022-06-11,673,interpolated
Peru,2023,2023-06-10,664,interpolated
Peru,2024,2024-06-08,672,interpolated
Peru,2025,2025-06-14,687,carried
Peru,2026,2026-06-13,687,carried
Petersham,2021,2021-05-17,1012,interpolated
Petersham,2022,2022-03-07,1031,interpolated
Petersham,2023,2023-03-06,1045,snapshot
Petersham,2024,2024-03-18,1076,snapshot
Petersham,2025,2025-03-03,1115,snapshot
Petersham,2026,2026-04-06,1115,carried
Phillipston,2021,2021-05-17,1300,interpolated
Phillipston,2022,2022-05-16,1320,interpolated
Phillipston,2023,2023-05-15,1341,interpolated
Phillipston,2024,2024-05-06,1409,interpolated
Phillipston,2025,2025-05-19,1450,carried
Phillipston,2026,2026-05-18,1450,carried
Pittsfield,2021,2021-11-02,29251,interpolated
Pittsfield,2023,2023-11-07,30743,interpolated
Pittsfield,2025,2025-11-04,31284,carried
Plainfield,2021,2021-05-01,496,interpolated
Plainfield,2022,2022-05-07,519,interpolated
Plainfield,2023,2023-05-06,530,interpolated
Plainfield,2024,2024-05-04,543,interpolated
Plainfield,2025,2025-05-03,545,carried
Plainfield,2026,2026-05-02,545,carried
Plainville,2021,2021-04-05,6998,interpolated
Plainville,2022,2022-04-04,7128,interpolated
Plainville,2023,2023-04-03,7221,interpolated
Plainville,2024,2024-04-01,7591,snapshot
Plainville,2025,2025-04-07,7464,carried
Plainville,2026,2026-04-06,7464,carried
Plymouth,2021,2021-05-15,46977,interpolated
Plymouth,2022,2022-05-21,48974,interpolated
Plymouth,2023,2023-05-20,49329,interpolated
Plymouth,2024,2024-05-18,51741,interpolated
Plymouth,2025,2025-05-17,52276,carried
Plymouth,2026,2026-05-16,52276,carried
Plympton,2021,2021-05-15,2360,interpolated
Plympton,2022,2022-05-21,2388,interpolated
Plympton,2023,2023-05-20,2434,interpolated
Plympton,2024,2024-05-18,2524,interpolated
Plympton,2025,2025-05-17,2539,carried
Plympton,2026,2026-05-16,2539,carried
Princeton,2021,2021-05-10,2956,interpolated
Princeton,2022,2022-05-09,3050,interpolated
Princeton,2023,2023-05-08,3073,interpolated
Princeton,2024,2024-05-13,3115,interpolated
Princeton,2025,2025-05-12,3179,carried
Princeton,2026,2026-05-11,3179,carried
Provincetown,2021,2021-05-11,3174,interpolated
Provincetown,2022,2022-05-10,3341,interpolated
Provincetown,2023,2023-05-09,3430,interpolated
Provincetown,2024,2024-05-14,3474,interpolated
Provincetown,2025,2025-05-13,3456,carried
Provincetown,2026,2026-05-12,3456,carried
Quincy,2021,2021-11-02,64565,interpolated
Quincy,2023,2023-11-07,64136,interpolated
Quincy,2025,2025-11-04,67869,carried
Randolph,2021,2021-11-02,23204,interpolated
Randolph,2023,2023-11-07,23850,interpolated
Randolph,2025,2025-11-04,24245,carried
Raynham,2021,2021-04-24,12040,interpolated
Raynham,2022,2022-04-23,12121,interpolated
Raynham,2023,2023-04-22,12302,interpolated
Raynham,2024,2024-04-27,12694,interpolated
Raynham,2025,2025-04-26,13016,carried
Raynham,2026,2026-04-25,13016,carried
Reading,2021,2021-04-06,20509,interpolated
Reading,2022,2022-04-05,20192,interpolated
Reading,2023,2023-04-04,20326,interpolated
Reading,2024,2024-03-05,20647,snapshot
Reading,2025,2025-04-08,21156,carried
Reading,2026,2026-04-07,21156,carried
Rehoboth,2021,2021-04-06,9797,interpolated
Rehoboth,2022,2022-04-05,9988,interpolated
Rehoboth,2023,2023-04-04,10263,interpolated
Rehoboth,2024,2024-04-02,10728,snapshot
Rehoboth,2025,2025-04-01,10805,carried
Rehoboth,2026,2026-04-07,10805,carried
Revere,2021,2021-11-02,29348,interpolated
Revere,2023,2023-11-07,30708,interpolated
Revere,2025,2025-11-04,30224,carried
Richmond,2021,2021-05-22,1254,interpolated
Richmond,2022,2022-05-21,1277,interpolated
Richmond,2023,2023-05-20,1288,interpolated
Richmond,2024,2024-05-16,1310,interpolated
Richmond,2025,2025-05-22,1324,carried
Richmond,2026,2026-05-21,1324,carried
Rochester,2021,2021-05-26,4672,interpolated
Rochester,2022,2022-05-25,4712,interpolated
Rochester,2023,2023-05-24,4718,interpolated
Rochester,2024,2024-05-22,4876,interpolated
Rochester,2025,2025-05-28,4854,carried
Rochester,2026,2026-05-27,4854,carried
Rockland,2021,2021-04-12,12574,interpolated
Rockland,2022,2022-04-09,12657,interpolated
Rockland,2023,2023-04-09,12657,interpolated
Rockland,2024,2024-04-13,12946,snapshot
Rockland,2025,2025-04-12,13410,carried
Rockland,2026,2026-04-11,13410,carried
Rockport,2021,2021-06-22,6068,interpolated
Rockport,2022,2022-05-10,6113,interpolated
Rockport,2023,2023-05-09,6118,interpolated
Rockport,2024,2024-05-07,6338,interpolated
Rockport,2025,2025-05-13,6247,carried
Rockport,2026,2026-05-19,6247,carried
Rowe,2021,2021-05-15,316,interpolated
Rowe,2022,2022-05-14,324,interpolated
Rowe,2023,2023-05-13,325,interpolated
Rowe,2024,2024-05-18,324,interpolated
Rowe,2025,2025-05-17,327,carried
Rowe,2026,2026-05-16,327,carried
Rowley,2021,2021-05-11,5097,interpolated
Rowley,2022,2022-05-10,5035,interpolated
Rowley,2023,2023-05-09,4902,interpolated
Rowley,2024,2024-05-14,5010,interpolated
Rowley,2025,2025-05-13,4998,carried
Rowley,2026,2026-05-12,4998,carried
Royalston,2021,2021-04-05,1002,interpolated
Royalston,2022,2022-04-04,1029,interpolated
Royalston,2023,2023-04-03,1065,interpolated
Royalston,2024,2024-04-01,1100,snapshot
Royalston,2025,2025-04-07,1140,carried
Royalston,2026,2026-04-06,1140,carried
Russell,2021,2021-06-07,1241,interpolated
Russell,2022,2022-06-26,1288,interpolated
Russell,2024,2024-06-03,1319,interpolated
Russell,2025,2025-06-02,1347,carried
Russell,2026,2026-06-01,1347,carried
Rutland,2021,2021-05-10,6836,interpolated
Rutland,2022,2022-05-09,6983,interpolated
Rutland,2023,2023-05-08,7100,interpolated
Rutland,2024,2024-05-13,7435,interpolated
Rutland,2025,2025-05-12,7531,carried
Rutland,2026,2026-05-11,7531,carried
Salem,2021,2021-11-02,32183,interpolated
Salem,2023,2023-05-16,32796,interpolated
Salem,2025,2025-11-04,35403,carried
Salisbury,2021,2021-05-11,7155,interpolated
Salisbury,2022,2022-05-10,7205,interpolated
Salisbury,2023,2023-05-09,7245,interpolated
Salisbury,2024,2024-05-14,7592,interpolated
Salisbury,2025,2025-05-13,7689,carried
Salisbury,2026,2026-05-12,7689,carried
Sandisfield,2021,2021-05-17,640,interpolated
Sandisfield,2022,2022-05-16,647,interpolated
Sandisfield,2023,2023-05-13,659,interpolated
Sandisfield,2024,2024-05-20,689,interpolated
Sandisfield,2025,2025-05-19,700,carried
Sandisfield,2026,2026-05-18,700,carried
Sandwich,2021,2021-05-06,16728,interpolated
Sandwich,2022,2022-05-05,16826,interpolated
Sandwich,2023,2023-05-04,16890,interpolated
Sandwich,2024,2024-05-09,17170,interpolated
Sandwich,2025,2025-05-08,17598,carried
Sandwich,2026,2026-05-07,17598,carried
Saugus,2021,2021-11-02,20407,interpolated
Saugus,2023,2023-11-07,21496,interpolated
Saugus,2025,2025-11-04,22373,carried
Savoy,2023,2023-05-17,551,interpolated
Savoy,2024,2024-05-15,570,interpolated
Savoy,2025,2025-05-14,577,carried
Savoy,2026,2026-05-20,577,carried
Scituate,2021,2021-05-22,15491,interpolated
Scituate,2022,2022-05-21,15786,interpolated
Scituate,2023,2023-05-20,16022,interpolated
Scituate,2024,2024-05-18,16428,interpolated
Scituate,2025,2025-05-31,16574,carried
Scituate,2026,2026-06-06,16574,carried
Seekonk,2021,2021-04-05,11255,interpolated
Seekonk,2022,2022-11-08,11509,snapshot
Seekonk,2023,2023-04-03,11492,interpolated
Seekonk,2024,2024-04-01,11953,snapshot
Seekonk,2025,2025-04-07,12633,carried
Seekonk,2026,2026-04-06,12633,carried
Sharon,2021,2021-05-18,13327,interpolated
Sharon,2022,2022-05-17,13263,interpolated
Sharon,2023,2023-05-16,13357,interpolated
Sharon,2024,2024-05-21,13822,interpolated
Sharon,2025,2025-05-20,13610,carried
Sharon,2026,2026-05-21,13610,carried
Sheffield,2021,2021-05-10,2531,interpolated
Sheffield,2022,2022-05-09,2566,interpolated
Sheffield,2024,2024-05-13,2651,interpolated
Sheffield,2025,2025-05-12,2717,carried
Sheffield,2026,2026-05-11,2717,carried
Shelburne,2021,2021-06-28,1447,interpolated
Shelburne,2022,2022-06-14,1441,interpolated
Shelburne,2023,2023-05-16,1423,interpolated
Shelburne,2024,2024-05-21,1506,interpolated
Shelburne,2025,2025-05-20,1555,carried
Shelburne,2026,2026-05-20,1555,carried
Sherborn,2021,2021-06-15,3314,interpolated
Sherborn,2022,2022-05-10,3328,interpolated
Sherborn,2023,2023-05-09,3268,interpolated
Sherborn,2024,2024-05-14,3332,interpolated
Sherborn,2025,2025-05-13,3317,carried
Sherborn,2026,2026-05-12,3317,carried
Shirley,2021,2021-05-04,4334,interpolated
Shirley,2022,2022-05-03,4410,interpolated
Shirley,2023,2023-05-02,4392,interpolated
Shirley,2024,2024-05-07,4570,interpolated
Shirley,2025,2025-05-06,4743,carried
Shirley,2026,2026-05-05,4743,carried
Shrewsbury,2021,2021-05-04,24930,interpolated
Shrewsbury,2022,2022-05-03,25474,interpolated
Shrewsbury,2023,2023-05-02,25436,interpolated
Shrewsbury,2024,2024-05-07,26359,interpolated
Shrewsbury,2025,2025-05-06,26351,carried
Shrewsbury,2026,2026-05-05,26351,carried
Shutesbury,2021,2021-06-12,1489,interpolated
Shutesbury,2022,2022-05-21,1514,interpolated
Shutesbury,2023,2023-06-03,1509,interpolated
Shutesbury,2024,2024-06-03,1541,interpolated
Shutesbury,2025,2025-04-26,1562,carried
Shutesbury,2026,2026-05-09,1562,carried
Somerset,2021,2021-04-12,13498,interpolated
Somerset,2022,2022-04-11,13806,interpolated
Somerset,2023,2023-04-10,13991,interpolated
Somerset,2024,2024-04-08,14585,snapshot
Somerset,2025,2025-04-14,14730,carried
Somerset,2026,2026-04-13,14730,carried
Somerville,2021,2021-11-02,56509,interpolated
Somerville,2023,2023-11-07,53894,interpolated
Somerville,2025,2025-11-04,51622,carried
South Hadley,2021,2021-04-13,12050,interpolated
South Hadley,2022,2022-04-12,12201,interpolated
South Hadley,2023,2023-04-18,12467,interpolated
South Hadley,2024,2024-03-05,12864,snapshot
South Hadley,2025,2025-04-08,13365,carried
South Hadley,2026,2026-04-14,13365,carried
Southampton,2021,2021-06-22,4805,interpolated
Southampton,2022,2022-05-17,4776,interpolated
Southampton,2023,2023-05-16,4750,interpolated
Southampton,2024,2024-05-21,4916,interpolated
Southampton,2025,2025-05-20,5062,carried
Southampton,2026,2026-05-19,5062,carried
Southborough,2021,2021-05-11,7608,interpolated
Southborough,2022,2022-05-10,7498,interpolated
Southborough,2023,2023-05-09,7444,interpolated
Southborough,2024,2024-05-14,7607,interpolated
Southborough,2025,2025-05-13,7538,carried
Southborough,2026,2026-05-12,7538,carried
Southbridge,2021,2021-06-08,12243,interpolated
Southbridge,2022,2022-06-14,12291,interpolated
Southbridge,2023,2023-06-13,12935,interpolated
Southbridge,2024,2024-06-11,14080,interpolated
Southbridge,2025,2025-06-10,14738,carried
Southbridge,2026,2026-06-09,14738,carried
Southwick,2021,2021-05-11,7370,interpolated
Southwick,2022,2022-05-10,7351,interpolated
Southwick,2023,2023-05-09,7308,interpolated
Southwick,2024,2024-05-14,7726,interpolated
Southwick,2025,2025-05-13,7677,carried
Southwick,2026,2026-05-12,7677,carried
Spencer,2021,2021-05-11,8527,interpolated
Spencer,2022,2022-05-10,8573,interpolated
Spencer,2023,2023-05-09,8836,interpolated
Spencer,2024,2024-05-14,9397,interpolated
Spencer,2025,2025-05-13,9740,carried
Spencer,2026,2026-05-12,9740,carried
Springfield,2021,2021-11-02,111075,interpolated
Springfield,2023,2023-11-07,115669,interpolated
Springfield,2025,2025-11-04,118827,carried
Sterling,2021,2021-06-21,6420,interpolated
Sterling,2022,2022-05-09,6474,interpolated
Sterling,2023,2023-05-08,6328,interpolated
Sterling,2024,2024-05-13,6644,interpolated
Sterling,2025,2025-05-12,6854,carried
Sterling,2026,2026-05-11,6854,carried
Stockbridge,2021,2021-05-18,1628,interpolated
Stockbridge,2022,2022-05-17,1662,interpolated
Stockbridge,2023,2023-05-16,1658,interpolated
Stockbridge,2024,2024-05-21,1692,interpolated
Stockbridge,2025,2025-05-20,1669,carried
Stoneham,2021,2021-04-06,17234,interpolated
Stoneham,2022,2022-04-05,17480,interpolated
Stoneham,2023,2023-04-04,17800,interpolated
Stoneham,2024,2024-04-02,18160,snapshot
Stoneham,2025,2025-04-01,17810,carried
Stoneham,2026,2026-04-07,17810,carried
Stoughton,2021,2021-04-06,20899,interpolated
Stoughton,2022,2022-04-05,21289,interpolated
Stoughton,2023,2023-04-04,21701,interpolated
Stoughton,2024,2024-04-02,22458,snapshot
Stoughton,2025,2025-04-08,23250,carried
Stoughton,2026,2026-04-07,23250,carried
Stow,2021,2021-05-08,5586,interpolated
Stow,2022,2022-05-21,5610,interpolated
Stow,2023,2023-05-20,5589,interpolated
Stow,2024,2024-05-18,5661,interpolated
Stow,2025,2025-05-17,5678,carried
Stow,2026,2026-05-16,5678,carried
Sturbridge,2021,2021-04-12,6999,interpolated
Sturbridge,2022,2022-04-11,7158,interpolated
Sturbridge,2023,2023-04-10,7167,interpolated
Sturbridge,2024,2024-04-08,7400,snapshot
Sturbridge,2025,2025-04-14,7844,carried
Sturbridge,2026,2026-04-13,7844,carried
Sudbury,2021,2021-03-29,13715,interpolated
Sudbury,2022,2022-03-28,13702,interpolated
Sudbury,2023,2023-03-27,13521,interpolated
Sudbury,2024,2024-03-25,14042,snapshot
Sudbury,2025,2025-03-31,14346,carried
Sudbury,2026,2026-03-30,14346,carried
Sunderland,2021,2021-05-01,2440,interpolated
Sunderland,2022,2022-05-07,2457,interpolated
Sunderland,2023,2023-05-06,2365,interpolated
Sunderland,2024,2024-05-04,2514,interpolated
Sunderland,2025,2025-05-03,2476,carried
Sunderland,2026,2026-05-02,2476,carried
Sutton,2021,2021-05-25,7574,interpolated
Sutton,2022,2022-05-24,7645,interpolated
Sutton,2023,2023-05-23,7473,interpolated
Sutton,2024,2024-05-28,7756,interpolated
Sutton,2025,2025-05-27,7923,carried
Sutton,2026,2026-05-26,7923,carried
Swampscott,2021,2021-04-27,11820,interpolated
Swampscott,2022,2022-04-26,11857,interpolated
Swampscott,2023,2023-04-25,11872,interpolated
Swampscott,2024,2024-04-30,12288,interpolated
Swampscott,2025,2025-04-29,12640,carried
Swampscott,2026,2026-04-28,12640,carried
Swansea,2021,2021-04-12,12874,interpolated
Swansea,2022,2022-04-11,12939,interpolated
Swansea,2023,2023-04-10,12852,interpolated
Swansea,2024,2024-04-08,13027,snapshot
Swansea,2025,2025-04-14,13763,carried
Swansea,2026,2026-04-14,13763,carried
Taunton,2021,2021-11-02,37307,interpolated
Taunton,2023,2023-11-07,40921,interpolated
Taunton,2025,2025-11-04,42300,carried
Templeton,2021,2021-05-17,5676,interpolated
Templeton,2022,2022-05-11,5792,interpolated
Templeton,2023,2023-05-15,5986,interpolated
Templeton,2024,2024-05-20,6335,interpolated
Templeton,2025,2025-05-19,6434,carried
Templeton,2026,2026-05-18,6434,carried
Tewksbury,2021,2021-04-10,23533,interpolated
Tewksbury,2022,2022-04-02,23979,interpolated
Tewksbury,2023,2023-04-01,23811,interpolated
Tewksbury,2024,2024-04-06,24663,snapshot
Tewksbury,2025,2025-04-05,25806,carried
Tewksbury,2026,2026-04-11,25806,carried
Tisbury,2021,2021-06-22,3597,interpolated
Tisbury,2022,2022-05-24,3703,interpolated
Tisbury,2023,2023-05-09,3704,interpolated
Tisbury,2024,2024-06-11,3795,interpolated
Tisbury,2025,2025-05-13,3796,carried
Tisbury,2026,2026-05-12,3796,carried
Tolland,2022,2022-05-24,384,interpolated
Tolland,2023,2023-05-23,392,interpolated
Tolland,2024,2024-05-21,402,interpolated
Tolland,2025,2025-06-03,412,carried
Tolland,2026,2026-06-02,412,carried
Topsfield,2021,2021-05-20,5120,interpolated
Topsfield,2022,2022-05-05,5063,interpolated
Topsfield,2023,2023-05-04,5037,interpolated
Topsfield,2024,2024-05-09,5126,interpolated
Topsfield,2025,2025-05-08,5188,carried
Topsfield,2026,2026-05-07,5188,carried
Townsend,2021,2021-04-26,6874,interpolated
Townsend,2022,2022-04-25,6923,interpolated
Townsend,2023,2023-04-24,6886,interpolated
Townsend,2024,2024-04-22,7173,interpolated
Townsend,2025,2025-04-28,7219,carried
Townsend,2026,2026-04-27,7219,carried
Truro,2021,2021-06-29,2039,interpolated
Truro,2022,2022-05-10,2095,interpolated
Truro,2023,2023-05-09,2184,interpolated
Truro,2024,2024-05-29,2299,interpolated
Truro,2025,2025-05-13,2303,carried
Truro,2026,2026-05-19,2303,carried
Tyngsborough,2021,2021-06-15,9465,interpolated
Tyngsborough,2022,2022-05-17,9740,interpolated
Tyngsborough,2023,2023-05-16,9779,interpolated
Tyngsborough,2024,2024-05-21,10253,interpolated
Tyngsborough,2025,2025-05-20,10587,carried
Tyngsborough,2026,2026-05-19,10587,carried
Tyringham,2021,2021-05-17,358,interpolated
Tyringham,2022,2022-05-16,359,interpolated
Tyringham,2023,2023-05-15,370,interpolated
Tyringham,2024,2024-05-20,369,interpolated
Tyringham,2025,2025-05-19,373,carried
Tyringham,2026,2026-05-18,373,carried
Upton,2021,2021-05-11,6134,interpolated
Upton,2022,2022-05-10,6227,interpolated
Upton,2023,2023-05-09,6332,interpolated
Upton,2024,2024-05-07,6595,interpolated
Upton,2025,2025-05-06,6657,carried
Upton,2026,2026-05-12,6657,carried
Uxbridge,2021,2021-05-25,10681,interpolated
Uxbridge,2022,2022-05-24,10971,interpolated
Uxbridge,2023,2023-05-23,11031,interpolated
Uxbridge,2024,2024-05-21,11669,interpolated
Uxbridge,2025,2025-05-20,11607,carried
Uxbridge,2026,2026-05-19,11607,carried
Wakefield,2021,2021-04-27,19730,interpolated
Wakefield,2022,2022-04-26,19592,interpolated
Wakefield,2023,2023-04-25,19390,interpolated
Wakefield,2024,2024-04-23,20051,interpolated
Wakefield,2025,2025-04-22,20783,carried
Wakefield,2026,2026-04-28,20783,carried
Wales,2021,2021-05-26,1377,interpolated
Wales,2022,2022-05-25,1423,interpolated
Wales,2023,2023-05-24,1406,interpolated
Wales,2024,2024-05-22,1482,interpolated
Wales,2025,2025-05-28,1542,carried
Wales,2026,2026-05-27,1542,carried
Walpole,2021,2021-06-05,18820,interpolated
Walpole,2022,2022-03-09,19030,interpolated
Walpole,2023,2023-06-03,19333,interpolated
Walpole,2024,2024-06-01,20114,interpolated
Walpole,2025,2025-05-20,19426,carried
Walpole,2026,2026-05-19,19426,carried
Waltham,2021,2021-11-02,35218,interpolated
Waltham,2023,2023-11-07,36023,interpolated
Waltham,2025,2025-11-04,37965,carried
Ware,2021,2021-04-12,6908,interpolated
Ware,2022,2022-04-11,7137,interpolated
Ware,2023,2023-04-10,7274,interpolated
Ware,2024,2024-04-08,7743,snapshot
Ware,2025,2025-04-14,7986,carried
Wareham,2021,2021-05-04,17508,interpolated
Wareham,2022,2022-05-03,17976,interpolated
Wareham,2023,2023-05-02,17993,interpolated
Wareham,2024,2024-05-07,19044,interpolated
Wareham,2025,2025-05-06,19969,carried
Wareham,2026,2026-05-05,19969,carried
Warren,2021,2021-05-04,3479,interpolated
Warren,2023,2023-05-02,3698,interpolated
Warren,2025,2025-05-06,4122,carried
Warren,2026,2026-05-05,4122,carried
Warwick,2021,2021-05-17,625,interpolated
Warwick,2022,2022-05-16,648,interpolated
Warwick,2023,2023-05-15,657,interpolated
Warwick,2024,2024-05-20,680,interpolated
Warwick,2025,2025-05-19,700,carried
Warwick,2026,2026-05-18,700,carried
Washington,2021,2021-05-15,424,interpolated
Washington,2022,2022-05-21,414,interpolated
Washington,2023,2023-05-20,401,interpolated
Washington,2024,2024-05-18,415,interpolated
Washington,2025,2025-05-17,431,carried
Washington,2026,2026-05-16,431,carried
Watertown,2021,2021-11-02,25110,interpolated
Watertown,2023,2023-11-07,25267,interpolated
Watertown,2025,2025-11-04,23373,carried
Wayland,2021,2021-05-11,10720,interpolated
Wayland,2022,2022-05-10,10558,interpolated
Wayland,2023,2023-04-25,10372,interpolated
Wayland,2024,2024-05-07,10626,interpolated
Wayland,2025,2025-04-01,10548,carried
Wayland,2026,2026-04-28,10548,carried
Webster,2021,2021-05-03,12322,interpolated
Webster,2022,2022-05-02,12541,interpolated
Webster,2023,2023-05-01,12460,interpolated
Webster,2024,2024-05-06,13330,interpolated
Webster,2025,2025-05-05,13738,carried
Webster,2026,2026-05-04,13738,carried
Wellesley,2021,2021-03-02,19491,snapshot
Wellesley,2022,2022-03-01,19376,interpolated
Wellesley,2023,2023-03-07,18744,snapshot
Wellesley,2024,2024-03-05,19341,snapshot
Wellesley,2025,2025-03-04,19456,snapshot
Wellesley,2026,2026-03-03,19456,carried
Wellfleet,2021,2021-06-30,3008,interpolated
Wellfleet,2022,2022-05-02,3054,interpolated
Wellfleet,2023,2023-05-01,3090,interpolated
Wellfleet,2024,2024-04-29,3185,interpolated
Wellfleet,2025,2025-05-05,3189,carried
Wellfleet,2026,2026-05-19,3189,carried
Wendell,2021,2021-05-03,739,interpolated
Wendell,2022,2022-05-02,738,interpolated
Wendell,2023,2023-05-01,733,interpolated
Wendell,2024,2024-05-06,761,interpolated
Wendell,2025,2025-05-05,776,carried
Wendell,2026,2026-05-04,776,carried
Wenham,2021,2021-05-06,2928,interpolated
Wenham,2022,2022-04-07,2965,interpolated
Wenham,2023,2023-04-06,2995,interpolated
Wenham,2024,2024-04-11,3026,snapshot
Wenham,2025,2025-04-10,3040,carried
Wenham,2026,2026-04-16,3040,carried
West Boylston,2021,2021-06-01,5681,interpolated
West Boylston,2022,2022-06-07,5583,interpolated
West Boylston,2023,2023-06-06,5707,interpolated
West Boylston,2024,2024-06-04,5961,interpolated
West Boylston,2025,2025-06-03,5744,carried
West Boylston,2026,2026-06-02,5744,carried
West Bridgewater,2021,2021-04-10,5544,interpolated
West Bridgewater,2022,2022-04-09,5643,interpolated
West Bridgewater,2023,2023-04-08,5671,interpolated
West Bridgewater,2024,2024-04-13,5933,snapshot
West Bridgewater,2025,2025-04-12,5998,carried
West Bridgewater,2026,2026-04-11,5998,carried
West Brookfield,2021,2021-05-04,2885,interpolated
West Brookfield,2023,2023-05-02,2940,interpolated
West Brookfield,2024,2024-05-07,3098,interpolated
West Brookfield,2025,2025-05-07,3197,carried
West Brookfield,2026,2026-05-05,3197,carried
West Newbury,2021,2021-05-03,3716,interpolated
West Newbury,2022,2022-05-01,3712,interpolated
West Newbury,2023,2023-05-01,3719,interpolated
West Newbury,2024,2024-05-06,3822,interpolated
West Newbury,2025,2025-05-05,3785,carried
West Newbury,2026,2026-05-04,3785,carried
West Springfield,2021,2021-11-02,18766,interpolated
West Springfield,2023,2023-11-07,20132,interpolated
West Springfield,2025,2025-11-04,20194,carried
West Stockbridge,2021,2021-05-10,1161,interpolated
West Stockbridge,2022,2022-05-09,1179,interpolated
West Stockbridge,2023,2023-05-08,1184,interpolated
West Stockbridge,2024,2024-05-13,1149,interpolated
West Stockbridge,2025,2025-05-12,1167,carried
West Stockbridge,2026,2026-05-11,1167,carried
West Tisbury,2021,2021-04-15,2682,interpolated
West Tisbury,2022,2022-04-14,2750,interpolated
West Tisbury,2023,2023-04-13,2731,interpolated
West Tisbury,2024,2024-04-11,2724,snapshot
West Tisbury,2025,2025-04-10,2735,carried
West Tisbury,2026,2026-04-16,2735,carried
Westborough,2021,2021-03-02,13235,snapshot
Westborough,2022,2022-03-08,13236,interpolated
Westborough,2023,2023-03-14,13312,snapshot
Westborough,2024,2024-03-12,13816,snapshot
Westborough,2025,2025-03-11,13907,snapshot
Westborough,2026,2026-03-10,13907,carried
Westfield,2021,2021-11-02,26683,interpolated
Westfield,2023,2023-11-07,27874,interpolated
Westfield,2025,2025-11-04,28224,carried
Westford,2021,2021-05-04,18195,interpolated
Westford,2022,2022-05-03,18094,interpolated
Westford,2023,2023-05-02,18249,interpolated
Westford,2024,2024-05-07,18956,interpolated
Westford,2025,2025-05-06,19397,carried
Westford,2026,2026-05-05,19397,carried
Westhampton,2021,2021-06-05,1315,interpolated
Westhampton,2022,2022-06-04,1322,interpolated
Westhampton,2023,2023-06-03,1342,interpolated
Westhampton,2024,2024-06-01,1405,interpolated
Westhampton,2025,2025-06-07,1446,carried
Westhampton,2026,2026-06-06,1446,carried
Westminster,2021,2021-04-27,6364,interpolated
Westminster,2022,2022-04-26,6464,interpolated
Westminster,2023,2023-04-25,6561,interpolated
Westminster,2024,2024-04-30,6833,interpolated
Westminster,2025,2025-04-29,6804,carried
Westminster,2026,2026-04-28,6804,carried
Weston,2021,2021-05-08,8458,interpolated
Weston,2022,2022-05-07,8551,interpolated
Weston,2023,2023-05-06,8496,interpolated
Weston,2024,2024-05-04,8616,interpolated
Weston,2025,2025-05-03,8471,carried
Weston,2026,2026-05-02,8471,carried
Westport,2021,2021-04-13,13255,interpolated
Westport,2022,2022-04-12,13473,interpolated
Westport,2023,2023-04-11,13840,interpolated
Westport,2024,2024-04-09,14319,snapshot
Westport,2025,2025-04-08,14655,carried
Westport,2026,2026-04-14,14655,carried
Westwood,2021,2021-04-28,11920,interpolated
Westwood,2022,2022-04-26,11938,interpolated
Westwood,2023,2023-04-25,11918,interpolated
Westwood,2024,2024-04-30,12302,interpolated
Westwood,2025,2025-04-29,12398,carried
Westwood,2026,2026-04-28,12398,carried
Weymouth,2021,2021-11-02,39870,interpolated
Weymouth,2023,2023-11-07,41405,interpolated
Weymouth,2025,2025-11-04,43221,carried
Whately,2021,2021-06-08,1231,interpolated
Whately,2022,2022-06-14,1249,interpolated
Whately,2023,2023-06-13,1254,interpolated
Whately,2024,2024-06-11,1278,interpolated
Whately,2025,2025-06-10,1301,carried
Whately,2026,2026-04-28,1301,carried
Whitman,2021,2021-05-15,10923,interpolated
Whitman,2022,2022-05-21,11174,interpolated
Whitman,2023,2023-05-20,11225,interpolated
Whitman,2024,2024-05-18,11772,interpolated
Whitman,2025,2025-05-17,11930,carried
Whitman,2026,2026-05-16,11930,carried
Wilbraham,2021,2021-05-15,11042,interpolated
Wilbraham,2022,2022-05-21,11220,interpolated
Wilbraham,2023,2023-05-20,11272,interpolated
Wilbraham,2024,2024-05-18,11766,interpolated
Wilbraham,2025,2025-05-17,11691,carried
Wilbraham,2026,2026-05-16,11691,carried
Williamsburg,2021,2021-05-03,2056,interpolated
Williamsburg,2022,2022-05-02,2078,interpolated
Williamsburg,2023,2023-05-01,2071,interpolated
Williamsburg,2024,2024-05-06,2160,interpolated
Williamsburg,2025,2025-05-05,2165,carried
Williamsburg,2026,2026-05-04,2165,carried
Williamstown,2021,2021-05-11,4864,interpolated
Williamstown,2022,2022-05-10,4962,interpolated
Williamstown,2023,2023-05-09,4968,interpolated
Williamstown,2024,2024-05-15,4939,interpolated
Williamstown,2025,2025-05-13,4650,carried
Williamstown,2026,2026-05-12,4650,carried
Wilmington,2021,2021-04-24,17990,interpolated
Wilmington,2022,2022-04-23,17924,interpolated
Wilmington,2023,2023-04-22,17497,interpolated
Wilmington,2024,2024-04-27,18188,interpolated
Wilmington,2025,2025-04-26,17866,carried
Wilmington,2026,2026-04-25,17866,carried
Winchendon,2021,2021-05-03,7185,interpolated
Winchendon,2022,2022-05-02,7295,interpolated
Winchendon,2023,2023-05-01,7477,interpolated
Winchendon,2024,2024-05-06,7998,interpolated
Winchendon,2025,2025-05-05,8262,carried
Winchendon,2026,2026-05-04,8262,carried
Winchester,2021,2021-03-30,16116,interpolated
Winchester,2022,2022-03-19,16251,interpolated
Winchester,2023,2023-03-18,16214,snapshot
Winchester,2024,2024-03-26,16799,snapshot
Winchester,2025,2025-03-22,16991,carried
Winchester,2026,2026-03-21,16991,carried
Windsor,2021,2021-05-10,690,interpolated
Windsor,2022,2022-05-09,678,interpolated
Windsor,2023,2023-05-08,674,interpolated
Windsor,2024,2024-05-13,712,interpolated
Windsor,2025,2025-05-12,736,carried
Windsor,2026,2026-05-11,736,carried
Winthrop,2021,2021-11-02,13049,interpolated
Winthrop,2023,2023-11-07,13879,interpolated
Winthrop,2025,2025-11-04,14326,carried
Woburn,2021,2021-11-02,27400,interpolated
Woburn,2023,2023-11-07,28840,interpolated
Woburn,2025,2025-11-04,29038,carried
Worcester,2021,2021-11-02,104930,interpolated
Worcester,2023,2023-11-07,111459,interpolated
Worcester,2025,2025-11-04,110588,carried
Worthington,2021,2021-05-01,1010,interpolated
Worthington,2022,2022-05-01,1015,interpolated
Worthington,2023,2023-05-06,977,interpolated
Worthington,2024,2024-05-04,1004,interpolated
Worthington,2025,2025-05-03,1031,carried
Worthington,2026,2026-05-02,1031,carried
Wrentham,2021,2021-04-05,9398,interpolated
Wrentham,2022,2022-04-04,9502,interpolated
Wrentham,2023,2023-04-03,9413,interpolated
Wrentham,2024,2024-04-01,9776,snapshot
Wrentham,2025,2025-04-07,9913,carried
Wrentham,2026,2026-04-06,9913,carried
Yarmouth,2021,2021-05-18,20733,interpolated
Yarmouth,2022,2022-05-17,21281,interpolated
Yarmouth,2023,2023-05-16,21770,interpolated
Yarmouth,2024,2024-05-21,22160,interpolated
Yarmouth,2025,2025-05-20,22645,carried
Yarmouth,2026,2026-05-19,22645,carried
