municipality,predicted_2026_date,route
Abington,,OFFICIAL
Acton,2026-03-31,NEWS
Acushnet,2026-05-09,OFFICIAL
Adams,2026-05-04,OFFICIAL
Alford,2026-05-19,OFFICIAL
Andover,2026-03-24,NEWS
Aquinnah,2026-05-14,OFFICIAL
Arlington,2026-04-04,OFFICIAL
Ashburnham,2026-04-28,OFFICIAL
Ashby,2026-04-27,OFFICIAL
Ashfield,2026-05-02,OFFICIAL
Ashland,2026-05-19,NEWS
Athol,2026-04-06,OFFICIAL
Auburn,2026-05-19,NEWS
Avon,2026-04-14,NEWS
Ayer,2026-05-12,OFFICIAL
Barre,2026-04-06,OFFICIAL
Becket,2026-05-16,OFFICIAL
Bedford,2026-03-14,OFFICIAL
Belchertown,2026-05-18,NEWS
Bellingham,2026-05-05,NEWS
Belmont,2026-04-07,NEWS
Berkley,2026-05-09,NEWS
Berlin,2026-05-11,OFFICIAL
Bernardston,2026-05-04,OFFICIAL
Billerica,2026-04-04,OFFICIAL
Blackstone,2026-04-06,NEWS
Blandford,2026-06-13,OFFICIAL
Bolton,2026-05-11,NEWS
Bourne,2026-05-19,NEWS
Boxborough,2026-05-19,OFFICIAL
Boxford,2026-05-19,NEWS
Boylston,2026-05-11,OFFICIAL
Brewster,2026-05-26,OFFICIAL
Bridgewater,2026-04-25,OFFICIAL
Brimfield,2026-06-16,OFFICIAL
Brookfield,2026-05-04,OFFICIAL
Brookline,2026-05-05,NEWS
Buckland,2026-06-02,NEWS
Burlington,2026-04-04,NEWS
Canton,2026-04-07,NEWS
Carlisle,,OFFICIAL
Carver,2026-04-25,OFFICIAL
Charlemont,2026-05-26,OFFICIAL
Charlton,2026-05-02,OFFICIAL
Chatham,2026-05-21,OFFICIAL
Chelmsford,2026-04-07,NEWS
Cheshire,2026-05-04,OFFICIAL
Chester,2026-05-02,OFFICIAL
Chesterfield,2026-05-04,OFFICIAL
Chilmark,,OFFICIAL
Clarksburg,,OFFICIAL
Clinton,,OFFICIAL
Cohasset,2026-05-09,OFFICIAL
Colrain,2026-05-05,OFFICIAL
Concord,2026-04-14,NEWS
Conway,,NEWS
Cummington,2026-05-11,OFFICIAL
Dalton,2026-05-12,NEWS
Danvers,2026-05-05,NEWS
Dartmouth,2026-04-07,OFFICIAL
Dedham,2026-04-11,NEWS
Deerfield,2026-05-04,OFFICIAL
Dennis,2026-05-12,NEWS
Dighton,2026-04-11,OFFICIAL
Douglas,2026-05-12,OFFICIAL
Dover,2026-05-18,OFFICIAL
Dracut,2026-05-02,OFFICIAL
Dudley,2026-06-08,OFFICIAL
Dunstable,2026-05-19,OFFICIAL
Duxbury,2026-03-28,NEWS
East Bridgewater,,OFFICIAL
East Brookfield,2026-05-12,OFFICIAL
East Longmeadow,2026-06-02,NEWS
Eastham,2026-05-19,NEWS
Easton,,NEWS
Edgartown,2026-04-09,OFFICIAL
Egremont,2026-05-12,OFFICIAL
Erving,2026-05-04,OFFICIAL
Essex,2026-05-11,OFFICIAL
Fairhaven,2026-04-06,NEWS
Falmouth,2026-05-19,NEWS
Florida,,COLD_OFFICIAL
Foxborough,2026-05-04,OFFICIAL
Freetown,2026-04-06,NEWS
Georgetown,2026-05-11,NEWS
Gill,2026-05-18,NEWS
Goshen,2026-06-06,NEWS
Gosnold,2026-05-18,NEWS
Grafton,2026-05-19,NEWS
Granby,2026-05-18,NEWS
Granville,2026-04-13,OFFICIAL
Great Barrington,2026-05-12,OFFICIAL
Groton,2026-05-26,OFFICIAL
Groveland,2026-05-04,OFFICIAL
Hadley,2026-05-19,OFFICIAL
Halifax,2026-05-16,NEWS
Hamilton,2026-04-02,NEWS
Hampden,2026-05-18,OFFICIAL
Hancock,2026-05-11,OFFICIAL
Hanover,2026-05-09,OFFICIAL
Hanson,2026-05-16,OFFICIAL
Hardwick,2026-04-13,OFFICIAL
Harvard,2026-05-19,OFFICIAL
Harwich,2026-05-19,NEWS
Hatfield,2026-05-19,NEWS
Hawley,,OFFICIAL
Heath,,COLD_OFFICIAL
Hingham,,NEWS
Hinsdale,,COLD_OFFICIAL
Holbrook,,OFFICIAL
Holden,2026-05-11,OFFICIAL
Holland,2026-06-09,OFFICIAL
Holliston,2026-05-26,OFFICIAL
Hopedale,,OFFICIAL
Hopkinton,2026-05-18,NEWS
Hubbardston,2026-06-09,OFFICIAL
Hudson,2026-05-11,OFFICIAL
Hull,2026-05-18,OFFICIAL
Huntington,2026-05-16,OFFICIAL
Ipswich,2026-05-19,OFFICIAL
Kingston,2026-04-25,NEWS
Lakeville,2026-04-06,NEWS
Lancaster,2026-05-11,OFFICIAL
Lanesborough,2026-06-16,OFFICIAL
Lee,2026-05-18,OFFICIAL
Leicester,,COLD_OFFICIAL
Lenox,2026-05-05,NEWS
Leverett,,COLD_OFFICIAL
Lexington,2026-03-02,NEWS
Leyden,2026-06-02,OFFICIAL
Lincoln,2026-03-23,OFFICIAL
Littleton,2026-05-09,OFFICIAL
Longmeadow,2026-06-09,NEWS
Ludlow,2026-03-23,OFFICIAL
Lunenburg,2026-05-16,OFFICIAL
Lynnfield,2026-04-14,NEWS
Manchester,2026-05-19,NEWS
Mansfield,2026-05-12,OFFICIAL
Marblehead,2026-06-16,OFFICIAL
Marion,2026-05-08,OFFICIAL
Marshfield,,OFFICIAL
Mashpee,,OFFICIAL
Mattapoisett,2026-05-19,OFFICIAL
Maynard,2026-05-05,OFFICIAL
Medfield,2026-03-23,NEWS
Medway,2026-05-19,OFFICIAL
Mendon,2026-05-19,OFFICIAL
Merrimac,2026-05-04,OFFICIAL
Middleborough,2026-04-04,NEWS
Middlefield,2026-05-02,OFFICIAL
Middleton,2026-05-19,NEWS
Milford,2026-04-07,NEWS
Millbury,2026-04-28,OFFICIAL
Millis,2026-05-11,NEWS
Millville,2026-04-06,OFFICIAL
Milton,2026-04-28,OFFICIAL
Monroe,2026-05-07,NEWS
Monson,2026-06-09,OFFICIAL
Montague,2026-05-19,NEWS
Monterey,,OFFICIAL
Montgomery,2026-05-04,OFFICIAL
Mount Washington,2026-05-12,OFFICIAL
Nahant,2026-04-25,OFFICIAL
Nantucket,2026-05-19,NEWS
Natick,2026-03-24,NEWS
Needham,2026-04-14,OFFICIAL
New Ashford,2026-05-26,NEWS
New Braintree,2026-05-04,OFFICIAL
New Marlborough,2026-05-11,OFFICIAL
New Salem,2026-05-04,NEWS
Newbury,2026-05-12,OFFICIAL
Norfolk,2026-05-05,OFFICIAL
North Andover,2026-03-24,NEWS
North Attleborough,2026-04-07,OFFICIAL
North Brookfield,2026-05-04,OFFICIAL
North Reading,2026-05-05,OFFICIAL
Northborough,2026-05-12,OFFICIAL
Northbridge,2026-05-19,OFFICIAL
Northfield,2026-05-05,OFFICIAL
Norton,,OFFICIAL
Norwell,2026-05-16,OFFICIAL
Norwood,2026-04-06,NEWS
Oak Bluffs,2026-04-09,OFFICIAL
Oakham,2026-05-18,OFFICIAL
Orange,2026-03-02,OFFICIAL
Orleans,2026-05-19,OFFICIAL
Otis,2026-05-26,OFFICIAL
Oxford,2026-05-19,NEWS
Palmer,2026-06-09,OFFICIAL
Paxton,2026-03-02,OFFICIAL
Pelham,2026-05-12,NEWS
Pembroke,2026-05-09,OFFICIAL
Pepperell,2026-04-27,NEWS
Peru,2026-06-13,OFFICIAL
Petersham,2026-03-02,NEWS
Phillipston,,OFFICIAL
Plainfield,2026-05-02,OFFICIAL
Plainville,2026-04-06,OFFICIAL
Plymouth,2026-05-16,NEWS
Plympton,2026-05-16,OFFICIAL
Princeton,2026-05-11,OFFICIAL
Provincetown,2026-05-12,NEWS
Raynham,2026-04-25,OFFICIAL
Reading,2026-04-07,NEWS
Rehoboth,2026-04-07,NEWS
Richmond,,COLD_OFFICIAL
Rochester,2026-05-27,NEWS
Rockland,,OFFICIAL
Rockport,2026-05-12,OFFICIAL
Rowe,2026-05-09,OFFICIAL
Rowley,2026-05-12,NEWS
Royalston,2026-04-06,OFFICIAL
Russell,,COLD_OFFICIAL
Rutland,2026-05-11,OFFICIAL
Salisbury,2026-05-12,OFFICIAL
Sandisfield,,OFFICIAL
Sandwich,2026-05-07,NEWS
Saugus,2026-11-03,OFFICIAL
Savoy,2026-05-20,OFFICIAL
Scituate,2026-05-16,OFFICIAL
Seekonk,2026-04-06,OFFICIAL
Sharon,2026-05-19,OFFICIAL
Sheffield,,OFFICIAL
Shelburne,2026-05-19,NEWS
Sherborn,2026-05-12,OFFICIAL
Shirley,2026-05-05,NEWS
Shrewsbury,2026-05-05,OFFICIAL
Shutesbury,,OFFICIAL
Somerset,2026-04-13,NEWS
South Hadley,2026-04-14,NEWS
Southampton,2026-05-19,OFFICIAL
Southborough,2026-05-12,OFFICIAL
Southbridge,,OFFICIAL
Southwick,2026-05-12,NEWS
Spencer,2026-05-12,NEWS
Sterling,2026-05-11,NEWS
Stockbridge,2026-05-19,OFFICIAL
Stoneham,2026-04-07,NEWS
Stoughton,2026-04-07,OFFICIAL
Stow,2026-05-16,OFFICIAL
Sturbridge,2026-04-13,OFFICIAL
Sudbury,2026-03-23,OFFICIAL
Sunderland,2026-05-02,OFFICIAL
Sutton,2026-05-26,OFFICIAL
Swampscott,2026-04-28,OFFICIAL
Swansea,2026-04-13,NEWS
Templeton,2026-05-18,OFFICIAL
Tewksbury,2026-04-04,NEWS
Tisbury,,NEWS
Tolland,,COLD_OFFICIAL
Topsfield,,OFFICIAL
Townsend,2026-04-27,OFFICIAL
Truro,2026-05-12,OFFICIAL
Tyngsborough,2026-05-19,OFFICIAL
Tyringham,2026-05-18,OFFICIAL
Upton,2026-05-12,OFFICIAL
Uxbridge,2026-05-19,OFFICIAL
Wakefield,2026-04-28,OFFICIAL
Wales,2026-05-27,NEWS
Walpole,2026-06-06,OFFICIAL
Ware,2026-04-13,OFFICIAL
Wareham,2026-05-05,OFFICIAL
Warren,2026-05-05,OFFICIAL
Warwick,2026-05-18,OFFICIAL
Washington,2026-05-16,OFFICIAL
Wayland,2026-05-12,NEWS
Webster,2026-05-04,OFFICIAL
Wellesley,2026-03-03,NEWS
Wellfleet,2026-05-04,OFFICIAL
Wendell,2026-05-04,NEWS
Wenham,2026-04-02,NEWS
West Boylston,2026-06-02,NEWS
West Bridgewater,2026-04-11,NEWS
West Brookfield,2026-05-05,NEWS
West Newbury,,OFFICIAL
West Stockbridge,2026-05-11,OFFICIAL
West Tisbury,2026-04-09,OFFICIAL
Westborough,2026-03-10,NEWS
Westford,2026-05-05,OFFICIAL
Westhampton,,NEWS
Westminster,2026-04-28,OFFICIAL
Weston,2026-05-02,OFFICIAL
Westport,2026-04-14,OFFICIAL
Westwood,,NEWS
Whately,2026-06-09,OFFICIAL
Whitman,2026-05-16,NEWS
Wilbraham,2026-05-16,NEWS
Williamsburg,2026-05-04,OFFICIAL
Williamstown,2026-05-12,OFFICIAL
Wilmington,2026-04-25,NEWS
Winchendon,2026-05-04,NEWS
Winchester,2026-03-21,NEWS
Windsor,2026-05-11,NEWS
Worthington,2026-05-03,OFFICIAL
Wrentham,2026-04-06,OFFICIAL
Yarmouth,2026-05-19,OFFICIAL
