town,body,in_corpus,own_agenda,own_minutes,any_agenda,any_minutes,n_own_ag,n_own_min
Abington,Select Board,True,True,False,True,True,2,0
Acton,Select Board,True,False,False,True,True,0,0
Acushnet,Select Board,True,True,False,True,True,124,0
Adams,Select Board,True,False,False,True,True,0,0
Agawam,City Council,True,True,True,True,True,13,12
Alford,Select Board,True,True,True,True,True,15,5
Amesbury,City Council,True,True,True,True,True,105,44
Amherst,City Council,True,True,True,True,True,20,25
Andover,Select Board,True,True,True,True,True,35,155
Aquinnah,Select Board,True,False,True,True,True,0,129
Arlington,Select Board,True,False,False,False,False,0,0
Ashburnham,Select Board,True,True,True,True,True,22,9
Ashby,Select Board,True,True,True,True,True,360,710
Ashfield,Select Board,True,True,True,True,True,66,135
Ashland,Select Board,True,True,True,True,True,95,16
Athol,Select Board,True,True,False,True,True,1,0
Attleboro,City Council,True,True,True,True,True,78,1
Auburn,Select Board,True,True,True,True,True,76,52
Avon,Select Board,True,True,True,True,True,38,26
Ayer,Select Board,True,True,True,True,True,82,27
Barnstable,City Council,True,True,True,True,True,839,762
Barre,Select Board,True,False,False,False,True,0,0
Becket,Select Board,True,True,True,True,True,47,7
Bedford,Select Board,True,True,True,True,True,241,91
Belchertown,Select Board,True,True,True,True,True,25,28
Bellingham,Select Board,True,False,False,False,True,0,0
Belmont,Select Board,True,True,True,True,True,175,82
Berkley,Select Board,True,True,True,True,True,272,255
Berlin,Select Board,True,True,True,True,True,98,1
Bernardston,Select Board,True,True,True,True,True,24,301
Beverly,City Council,True,True,True,True,True,88,14
Billerica,Select Board,True,True,True,True,True,84,50
Blackstone,Select Board,True,True,True,True,True,100,27
Blandford,Select Board,True,True,True,True,True,749,588
Bolton,Select Board,True,True,True,True,True,94,28
Boston,City Council,True,False,False,True,False,0,0
Bourne,Select Board,True,True,True,True,True,192,25
Boxborough,Select Board,True,True,True,True,True,132,15
Boxford,Select Board,True,True,True,True,True,54,2
Boylston,Select Board,True,True,True,True,True,54,62
Braintree,City Council,True,True,True,True,True,288,207
Brewster,Select Board,True,True,False,True,True,28,0
Bridgewater,City Council,True,True,False,True,True,4,0
Brimfield,Select Board,True,False,False,True,True,0,0
Brockton,City Council,True,True,True,True,True,89,317
Brookfield,Select Board,True,False,True,True,True,0,179
Brookline,Select Board,True,True,True,True,True,5,41
Buckland,Select Board,True,False,True,True,True,0,1
Burlington,Select Board,True,True,True,True,True,27,15
Cambridge,City Council,True,True,True,True,True,24,1
Canton,Select Board,True,True,True,True,True,17,30
Carlisle,Select Board,True,True,True,True,True,217,16
Carver,Select Board,True,True,True,True,True,2,103
Charlemont,Select Board,True,True,True,True,True,410,547
Charlton,Select Board,True,True,True,True,True,19,14
Chatham,Select Board,True,True,True,True,True,6,14
Chelmsford,Select Board,True,True,True,True,True,32,25
Chelsea,City Council,True,True,True,True,True,147,35
Cheshire,Select Board,True,False,False,True,True,0,0
Chester,Select Board,True,True,True,True,True,275,361
Chesterfield,Select Board,True,True,True,True,True,70,14
Chicopee,City Council,True,True,True,True,True,138,84
Chilmark,Select Board,True,True,True,True,True,109,76
Clarksburg,Select Board,True,False,True,True,True,0,11
Clinton,Select Board,True,True,True,True,True,168,125
Cohasset,Select Board,True,True,True,True,True,86,44
Colrain,Select Board,True,True,True,True,True,1,667
Concord,Select Board,True,True,True,True,True,41,28
Conway,Select Board,True,True,False,True,True,2,0
Cummington,Select Board,True,False,False,True,True,0,0
Dalton,Select Board,True,False,False,False,True,0,0
Danvers,Select Board,True,True,True,True,True,18,13
Dartmouth,Select Board,True,True,True,True,True,35,22
Dedham,Select Board,True,True,True,True,True,2,6
Deerfield,Select Board,True,True,True,True,True,33,24
Dennis,Select Board,True,True,True,True,True,56,26
Dighton,Select Board,True,True,True,True,True,34,15
Douglas,Select Board,True,True,False,True,True,4,0
Dover,Select Board,True,True,True,True,True,32,3
Dracut,Select Board,True,True,True,True,True,31,16
Dudley,Select Board,True,True,True,True,True,37,6
Dunstable,Select Board,True,True,True,True,True,73,25
Duxbury,Select Board,True,True,True,True,True,65,5
East Bridgewater,Select Board,True,True,True,True,True,51,21
East Brookfield,Select Board,True,True,True,True,True,9,1
Eastham,Select Board,True,True,True,True,True,38,12
Easthampton,City Council,True,True,True,True,True,109,42
East Longmeadow,City Council,True,True,True,True,True,33,15
Easton,Select Board,True,True,True,True,True,5,1
Edgartown,Select Board,True,True,False,True,True,1,0
Egremont,Select Board,True,True,True,True,True,36,26
Erving,Select Board,True,True,True,True,True,44,18
Essex,Select Board,True,True,True,True,True,48,15
Everett,City Council,True,True,True,True,True,100,68
Fairhaven,Select Board,True,True,True,True,True,321,232
Fall River,City Council,True,True,True,True,True,251,161
Falmouth,Select Board,True,True,False,True,True,25,0
Fitchburg,City Council,True,True,True,True,True,48,23
Florida,Select Board,True,False,False,True,False,0,0
Foxborough,Select Board,True,True,True,True,True,122,45
Framingham,City Council,True,False,True,True,True,0,1
Franklin,City Council,True,True,True,True,True,171,20
Freetown,Select Board,True,True,True,True,True,57,22
Gardner,City Council,True,True,True,True,True,22,22
Georgetown,Select Board,True,True,True,True,True,4,130
Gill,Select Board,True,True,True,True,True,928,655
Gloucester,City Council,True,False,False,True,True,0,0
Goshen,Select Board,False,False,False,False,False,0,0
Gosnold,Select Board,False,False,False,False,False,0,0
Grafton,Select Board,True,True,True,True,True,107,26
Granby,Select Board,True,True,True,True,True,1,5
Granville,Select Board,True,True,True,True,True,34,1
Great Barrington,Select Board,True,True,True,True,True,76,12
Greenfield,City Council,True,True,True,True,True,52,253
Groton,Select Board,True,False,True,True,True,0,852
Groveland,Select Board,True,True,True,True,True,20,118
Hadley,Select Board,True,True,False,True,True,24,0
Halifax,Select Board,True,True,True,True,True,36,11
Hamilton,Select Board,True,True,True,True,True,12,12
Hampden,Select Board,True,True,True,True,True,31,24
Hancock,Select Board,True,False,False,False,False,0,0
Hanover,Select Board,True,True,False,True,True,55,0
Hanson,Select Board,True,True,True,True,True,47,68
Hardwick,Select Board,True,False,False,False,False,0,0
Harvard,Select Board,True,True,True,True,True,30,14
Harwich,Select Board,False,False,False,False,False,0,0
Hatfield,Select Board,True,True,True,True,True,60,17
Haverhill,City Council,True,True,True,True,True,217,163
Hawley,Select Board,True,False,True,True,True,0,95
Heath,Select Board,True,True,True,True,True,7,9
Hingham,Select Board,True,True,True,True,True,194,22
Hinsdale,Select Board,True,True,True,True,True,31,17
Holbrook,Select Board,True,True,True,True,True,14,15
Holden,Select Board,True,True,True,True,True,99,8
Holland,Select Board,True,True,False,True,True,20,0
Holliston,Select Board,True,True,True,True,True,88,30
Holyoke,City Council,True,False,False,True,True,0,0
Hopedale,Select Board,True,True,True,True,True,73,34
Hopkinton,Select Board,True,True,False,True,True,17,0
Hubbardston,Select Board,True,True,True,True,True,33,98
Hudson,Select Board,True,True,True,True,True,57,17
Hull,Select Board,True,True,True,True,True,43,23
Huntington,Select Board,True,False,False,False,False,0,0
Ipswich,Select Board,True,True,True,True,True,604,36
Kingston,Select Board,True,True,False,True,True,1,0
Lakeville,Select Board,True,True,True,True,True,27,290
Lancaster,Select Board,True,True,True,True,True,25,29
Lanesborough,Select Board,True,True,True,True,True,2,2
Lawrence,City Council,True,True,True,True,True,34,7
Lee,Select Board,True,True,True,True,True,32,31
Leicester,Select Board,True,True,True,True,True,55,30
Lenox,Select Board,True,True,False,True,True,30,0
Leominster,City Council,True,True,True,True,True,84,59
Leverett,Select Board,True,False,True,True,True,0,64
Lexington,Select Board,True,True,True,True,True,114,3
Leyden,Select Board,True,True,True,True,True,1008,1081
Lincoln,Select Board,True,True,True,True,True,20,13
Littleton,Select Board,True,True,True,True,True,78,123
Longmeadow,Select Board,True,True,True,True,True,18,13
Lowell,City Council,True,True,True,True,True,152,89
Ludlow,Select Board,True,True,True,True,True,102,63
Lunenburg,Select Board,True,True,True,True,True,62,2
Lynn,City Council,True,True,True,True,True,149,79
Lynnfield,Select Board,True,True,True,True,True,17,11
Malden,City Council,True,True,True,True,True,86,33
Manchester,Select Board,True,True,True,True,True,21,13
Mansfield,Select Board,True,True,True,True,True,24,86
Marblehead,Select Board,True,True,True,True,True,686,1333
Marion,Select Board,True,True,True,True,True,66,47
Marlborough,City Council,True,True,True,True,True,85,11
Marshfield,Select Board,True,True,True,True,True,908,292
Mashpee,Select Board,True,True,True,True,True,17,52
Mattapoisett,Select Board,True,True,False,True,True,41,0
Maynard,Select Board,True,True,True,True,True,416,328
Medfield,Select Board,True,True,True,True,True,37,27
Medford,City Council,True,False,False,True,True,0,0
Medway,Select Board,True,True,False,True,True,6,0
Melrose,City Council,True,False,False,True,True,0,0
Mendon,Select Board,True,True,True,True,True,23,18
Merrimac,Select Board,True,False,False,True,True,0,0
Methuen,City Council,True,True,True,True,True,97,18
Middleborough,Select Board,True,True,True,True,True,46,20
Middlefield,Select Board,True,True,True,True,True,18,15
Middleton,Select Board,True,True,False,True,True,22,0
Milford,Select Board,True,True,True,True,True,43,13
Millbury,Select Board,True,True,True,True,True,46,19
Millis,Select Board,True,True,True,True,True,9,3
Millville,Select Board,True,False,False,True,True,0,0
Milton,Select Board,True,True,True,True,True,297,53
Monroe,Select Board,False,False,False,False,False,0,0
Monson,Select Board,True,True,True,True,True,30,18
Montague,Select Board,True,True,True,True,True,1208,996
Monterey,Select Board,True,False,True,True,True,0,59
Montgomery,Select Board,True,True,True,True,True,1,25
Mount Washington,Select Board,True,False,False,False,False,0,0
Nahant,Select Board,True,True,True,True,True,335,484
Nantucket,Select Board,True,True,True,True,True,12,60
Natick,Select Board,True,True,True,True,True,3,80
Needham,Select Board,True,False,False,True,True,0,0
New Ashford,Select Board,True,True,True,True,True,169,254
New Bedford,City Council,True,True,True,True,True,1,1
New Braintree,Select Board,True,True,False,True,True,5,0
Newbury,Select Board,True,True,True,True,True,34,79
Newburyport,City Council,True,True,False,True,True,17,0
New Marlborough,Select Board,True,True,True,True,True,387,10
New Salem,Select Board,True,True,True,True,True,34,14
Newton,City Council,True,False,False,True,True,0,0
Norfolk,Select Board,True,False,False,True,True,0,0
North Adams,City Council,True,False,True,False,True,0,4
Northampton,City Council,True,True,True,True,True,249,125
North Andover,Select Board,False,False,False,False,False,0,0
North Attleborough,City Council,True,True,True,True,True,178,114
Northborough,Select Board,True,True,True,True,True,125,24
Northbridge,Select Board,True,True,True,True,True,91,5
North Brookfield,Select Board,True,True,True,True,True,93,234
Northfield,Select Board,True,True,True,True,True,31,17
North Reading,Select Board,True,True,True,True,True,69,87
Norton,Select Board,True,True,True,True,True,32,5
Norwell,Select Board,True,True,True,True,True,151,1
Norwood,Select Board,False,False,False,False,False,0,0
Oak Bluffs,Select Board,True,True,True,True,True,40,29
Oakham,Select Board,True,True,True,True,True,57,8
Orange,Select Board,True,False,False,False,True,0,0
Orleans,Select Board,True,True,True,True,True,63,24
Otis,Select Board,True,True,True,True,True,32,34
Oxford,Select Board,True,True,True,True,True,25,17
Palmer,City Council,True,False,True,True,True,0,19
Paxton,Select Board,True,True,True,True,True,28,1
Peabody,City Council,True,False,True,True,True,0,343
Pelham,Select Board,False,False,False,False,False,0,0
Pembroke,Select Board,True,True,True,True,True,47,10
Pepperell,Select Board,True,True,True,True,True,34,17
Peru,Select Board,True,True,True,True,True,268,233
Petersham,Select Board,False,False,False,False,False,0,0
Phillipston,Select Board,True,True,False,True,True,1,0
Pittsfield,City Council,False,False,False,False,False,0,0
Plainfield,Select Board,True,False,True,True,True,0,230
Plainville,Select Board,True,True,True,True,True,41,20
Plymouth,Select Board,True,True,True,True,True,40,13
Plympton,Select Board,True,True,True,True,True,59,7
Princeton,Select Board,True,False,True,True,True,0,144
Provincetown,Select Board,True,True,False,True,True,3,0
Quincy,City Council,True,True,True,True,True,592,133
Randolph,City Council,True,True,True,True,True,49,17
Raynham,Select Board,True,True,False,True,True,19,0
Reading,Select Board,True,True,False,True,True,152,0
Rehoboth,Select Board,True,False,False,True,True,0,0
Revere,City Council,True,True,False,True,True,42,0
Richmond,Select Board,True,True,True,True,True,144,6
Rochester,Select Board,True,True,True,True,True,19,3
Rockland,Select Board,True,True,True,True,True,66,112
Rockport,Select Board,True,True,False,True,True,14,0
Rowe,Select Board,True,True,True,True,True,22,370
Rowley,Select Board,True,False,False,True,True,0,0
Royalston,Select Board,True,False,False,True,True,0,0
Russell,Select Board,True,True,False,True,True,6,0
Rutland,Select Board,True,True,True,True,True,163,56
Salem,City Council,True,True,True,True,True,88,62
Salisbury,Select Board,True,False,False,True,True,0,0
Sandisfield,Select Board,True,False,True,True,True,0,1
Sandwich,Select Board,True,True,True,True,True,302,201
Saugus,Select Board,True,True,True,True,True,46,17
Savoy,Select Board,True,False,False,False,False,0,0
Scituate,Select Board,True,True,True,True,True,47,15
Seekonk,Select Board,True,True,True,True,True,183,16
Sharon,Select Board,True,True,True,True,True,99,48
Sheffield,Select Board,True,True,True,True,True,149,597
Shelburne,Select Board,True,True,True,True,True,516,816
Sherborn,Select Board,True,True,True,True,True,23,10
Shirley,Select Board,True,True,True,True,True,17,7
Shrewsbury,Select Board,True,True,True,True,True,22,14
Shutesbury,Select Board,True,True,True,True,True,122,555
Somerset,Select Board,True,True,True,True,True,34,15
Somerville,City Council,True,False,False,False,False,0,0
Southampton,Select Board,False,False,False,False,False,0,0
Southborough,Select Board,True,True,True,True,True,162,96
Southbridge,City Council,True,True,True,True,True,32,7
South Hadley,Select Board,True,True,True,True,True,17,10
Southwick,Select Board,True,True,True,True,True,60,20
Spencer,Select Board,True,True,True,True,True,43,25
Springfield,City Council,True,False,False,True,True,0,0
Sterling,Select Board,True,True,True,True,True,45,16
Stockbridge,Select Board,True,False,True,True,True,0,1
Stoneham,Select Board,True,True,True,True,True,12,24
Stoughton,Select Board,True,True,True,True,True,30,19
Stow,Select Board,True,True,True,True,True,22,103
Sturbridge,Select Board,True,False,True,True,True,0,2
Sudbury,Select Board,True,True,True,True,True,766,886
Sunderland,Select Board,True,True,True,True,True,30,14
Sutton,Select Board,True,True,True,True,True,67,15
Swampscott,Select Board,True,True,True,True,True,46,17
Swansea,Select Board,True,True,True,True,True,3,2
Taunton,City Council,True,True,True,True,True,122,48
Templeton,Select Board,True,True,False,True,True,2,0
Tewksbury,Select Board,True,True,True,True,True,130,80
Tisbury,Select Board,True,True,True,True,True,25,13
Tolland,Select Board,True,True,True,True,True,33,54
Topsfield,Select Board,True,True,True,True,True,232,34
Townsend,Select Board,True,True,False,True,True,9,0
Truro,Select Board,True,True,True,True,True,161,318
Tyngsborough,Select Board,True,True,True,True,True,19,469
Tyringham,Select Board,True,True,True,True,True,39,6
Upton,Select Board,True,True,True,True,True,25,9
Uxbridge,Select Board,True,True,True,True,True,470,192
Wakefield,Select Board,True,False,True,True,True,0,1
Wales,Select Board,True,True,False,True,True,28,0
Walpole,Select Board,True,True,False,True,True,8,0
Waltham,City Council,True,True,True,True,True,112,19
Ware,Select Board,True,True,True,True,True,1,16
Wareham,Select Board,True,True,True,True,True,172,60
Warren,Select Board,True,True,True,True,True,38,135
Warwick,Select Board,True,True,True,True,True,3,5
Washington,Select Board,True,True,False,True,True,5,0
Watertown,City Council,True,False,False,True,False,0,0
Wayland,Select Board,True,True,True,True,True,170,24
Webster,Select Board,True,True,True,True,True,291,212
Wellesley,Select Board,True,True,True,True,True,56,33
Wellfleet,Select Board,True,True,True,True,True,172,17
Wendell,Select Board,True,True,False,True,False,1,0
Wenham,Select Board,True,True,True,True,True,151,79
Westborough,Select Board,True,True,True,True,True,281,54
West Boylston,Select Board,True,True,False,True,True,2,0
West Bridgewater,Select Board,True,False,False,False,True,0,0
West Brookfield,Select Board,False,False,False,False,False,0,0
Westfield,City Council,True,True,True,True,True,110,43
Westford,Select Board,True,True,True,True,True,69,16
Westhampton,Select Board,True,True,True,True,True,8,43
Westminster,Select Board,True,True,False,True,True,73,0
West Newbury,Select Board,True,True,True,True,True,36,20
Weston,Select Board,True,True,True,True,True,35,30
Westport,Select Board,True,True,True,True,True,2,1
West Springfield,City Council,False,False,False,False,False,0,0
West Stockbridge,Select Board,True,True,True,True,True,31,13
West Tisbury,Select Board,True,True,True,True,True,133,189
Westwood,Select Board,True,False,True,True,True,0,2
Weymouth,City Council,False,False,False,False,False,0,0
Whately,Select Board,True,True,True,True,True,1,86
Whitman,Select Board,True,True,True,True,True,19,10
Wilbraham,Select Board,True,True,True,True,True,45,7
Williamsburg,Select Board,True,False,False,True,True,0,0
Williamstown,Select Board,True,False,False,True,True,0,0
Wilmington,Select Board,True,True,False,True,True,1,0
Winchendon,Select Board,True,True,True,True,True,58,13
Winchester,Select Board,True,True,True,True,True,55,130
Windsor,Select Board,True,False,False,False,False,0,0
Winthrop,City Council,True,True,True,True,True,40,20
Woburn,City Council,True,True,False,True,True,152,0
Worcester,City Council,True,True,False,True,True,554,0
Worthington,Select Board,True,False,False,True,True,0,0
Wrentham,Select Board,True,True,True,True,True,18,12
Yarmouth,Select Board,True,True,True,True,True,66,6
