municipality,year,confidence,container_kind,document_url,evidence
Abington,2022,high,election_page,https://www.abingtonma.gov/article/2936041,"heads=3,blanks=7,offices=3,tallies=48,yr=False,pp=0"
Abington,2023,high,townmtg_election,https://core-docs.s3.us-east-1.amazonaws.com/documents/asset/uploaded_file/4608/toa/4021230/2023_Town_Meeting_Warrant_with_finance_committee_votes_and_town_manager_comments.pdf,"heads=1,blanks=0,offices=5,tallies=117,yr=True,pp=12"
Abington,2024,high,townmtg_election,https://core-docs.s3.us-east-1.amazonaws.com/documents/asset/uploaded_file/4608/toa/4113595/Abington_Annual_Town_Meeting_Warrant_for_April_1__2024_w_Exhibits.pdf,"heads=5,blanks=0,offices=9,tallies=402,yr=True,pp=40"
Abington,2025,high,townmtg_election,https://core-docs.s3.us-east-1.amazonaws.com/documents/asset/uploaded_file/4608/toa/5468119/Warrant_for_Annual_Town_Meeting_April_7_2025_TO_BE_POSTED.pdf,"heads=1,blanks=0,offices=7,tallies=321,yr=True,pp=21"
Acushnet,2024,high,townmtg_election,https://www.acushnet.ma.us/DocumentCenter/View/1595/Special-Fall-Town-Meeting-Warrant---September-30-2024,"heads=1,blanks=0,offices=6,tallies=128,yr=True,pp=23"
Aquinnah,2021,high,annual_report,https://www.aquinnah-ma.gov/sites/g/files/vyhlif261/f/news/2021_aquinnah_annual_town_report.pdf,"heads=5,blanks=0,offices=11,tallies=1174,yr=True,pp=108"
Aquinnah,2022,high,annual_report,https://www.aquinnah-ma.gov/sites/g/files/vyhlif261/f/news/aquinnah_town_report_2022.pdf,"heads=2,blanks=0,offices=11,tallies=990,yr=True,pp=88"
Aquinnah,2023,high,annual_report,https://www.aquinnah-ma.gov/sites/g/files/vyhlif261/f/events/2023_aquinnah_town_report.indd_.pdf,"heads=1,blanks=0,offices=11,tallies=1009,yr=True,pp=81"
Ashby,2021,high,annual_report,https://drive.google.com/uc?export=download&id=1DUlVVGaRnzPpp3_KX17Bn6P_gvfs2zq0,"heads=49,blanks=16,offices=10,tallies=1495,yr=True,pp=170"
Ashby,2022,high,annual_report,https://drive.google.com/uc?export=download&id=17Fdp0LJbSLHJ7LOtSzAOUV0y2Rd-rHcC,"heads=37,blanks=58,offices=10,tallies=1303,yr=True,pp=148"
Ashby,2023,high,annual_report,https://drive.google.com/uc?export=download&id=1YRzQb19zslqov98vFBRoHiBmDaEP5ncP,"heads=75,blanks=52,offices=11,tallies=2147,yr=True,pp=160"
Ashby,2024,high,annual_report,https://drive.google.com/uc?export=download&id=1sHM1XgUU5A-7iVpDZEtTQQzwKQKcMUHY,"heads=27,blanks=65,offices=10,tallies=1747,yr=True,pp=170"
Ashby,2025,high,annual_report,https://drive.google.com/uc?export=download&id=1Ilvq8PWi-rpG-5kxxqCYtGfI_ntzuMi2,"heads=10,blanks=15,offices=10,tallies=1521,yr=True,pp=162"
Ayer,2023,high,townmtg_election,https://www.ayer.ma.us/DocumentCenter/View/4767/Summary-of-the-2023-Annual-Town-Meeting-Warrant---March-7-2023,"heads=2,blanks=0,offices=5,tallies=67,pp=4"
Berlin,2022,high,annual_report,https://townofberlin.com/DocumentCenter/View/1162/2022-Annual-Town-Report,"heads=10,blanks=53,offices=11,tallies=2539,yr=True,pp=110"
Berlin,2023,high,annual_report,https://townofberlin.com/DocumentCenter/View/1164/2023-Annual-Town-Report,"heads=6,blanks=10,offices=10,tallies=1973,yr=True,pp=96"
Bernardston,2024,high,annual_report,https://townofbernardston.org/sites/g/files/vyhlif12736/files/media/selectboard/file/4966/Bernardston_Annual%20Report_2024.pdf,"heads=11,blanks=0,offices=11,tallies=1399,yr=True,pp=171"
Blandford,2022,high,annual_report,https://townofblandford.com/wp-content/uploads/2024/05/annual-town-report-2022-2023.pdf,"heads=1,blanks=0,offices=10,tallies=468,pp=54"
Blandford,2023,high,annual_report,https://townofblandford.com/wp-content/uploads/2024/05/annual-town-report-2022-2023.pdf,"heads=1,blanks=0,offices=10,tallies=468,yr=True,pp=54"
Blandford,2025,high,annual_report,https://townofblandford.com/wp-content/uploads/2025/05/annual-town-report-2023-2024.pdf,"heads=4,blanks=9,offices=10,tallies=436,yr=True,pp=72"
Bolton,2021,high,annual_report,https://www.bolton-ma.gov/DocumentCenter/View/405/2021-Annual-Town-Report,"heads=4,blanks=0,offices=11,tallies=1889,yr=True,pp=125"
Bolton,2022,high,annual_report,https://www.bolton-ma.gov/DocumentCenter/View/406/2022-Annual-Town-Report,"heads=6,blanks=0,offices=11,tallies=1836,yr=True,pp=124"
Bourne,2021,high,annual_report,https://www.bourne-ma.gov/DocumentCenter/View/3317/2021-Town-Report,"heads=5,blanks=76,offices=11,tallies=3734,yr=True,pp=275"
Bourne,2022,high,annual_report,https://www.bourne-ma.gov/DocumentCenter/View/3316/2022-Town-Report,"heads=3,blanks=0,offices=11,tallies=3450,yr=True,pp=228"
Bourne,2025,high,annual_report,https://www.bourne-ma.gov/DocumentCenter/View/11920,"heads=9,blanks=61,offices=9,tallies=3089,yr=True,pp=263"
Brewster,2025,high,townmtg_election,http://www.brewster-ma.gov/sites/g/files/vyhlif16031/f/uploads/annual_town_election_2025_0.pdf,"heads=1,blanks=0,offices=3,tallies=15,yr=True,pp=1"
Brimfield,2021,high,annual_report,https://www.brimfieldma.org/sites/g/files/vyhlif4181/f/news/townreport2021.pdf,"heads=8,blanks=14,offices=8,tallies=747,yr=True,pp=160"
Brookfield,2021,high,election_page,https://www.brookfieldma.us/announcement-brookfield-annual-town-election/,"heads=5,blanks=0,offices=7,tallies=11,yr=False,pp=0"
Brookfield,2022,high,annual_report,https://www.brookfieldma.us/wp-content/uploads/2026/01/brookfield_tr_22_web_cc_0.pdf,"heads=2,blanks=0,offices=11,tallies=529,yr=True,pp=134"
Brookfield,2023,high,townmtg_election,https://www.brookfieldma.us/wp-content/uploads/2026/01/annual_town_election_info_to_publish-2023_0-1.pdf,"heads=3,blanks=0,offices=6,tallies=12,pp=1"
Brookfield,2024,high,townmtg_election,https://www.brookfieldma.us/wp-content/uploads/2026/01/annual_town_election_info_to_publish-2024_1.pdf,"heads=2,blanks=0,offices=7,tallies=9,pp=1"
Brookfield,2025,high,election_page,https://www.brookfieldma.us/announcement-brookfield-annual-town-election/,"heads=5,blanks=0,offices=7,tallies=11,yr=False,pp=0"
Carver,2023,high,annual_report,https://www.carverma.gov/sites/g/files/vyhlif4221/f/pages/2023_town_report.pdf,"heads=3,blanks=11,offices=10,tallies=1598,yr=True,pp=148"
Charlemont,2022,high,annual_report,https://www.charlemont-ma.us/files/Town_Report_for_year_ending_December_312022.pdf,"heads=11,blanks=3,offices=10,tallies=2775,yr=True,pp=143"
Charlemont,2024,high,annual_report,https://charlemont-ma.us/news/newsfile_20171_Town_Report_2024.pdf,"heads=7,blanks=13,offices=10,tallies=3231,yr=True,pp=136"
Charlemont,2025,high,annual_report,https://charlemont-ma.us/news/newsfile_20242_Town_Report_Year_end_2025.pdf,"heads=5,blanks=12,offices=10,tallies=3247,yr=True,pp=143"
Cheshire,2021,high,annual_report,https://storage.googleapis.com/juniper-media-library/56/2024/01/2021 Annual Town Report.pdf,"heads=11,blanks=16,offices=11,tallies=1634,pp=80"
Cheshire,2023,high,annual_report,https://storage.googleapis.com/juniper-media-library/56/2024/07/2023 Cheshire Town Report full.pdf,"heads=6,blanks=9,offices=10,tallies=1725,pp=88"
Chester,2023,high,annual_report,https://townofchester.net/wp-content/uploads/2024/05/Town-of-Chester-Annual-Report-FY22-23.pdf,"heads=1,blanks=0,offices=8,tallies=393,yr=True,pp=44"
Chilmark,2022,high,townmtg_election,https://www.chilmarkma.gov/sites/g/files/vyhlif8411/f/uploads/chilmark_annual_town_meeting_and_election_warrant_april_25_and_27_2022_town_clerk_true_copy_attest.pdf,"heads=3,blanks=0,offices=7,tallies=168,pp=11"
Clarksburg,2022,high,annual_report,https://clarksburgma.gov/specMedia/Clarksburg-Annual-Report-FY2022.pdf,"heads=2,blanks=0,offices=6,tallies=152,yr=True,pp=24"
Clarksburg,2023,high,annual_report,https://clarksburgma.gov/specMedia/Clarkburg-Annual-Report-FY2023.pdf,"heads=1,blanks=0,offices=8,tallies=165,yr=True,pp=24"
Clarksburg,2025,high,annual_report,https://clarksburgma.gov/specMedia/ANNUAL-TOWN-REPORT-FY-25_4-14-26.pdf,"heads=1,blanks=0,offices=3,tallies=202,yr=True,pp=35"
Conway,2021,high,election_page,https://conwayma.gov/p/104/Elections,"heads=40,blanks=1,offices=8,tallies=81,yr=False,pp=0"
Conway,2022,high,election_page,https://conwayma.gov/p/104/Elections,"heads=40,blanks=1,offices=8,tallies=81,yr=False,pp=0"
Conway,2023,high,election_page,https://conwayma.gov/p/104/Elections,"heads=40,blanks=1,offices=8,tallies=81,yr=True,pp=0"
Conway,2024,high,townmtg_election,https://conwayma.gov/files/2004_through_2024_Certified_Town_Meeting_Minutes.pdf,"heads=25,blanks=0,offices=10,tallies=3461,yr=True,pp=148"
Conway,2025,high,election_page,https://conwayma.gov/p/104/Elections,"heads=40,blanks=1,offices=8,tallies=81,yr=True,pp=0"
Dalton,2025,high,annual_report,https://dalton-ma.gov/wp-content/uploads/2025/05/2024-Annual-Report-FINAL.pdf,"heads=3,blanks=1,offices=8,tallies=1120,yr=True,pp=82"
Deerfield,2025,high,townmtg_election,https://deerfieldma.us/DocumentCenter/View/2123,"heads=2,blanks=0,offices=5,tallies=405,yr=True,pp=51"
Douglas,2025,medium,townmtg_election,https://douglas-ma.gov/DocumentCenter/View/4495,"heads=2,blanks=0,offices=4,tallies=1,pp=1"
Dunstable,2023,high,election_page,https://dunstable-ma.gov/town-clerk,"heads=7,blanks=0,offices=8,tallies=14,pp=0"
East Bridgewater,2021,high,annual_report,https://ma-eastbridgewater.civicplus.com/DocumentCenter/View/1765/2021-Annual-Town-Report-PDF,"heads=24,blanks=10,offices=9,tallies=3242,yr=True,pp=210"
East Bridgewater,2022,high,annual_report,https://ma-eastbridgewater.civicplus.com/DocumentCenter/View/1766/2022-Annual-Town-Report-PDF,"heads=20,blanks=58,offices=10,tallies=3133,yr=True,pp=220"
East Bridgewater,2023,high,annual_report,https://ma-eastbridgewater.civicplus.com/DocumentCenter/View/1760/2023-Annual-Town-Report-PDF,"heads=20,blanks=8,offices=11,tallies=3329,yr=True,pp=225"
Erving,2022,high,minutes,https://erving-ma.gov/AgendaCenter/ViewFile/Minutes/_02022026-343,"heads=1,blanks=0,offices=8,tallies=65,pp=9"
Erving,2025,high,annual_report,https://www.erving-ma.gov/DocumentCenter/View/2973/2025-Annual-Town-Report-PDF,"heads=34,blanks=16,offices=11,tallies=1493,yr=True,pp=136"
Gill,2021,high,election_page,https://gillmass.org/TownClerk,"heads=7,blanks=19,offices=9,tallies=41,pp=0"
Gill,2022,high,election_page,https://gillmass.org/TownClerk,"heads=7,blanks=19,offices=9,tallies=41,yr=True,pp=0"
Gill,2023,high,election_page,https://gillmass.org/TownClerk,"heads=7,blanks=19,offices=9,tallies=41,yr=True,pp=0"
Gill,2024,high,election_page,https://gillmass.org/TownClerk,"heads=7,blanks=19,offices=9,tallies=41,yr=True,pp=0"
Gill,2025,high,election_page,https://gillmass.org/TownClerk,"heads=7,blanks=19,offices=9,tallies=41,yr=True,pp=0"
Granby,2021,medium,election_page,https://granby-ma.gov/townclerk,"heads=1,blanks=0,offices=7,tallies=1,pp=0"
Granby,2022,medium,election_page,https://granby-ma.gov/townclerk,"heads=1,blanks=0,offices=7,tallies=1,pp=0"
Granby,2023,medium,election_page,https://granby-ma.gov/townclerk,"heads=1,blanks=0,offices=7,tallies=1,pp=0"
Granby,2024,medium,election_page,https://granby-ma.gov/townclerk,"heads=1,blanks=0,offices=7,tallies=1,pp=0"
Granby,2025,medium,election_page,https://granby-ma.gov/townclerk,"heads=1,blanks=0,offices=7,tallies=1,pp=0"
Great Barrington,2021,high,annual_report,https://www.townofgb.org/DocumentCenter/View/924,"heads=1,blanks=0,offices=10,tallies=831,yr=True,pp=63"
Great Barrington,2023,high,annual_report,https://www.townofgb.org/DocumentCenter/View/923,"heads=3,blanks=0,offices=9,tallies=840,yr=True,pp=66"
Hampden,2021,high,election_page,https://hampdenma.gov/274/Town-Meetings-Elections,"heads=11,blanks=0,offices=4,tallies=25,pp=0"
Hampden,2022,high,election_page,https://hampdenma.gov/274/Town-Meetings-Elections,"heads=11,blanks=0,offices=4,tallies=25,yr=False,pp=0"
Hampden,2023,high,election_page,https://hampdenma.gov/274/Town-Meetings-Elections,"heads=11,blanks=0,offices=4,tallies=25,yr=False,pp=0"
Hampden,2024,high,election_page,https://hampdenma.gov/274/Town-Meetings-Elections,"heads=11,blanks=0,offices=4,tallies=25,pp=0"
Hancock,2022,high,annual_report,https://town.hancock.ma.us/files/2023/04/OFFICIAL-TOWN-REPORT-FY2022.pdf,"heads=1,blanks=1,offices=10,tallies=531,yr=True,pp=44"
Hancock,2023,high,annual_report,https://town.hancock.ma.us/files/2023/04/OFFICIAL-TOWN-REPORT-FY2022.pdf,"heads=1,blanks=1,offices=10,tallies=531,yr=True,pp=44"
Hawley,2023,high,annual_report,https://townofhawley.com/wp-content/uploads/2023/09/2012-Hawley-Annual-Town-Report.pdf,"heads=2,blanks=0,offices=10,tallies=1446,yr=False,pp=95"
Hawley,2025,high,annual_report,https://townofhawley.com/wp-content/uploads/2025/04/Hawley-Town-Report-2024.pdf,"heads=4,blanks=1,offices=11,tallies=1361,yr=True,pp=105"
Heath,2021,high,annual_report,https://townofheath.org/news/newsfile_9143_2021HeathAnnualReport-web.pdf,"heads=1,blanks=0,offices=10,tallies=452,yr=True,pp=42"
Heath,2022,high,election_page,https://townofheath.org/p/19/Town-Clerk,"heads=2,blanks=0,offices=8,tallies=16,pp=0"
Heath,2024,high,townmtg_election,https://townofheath.org/files/2024_Local_Town_Elections.pdf,"heads=4,blanks=0,offices=6,tallies=30,yr=True,pp=2"
Hopkinton,2021,high,annual_report,https://ehop.org/wp/wp-content/uploads/2021/05/2020-ANNUAL-TOWN-REPORT-HOPKINTON-MA-WEB-sm.pdf,"heads=23,blanks=63,offices=9,tallies=3526,yr=True,pp=310"
Hopkinton,2023,high,annual_report,https://ehop.org/wp/wp-content/uploads/2023/04/Hopkinton-Annual-Town-Report-2022_sm.pdf,"heads=15,blanks=65,offices=9,tallies=2690,yr=True,pp=376"
Hubbardston,2021,medium,election_page,https://hubbardstonma.us/275/ElectionTown-Meeting-Information,"heads=24,blanks=0,offices=2,tallies=41,pp=0"
Lee,2023,high,election_page,https://lee.ma.us/174/Town-Clerk,"heads=5,blanks=0,offices=4,tallies=59,yr=True,pp=0"
Lee,2024,high,election_page,https://lee.ma.us/174/Town-Clerk,"heads=5,blanks=0,offices=4,tallies=59,yr=False,pp=0"
Lee,2025,high,election_page,https://lee.ma.us/174/Town-Clerk,"heads=5,blanks=0,offices=4,tallies=59,pp=0"
Lenox,2022,high,annual_report,https://townoflenox.com/DocumentCenter/View/375/Annual-Town-Report-2022,"heads=2,blanks=1,offices=9,tallies=918,yr=True,pp=84"
Lenox,2023,high,annual_report,https://townoflenox.com/DocumentCenter/View/376/Annual-Town-Report-2023,"heads=2,blanks=0,offices=9,tallies=901,yr=True,pp=89"
Lenox,2024,high,annual_report,https://townoflenox.com/DocumentCenter/View/377/Annual-Town-Report-2024,"heads=4,blanks=0,offices=9,tallies=427,yr=True,pp=70"
Lenox,2025,high,annual_report,https://townoflenox.com/DocumentCenter/View/3428/Annual-Town-Report-2025,"heads=1,blanks=1,offices=9,tallies=672,yr=True,pp=120"
Leyden,2021,high,election_page,https://townofleyden.com/p/111/Voting-and-Elections,"heads=4,blanks=0,offices=9,tallies=20,pp=0"
Leyden,2022,high,annual_report,https://townofleyden.com/files/2022_Annual_Town_Report.pdf,"heads=4,blanks=0,offices=10,tallies=814,yr=True,pp=107"
Ludlow,2021,high,annual_report,https://ludlow.ma.us/wp-content/uploads/sites/2/2025/05/2021-Annual-Town-Report.pdf,"heads=4,blanks=0,offices=10,tallies=1640,yr=True,pp=138"
Marion,2021,medium,election_page,https://marionma.gov/272/Town-Meeting-Election-Information,"heads=1,blanks=0,offices=2,tallies=24,pp=0"
Marion,2022,medium,election_page,https://marionma.gov/272/Town-Meeting-Election-Information,"heads=1,blanks=0,offices=2,tallies=24,pp=0"
Marion,2023,high,annual_report,https://marionma.gov/DocumentCenter/View/1157,"heads=4,blanks=8,offices=9,tallies=5678,yr=True,pp=240"
Mashpee,2022,high,annual_report,https://mashpeema.gov/DocumentCenter/View/1282/2022-Annual-Report,"heads=2,blanks=104,offices=11,tallies=3164,yr=True,pp=189"
Mashpee,2023,high,annual_report,https://mashpeema.gov/DocumentCenter/View/1283/2023-Annual-Report,"heads=7,blanks=10,offices=11,tallies=2954,yr=True,pp=188"
Mendon,2021,high,annual_report,https://mendonma.gov/DocumentCenter/View/181/2021-Annual-Town-Report,"heads=9,blanks=15,offices=11,tallies=2118,yr=True,pp=226"
Mendon,2024,high,annual_report,https://www.mendonma.gov/DocumentCenter/View/851/2024-Annual-Town-Report,"heads=7,blanks=48,offices=8,tallies=1691,yr=True,pp=613"
Mendon,2025,high,annual_report,https://mendonma.gov/DocumentCenter/View/1528/2025--Annual-Town-Report,"heads=11,blanks=14,offices=10,tallies=1690,yr=True,pp=232"
Middlefield,2021,high,election_page,https://middlefield-ma.gov/230/Town-Clerk,"heads=2,blanks=0,offices=4,tallies=8,yr=False,pp=0"
Middlefield,2022,high,election_page,https://middlefield-ma.gov/230/Town-Clerk,"heads=2,blanks=0,offices=4,tallies=8,yr=False,pp=0"
Middlefield,2025,high,election_page,https://middlefield-ma.gov/230/Town-Clerk,"heads=2,blanks=0,offices=4,tallies=8,yr=False,pp=0"
Millbury,2022,high,annual_report,https://millburyma.gov/DocumentCenter/View/1817/Annual-Town-Report---FY-2022,"heads=4,blanks=0,offices=10,tallies=1890,yr=True,pp=135"
Millbury,2023,high,annual_report,https://millburyma.gov/DocumentCenter/View/1818/Annual-Town-Report---FY-2023,"heads=4,blanks=0,offices=11,tallies=1064,yr=True,pp=132"
Montgomery,2022,high,election_page,https://montgomeryma.gov/2023/03/town-clerk-notice/,"heads=1,blanks=0,offices=6,tallies=9,yr=False,pp=0"
Mount Washington,2021,high,election_page,https://mountwashington-ma.gov/departments/town-clerk/,"heads=1,blanks=0,offices=10,tallies=13,yr=False,pp=0"
Mount Washington,2025,high,election_page,https://mountwashington-ma.gov/departments/town-clerk/,"heads=1,blanks=0,offices=10,tallies=13,pp=0"
Needham,2024,high,annual_report,https://needhamma.gov/DocumentCenter/View/62105,"heads=7,blanks=0,offices=10,tallies=1592,pp=212"
New Ashford,2022,medium,election_page,https://www.newashford-ma.us/town-elections-may-24th-200pm-400pm-and-600pm-800pm/,"heads=3,blanks=0,offices=4,tallies=0,pp=0"
New Ashford,2025,medium,election_page,https://www.newashford-ma.us/town-elections-may-24th-200pm-400pm-and-600pm-800pm/,"heads=3,blanks=0,offices=4,tallies=0,pp=0"
New Marlborough,2021,high,election_page,https://newmarlboroughma.gov/1208/Town-Clerk,"heads=2,blanks=0,offices=3,tallies=19,yr=False,pp=0"
New Marlborough,2022,high,election_page,https://newmarlboroughma.gov/1208/Town-Clerk,"heads=2,blanks=0,offices=3,tallies=19,yr=False,pp=0"
New Marlborough,2024,high,election_page,https://newmarlboroughma.gov/1208/Town-Clerk,"heads=2,blanks=0,offices=3,tallies=19,pp=0"
New Marlborough,2025,high,election_page,https://newmarlboroughma.gov/1208/Town-Clerk,"heads=2,blanks=0,offices=3,tallies=19,yr=False,pp=0"
Norfolk,2023,high,election_page,https://norfolk.ma.us/departments/town_clerk/census_information.php,"heads=1,blanks=2,offices=7,tallies=5,yr=False,pp=0"
North Andover,2022,high,annual_report,https://drive.google.com/uc?export=download&id=1SV_gRmyLbuGl6xexi3QaBm8AlZDezNNR,"heads=12,blanks=48,offices=9,tallies=1538,yr=True,pp=168"
North Brookfield,2024,high,annual_report,https://northbrookfield.net/DocumentCenter/View/358,"heads=8,blanks=53,offices=11,tallies=1938,yr=True,pp=133"
Northbridge,2024,high,townmtg_election,https://northbridgemass.org/DocumentCenter/View/6100/5-21-2024-Annual-Town-Election,"heads=3,blanks=9,offices=2,tallies=99,pp=2"
Northbridge,2025,high,townmtg_election,https://northbridgemass.org/DocumentCenter/View/6099/5-20-2025-Annual-Town-Election,"heads=6,blanks=12,offices=3,tallies=321,pp=5"
Norwell,2023,high,election_page,https://townofnorwell.net/departments/town_clerk/election_information/index.php,"heads=1,blanks=0,offices=7,tallies=13,pp=0"
Oak Bluffs,2023,high,annual_report,https://oakbluffsma.gov/DocumentCenter/View/11505/Town-of-Oak-Bluffs---Annual-Report-2023,"heads=4,blanks=17,offices=9,tallies=2951,yr=True,pp=102"
Oakham,2021,high,annual_report,https://www.oakham-ma.gov/DocumentCenter/View/302/Fy2021-Annual-Town-Report-PDF,"heads=3,blanks=44,offices=10,tallies=2160,yr=True,pp=121"
Oakham,2022,high,annual_report,https://www.oakham-ma.gov/DocumentCenter/View/303/Fy2022-Annual-Town-Report-PDF,"heads=3,blanks=6,offices=9,tallies=2362,yr=True,pp=124"
Oakham,2023,high,annual_report,https://www.oakham-ma.gov/DocumentCenter/View/304/Fy2023-Annual-Town-Report-PDF,"heads=3,blanks=48,offices=9,tallies=1128,yr=True,pp=160"
Oakham,2024,high,annual_report,https://www.oakham-ma.gov/DocumentCenter/View/305/Fy2024-Annual-Town-Report-PDF,"heads=6,blanks=23,offices=11,tallies=2604,yr=True,pp=158"
Oakham,2025,medium,election_page,https://oakham-ma.gov/208/Town-Clerk,"heads=1,blanks=0,offices=2,tallies=19,pp=0"
Petersham,2021,high,annual_report,https://townofpetersham.gov/wp-content/uploads/2025/12/FY21-Town-report-2020-2021.pdf,"heads=1,blanks=0,offices=9,tallies=198,yr=True,pp=82"
Petersham,2022,high,annual_report,https://townofpetersham.gov/wp-content/uploads/2025/12/FY23-Town-report-2022-2023.pdf,"heads=1,blanks=0,offices=4,tallies=35,yr=True,pp=98"
Petersham,2023,high,annual_report,https://townofpetersham.gov/wp-content/uploads/2025/12/FY23-Town-report-2022-2023.pdf,"heads=1,blanks=0,offices=4,tallies=35,yr=True,pp=98"
Phillipston,2025,high,annual_report,https://phillipston-ma.gov/DocumentCenter/View/965,"heads=1,blanks=0,offices=9,tallies=867,yr=True,pp=110"
Plympton,2022,high,annual_report,https://town.plympton.ma.us/DocumentCenter/View/1151/2022-Annual-Town-Report,"heads=14,blanks=65,offices=10,tallies=1635,yr=True,pp=164"
Plympton,2023,high,annual_report,https://town.plympton.ma.us/DocumentCenter/View/1154/2023-Annual-Town-Report,"heads=13,blanks=12,offices=10,tallies=1232,yr=True,pp=142"
Plympton,2024,high,annual_report,https://town.plympton.ma.us/DocumentCenter/View/1171/2024-Annual-Town-Report,"heads=7,blanks=43,offices=10,tallies=1617,yr=True,pp=136"
Plympton,2025,high,election_page,https://town.plympton.ma.us/242/Historical-Town-Elections,"heads=26,blanks=0,offices=4,tallies=21,pp=0"
Princeton,2021,high,annual_report,https://storage.googleapis.com/proudcity/princetonma/2025/09/2021_princeton_annual_town_report_final.pdf,"heads=8,blanks=8,offices=11,tallies=1965,yr=True,pp=144"
Princeton,2022,high,annual_report,https://storage.googleapis.com/proudcity/princetonma/2025/09/2022_annual_town_report.pdf,"heads=19,blanks=53,offices=10,tallies=2247,yr=True,pp=160"
Raynham,2022,high,townmtg_election,https://www.town.raynham.ma.us/sites/g/files/vyhlif1111/f/pages/annual_town_meeting_warrant_05-16-2022.pdf,"heads=3,blanks=0,offices=7,tallies=440,pp=38"
Richmond,2021,high,election_page,https://richmondma.org/government/town_clerk/government_town_clerk_index.php,"heads=2,blanks=0,offices=7,tallies=12,pp=0"
Richmond,2024,high,election_page,https://richmondma.org/government/town_clerk/government_town_clerk_index.php,"heads=2,blanks=0,offices=7,tallies=12,yr=False,pp=0"
Richmond,2025,high,election_page,https://richmondma.org/government/town_clerk/government_town_clerk_index.php,"heads=2,blanks=0,offices=7,tallies=12,yr=True,pp=0"
Rochester,2022,high,annual_report,https://townofrochestermass.com/DocumentCenter/View/263/2022-Annual-Report,"heads=1,blanks=0,offices=11,tallies=1596,yr=True,pp=134"
Rochester,2023,high,annual_report,https://townofrochestermass.com/DocumentCenter/View/264/2023-Annual-Report,"heads=2,blanks=0,offices=10,tallies=1394,yr=True,pp=110"
Rockport,2021,high,election_page,https://rockportma.gov/266/Town-Clerk,"heads=4,blanks=0,offices=6,tallies=28,pp=0"
Rowley,2021,high,annual_report,https://www.townofrowley.net/sites/g/files/vyhlif4956/f/uploads/2021_town_report_final.pdf,"heads=5,blanks=1,offices=11,tallies=1840,yr=True,pp=128"
Rutland,2021,high,annual_report,https://rutlandma.gov/DocumentCenter/View/859/FY2021-Annual-Town-Report,"heads=12,blanks=45,offices=11,tallies=1355,yr=True,pp=107"
Rutland,2022,high,annual_report,https://rutlandma.gov/DocumentCenter/View/860/FY2022-Annual-Town-Report,"heads=7,blanks=0,offices=10,tallies=1431,yr=True,pp=128"
Savoy,2021,high,election_page,https://townofsavoy.com/town-clerk,"heads=1,blanks=0,offices=6,tallies=13,yr=False,pp=0"
Savoy,2022,high,election_page,https://townofsavoy.com/town-clerk,"heads=1,blanks=0,offices=6,tallies=13,yr=False,pp=0"
Savoy,2023,high,election_page,https://townofsavoy.com/town-clerk,"heads=1,blanks=0,offices=6,tallies=13,pp=0"
Savoy,2024,high,election_page,https://townofsavoy.com/town-clerk,"heads=1,blanks=0,offices=6,tallies=13,pp=0"
Scituate,2023,high,annual_report,https://scituatema.gov/DocumentCenter/View/859/2023-Annual-Town-Report,"heads=1,blanks=0,offices=9,tallies=1769,yr=True,pp=312"
Shutesbury,2021,medium,annual_report,https://www.shutesbury.org/sites/default/files/files-and-images/Annual%20Town%20Reports/AnnualTownReport_FY2021.pdf,"heads=2,blanks=0,offices=8,tallies=0,pp=7"
Shutesbury,2022,medium,annual_report,https://www.shutesbury.org/sites/default/files/files-and-images/Annual%20Town%20Reports/AnnualTownReport_FY2022.pdf,"heads=2,blanks=0,offices=8,tallies=0,pp=7"
Sudbury,2021,high,annual_report,https://cdn.sudbury.ma.us/wp-content/uploads/sites/342/2021/03/Sudbury-2019-Town-Report.pdf?version=7613194b04113666d493d6f30a09a35d,"heads=14,blanks=10,offices=10,tallies=1336,pp=209"
Sutton,2022,high,townmtg_election,https://www.suttonma.gov/DocumentCenter/View/773/2022-Fall-Town-Meeting-Minutes,"heads=3,blanks=0,offices=5,tallies=108,yr=True,pp=11"
Sutton,2024,high,townmtg_election,https://www.suttonma.gov/DocumentCenter/View/775/2024-Spring-Town-Meeting-Minutes,"heads=1,blanks=0,offices=7,tallies=82,pp=7"
Templeton,2022,high,annual_report,https://www.templetonma.gov/DocumentCenter/View/2426/Annual-Report-for-Fiscal-Year-2022-PDF,"heads=5,blanks=16,offices=10,tallies=2481,yr=True,pp=248"
Topsfield,2024,high,townmtg_election,https://www.topsfield-ma.gov/DocumentCenter/View/1585/FY25-Budget-Preparation-Schedule-for-2024-Town-Meeting,"heads=1,blanks=0,offices=4,tallies=71,yr=True,pp=2"
Topsfield,2025,high,annual_report,https://www.topsfield-ma.gov/DocumentCenter/View/8188,"heads=14,blanks=27,offices=10,tallies=1911,yr=True,pp=130"
Tyringham,2022,high,election_page,https://www.tyringham-ma.gov/DocumentCenter/View/1598/Annual-Town-Election-Results-5182026,"heads=1,blanks=8,offices=6,tallies=32,pp=1"
Tyringham,2023,high,election_page,https://www.tyringham-ma.gov/DocumentCenter/View/1598/Annual-Town-Election-Results-5182026,"heads=1,blanks=8,offices=6,tallies=32,pp=1"
Tyringham,2024,high,election_page,https://www.tyringham-ma.gov/DocumentCenter/View/1598/Annual-Town-Election-Results-5182026,"heads=1,blanks=8,offices=6,tallies=32,pp=1"
Tyringham,2025,high,election_page,https://www.tyringham-ma.gov/DocumentCenter/View/1598/Annual-Town-Election-Results-5182026,"heads=1,blanks=8,offices=6,tallies=32,pp=1"
Wakefield,2025,high,annual_report,https://www.wakefieldma.gov/DocumentCenter/View/2642,"heads=11,blanks=10,offices=10,tallies=1472,yr=True,pp=159"
Warren,2022,high,election_page,https://www.warrenct.gov/town-clerk,"heads=5,blanks=0,offices=4,tallies=85,pp=0"
Warwick,2021,high,election_page,https://warwickma.org/town-clerk/2022-11-08-state-election-results/,"heads=5,blanks=18,offices=6,tallies=76,yr=False,pp=0"
Warwick,2022,high,election_page,https://warwickma.org/town-clerk/2022-11-08-state-election-results/,"heads=5,blanks=18,offices=6,tallies=76,yr=True,pp=0"
Warwick,2023,high,election_page,https://warwickma.org/town-clerk/2022-11-08-state-election-results/,"heads=5,blanks=18,offices=6,tallies=76,yr=False,pp=0"
Warwick,2025,high,election_page,https://warwickma.org/town-clerk/2022-11-08-state-election-results/,"heads=5,blanks=18,offices=6,tallies=76,yr=False,pp=0"
Webster,2023,high,annual_report,https://www.webster-ma.gov/DocumentCenter/View/23136/2023-Annual-Town-Report,"heads=4,blanks=7,offices=9,tallies=2774,yr=True,pp=173"
Wendell,2023,high,annual_report,https://storage.googleapis.com/proudcity/wendellma/2025/02/Wendell-2023-Annual-Report-8.5x5.5-final.pdf,"heads=3,blanks=0,offices=10,tallies=663,yr=True,pp=88"
West Bridgewater,2024,high,election_page,https://westbridgewaterma.org/departments/town_clerk/index.php,"heads=1,blanks=2,offices=6,tallies=26,pp=0"
West Bridgewater,2025,high,election_page,https://westbridgewaterma.org/departments/town_clerk/index.php,"heads=1,blanks=2,offices=6,tallies=26,pp=0"
West Brookfield,2021,high,annual_report,https://storage.googleapis.com/juniper-media-library/43/2023/10/2021%20Annual%20Town%20Report.pdf,"heads=2,blanks=11,offices=11,tallies=881,yr=True,pp=101"
West Stockbridge,2021,medium,election_page,https://www.weststockbridge-ma.gov/1328/Town-Clerk,"heads=3,blanks=0,offices=2,tallies=26,pp=0"
West Stockbridge,2024,medium,election_page,https://www.weststockbridge-ma.gov/1328/Town-Clerk,"heads=3,blanks=0,offices=2,tallies=26,pp=0"
Weymouth,2023,high,annual_report,https://weymouth.ma.us/DocumentCenter/View/1871/FY2023-Annual-Town-Report,"heads=4,blanks=2,offices=8,tallies=2161,yr=True,pp=329"
Weymouth,2025,high,annual_report,https://weymouth.ma.us/DocumentCenter/View/13170/FY2025-Annual-Town-Report,"heads=2,blanks=0,offices=8,tallies=1809,yr=True,pp=232"
Whately,2025,high,election_page,https://whately.org/departments/town_clerk/index.php,"heads=3,blanks=0,offices=6,tallies=18,pp=0"
Wilbraham,2021,high,annual_report,https://wilbraham-ma.gov/DocumentCenter/View/4911/Wilbraham-2021-Annual-Town-Report,"heads=5,blanks=0,offices=9,tallies=981,yr=True,pp=69"
Williamsburg,2021,high,annual_report,https://www.burgy.org/sites/g/files/vyhlif1451/f/uploads/2021_annual_town_report_0.pdf,"heads=5,blanks=13,offices=10,tallies=2148,yr=True,pp=133"
Windsor,2021,medium,election_page,https://www.windsormass.com/requests-1/elections,"heads=7,blanks=0,offices=6,tallies=5,pp=0"
Windsor,2022,medium,election_page,https://www.windsormass.com/requests-1/elections,"heads=7,blanks=0,offices=6,tallies=5,pp=0"
Windsor,2023,medium,election_page,https://www.windsormass.com/requests-1/elections,"heads=7,blanks=0,offices=6,tallies=5,pp=0"
Windsor,2024,medium,election_page,https://www.windsormass.com/requests-1/elections,"heads=7,blanks=0,offices=6,tallies=5,pp=0"
Windsor,2025,medium,election_page,https://www.windsormass.com/requests-1/elections,"heads=7,blanks=0,offices=6,tallies=5,pp=0"
Winthrop,2023,medium,election_page,https://winthroptranscript.com/2025/10/30/polls-open-tuesday-for-town-election/,"heads=3,blanks=0,offices=2,tallies=211,pp=0"
Winthrop,2025,medium,election_page,https://winthroptranscript.com/2025/10/30/polls-open-tuesday-for-town-election/,"heads=3,blanks=0,offices=2,tallies=211,pp=0"
