town,town_norm,community_type,governing_body,eohlc_status,adoption_date,extracted_legislative,extracted_planning_board,extracted_source_url
Abington,abington,commuter rail,Select Board,Compliant,2024-07-24,,,
Acton,acton,commuter rail,Select Board,Compliant,2024-09-30,,recommended; art 12,https://acton-ma.gov/warrant
Amesbury,amesbury,MBTA adjacent,City Council,Compliant,2024-09-05,,,
Andover,andover,commuter rail,Select Board,Compliant,2024-09-13,,,
Arlington,arlington,subway or light rail,Select Board,Compliant,2023-11-08,,,
Ashburnham,ashburnham,MBTA adjacent,Select Board,Compliant,2025-07-24,,,
Ashby,ashby,MBTA adjacent,Select Board,Compliant,2025-04-02,,,
Ashland,ashland,commuter rail,Select Board,Compliant,2024-12-02,,,
Attleboro,attleboro,commuter rail,City Council,Compliant,2024-12-19,,,
Auburn,auburn,MBTA adjacent,Select Board,Compliant,2023-08-09,,,
Ayer,ayer,commuter rail,Select Board,Compliant,2024-08-26,,,
Bedford,bedford,bus,Select Board,Compliant,,,,
Bellingham,bellingham,MBTA adjacent,Select Board,Compliant,2024-12-09,,,
Belmont,belmont,bus,Select Board,Compliant,,,,
Berkley,berkley,MBTA adjacent,Select Board,Compliant,2025-10-09,adopted; 2025-11-15; art 4,recommended; 2025-11-12; art 4,https://townofberkleyma.gov/wp-content/uploads/2024/12/STM-Mtg.-Mins-11-15-25-2.pdf
Beverly,beverly,bus,City Council,Compliant,,adopted; 2024-11-12,,https://beverlyma.gov/1105/MBTA-Communities-Multifamily-Zoning
Billerica,billerica,bus,Select Board,Compliant,2024-12-18,,,
Bourne,bourne,MBTA adjacent,Select Board,Compliant,2025-08-19,,,
Boxborough,boxborough,MBTA adjacent,Select Board,Interim/Unknown,,,,
Boxford,boxford,MBTA adjacent,Select Board,Compliant,2025-12-19,,,
Braintree,braintree,subway or light rail,City Council,Compliant,2023-12-14,,,
Bridgewater,bridgewater,commuter rail,City Council,Compliant,2024-04-30,,,
Brockton,brockton,bus,City Council,Compliant,,,,
Brookline,brookline,subway or light rail,Select Board,Compliant,2024-07-02,,,
Burlington,burlington,bus,Select Board,Compliant,2025-02-14,,,
Cambridge,cambridge,subway or light rail,City Council,Compliant,2023-12-26,,,
Canton,canton,bus,Select Board,Compliant,2025-01-22,,,
Carlisle,carlisle,MBTA adjacent,Select Board,Compliant,2025-11-12,,,
Carver,carver,MBTA adjacent,Select Board,Non-Compliant,,,,
Chelmsford,chelmsford,MBTA adjacent,Select Board,Compliant,,,,
Chelsea,chelsea,subway or light rail,City Council,Compliant,2023-12-08,,,
Cohasset,cohasset,commuter rail,Select Board,Compliant,2025-01-17,adopted; 2024-06-03; art 20,,https://www.cohassetma.gov/706/MBTA-Communities-Overlay-District-Inform
Concord,concord,commuter rail,Select Board,Conditional,,,,
Danvers,danvers,bus,Select Board,Compliant,2024-07-19,,,
Dedham,dedham,bus,Select Board,Compliant,2023-12-20,,,
Dover,dover,MBTA adjacent,Select Board,Compliant,2025-05-09,adopted; 2025-09-29; 250-29,,https://doverma.gov/675/MBTA-Communities-Act
Dracut,dracut,MBTA adjacent,Select Board,Non-Compliant,,rejected; 2024-11-01,,https://dracutma.gov/DocumentCenter/View/5564/MBTA-Communities-Act-Frequently-Asked-Questions-2-26-2026-PDF
Duxbury,duxbury,MBTA adjacent,Select Board,Compliant,2025-06-06,,,
East Bridgewater,eastbridgewater,MBTA adjacent,Select Board,Non-Compliant,,,,
Easton,easton,MBTA adjacent,Select Board,Compliant,2024-05-23,,,
Essex,essex,MBTA adjacent,Select Board,Compliant,2025-12-08,,,
Everett,everett,subway or light rail,City Council,Conditional,,,,
Fitchburg,fitchburg,commuter rail,City Council,Compliant,,,,
Foxborough,foxborough,MBTA adjacent,Select Board,Compliant,2024-12-12,,,
Framingham,framingham,commuter rail,City Council,Compliant,,,,
Franklin,franklin,commuter rail,City Council,Interim/Unknown,,,,
Freetown,freetown,MBTA adjacent,Select Board,Non-Compliant,,,,
Georgetown,georgetown,MBTA adjacent,Select Board,Compliant,,,,
Gloucester,gloucester,commuter rail,City Council,Compliant,2024-10-09,adopted; 2024-10-01,recommended; 2024-07-25,https://gloucester-ma.gov/1250/Past-MBTA-Communities-Meetings-Presentat
Grafton,grafton,commuter rail,Select Board,Compliant,2023-10-20,,,
Groton,groton,MBTA adjacent,Select Board,Compliant,2025-05-15,,,
Groveland,groveland,MBTA adjacent,Select Board,Compliant,2025-06-18,,,
Halifax,halifax,commuter rail,Select Board,Non-Compliant,,,,
Hamilton,hamilton,commuter rail,Select Board,Compliant,2025-05-07,,,
Hanover,hanover,MBTA adjacent,Select Board,Compliant,2025-12-17,,,
Hanson,hanson,commuter rail,Select Board,Compliant,,,,
Harvard,harvard,MBTA adjacent,Select Board,Compliant,2024-07-18,adopted; 2024-04-06; 209-60; art 22,,https://www.harvard-ma.gov/DocumentCenter/View/1563/ATM-Minutes---April-6-2024-PDF
Haverhill,haverhill,commuter rail,City Council,Compliant,2023-09-14,,,
Hingham,hingham,bus,Select Board,Compliant,2024-09-26,,recommended; 2024-03-18; art GGG,https://hingham-ma.gov/1013/MBTA-Communities
Holbrook,holbrook,bus,Select Board,Interim/Unknown,,,,
Holden,holden,MBTA adjacent,Select Board,Non-Compliant,,,,
Holliston,holliston,MBTA adjacent,Select Board,Compliant,2024-12-02,adopted; 2024-10-21; art 9,,https://www.townofholliston.us/DocumentCenter/View/9711
Hopkinton,hopkinton,commuter rail,Select Board,Compliant,2026-06-02,,,
Hull,hull,bus,Select Board,Compliant,2024-09-25,,,
Ipswich,ipswich,commuter rail,Select Board,Compliant,2024-08-02,,,
Kingston,kingston,commuter rail,Select Board,Compliant,2024-08-15,adopted; 2024-11-19; 193-167; art 1,,https://kingstonma.gov/DocumentCenter/View/5637
Lakeville,lakeville,commuter rail,Select Board,Compliant,,,,
Lancaster,lancaster,MBTA adjacent,Select Board,Conditional,,,,
Lawrence,lawrence,commuter rail,City Council,Compliant,2024-12-20,,,
Leicester,leicester,MBTA adjacent,Select Board,Compliant,2025-11-05,,,
Leominster,leominster,commuter rail,City Council,Compliant,2024-12-13,,,
Lexington,lexington,bus,Select Board,Compliant,2023-06-06,adopted; 2023-04-12; art 34,,https://lexingtonma.gov/1496/MBTA-Communities-Zoning
Lincoln,lincoln,bus,Select Board,Compliant,2024-01-24,adopted; 2024-03-23,,https://lincolntown.org/DocumentCenter/View/85829/DistrictComplianceApplicationforMBTACommunities_Submission_1216484705
Littleton,littleton,commuter rail,Select Board,Compliant,2024-07-11,,,
Lowell,lowell,commuter rail,City Council,Compliant,2023-07-11,,,
Lunenburg,lunenburg,MBTA adjacent,Select Board,Compliant,2025-12-19,,,
Lynn,lynn,bus,City Council,Compliant,2025-03-05,,,
Lynnfield,lynnfield,MBTA adjacent,Select Board,Compliant,2024-11-18,,,
Malden,malden,subway or light rail,City Council,Compliant,2023-12-12,,,
Manchester,manchester,commuter rail,Select Board,Compliant,,,,
Mansfield,mansfield,commuter rail,Select Board,Compliant,2025-09-04,adopted; 2023-06-15; art 13,recommended; 2024-04-24,https://mansfieldma.com/705/MGL-Chapter-40A-Section-3A-3A-MBTA-Zonin
Marblehead,marblehead,bus,Select Board,Non-Compliant,,,,
Marlborough,marlborough,MBTA adjacent,City Council,Compliant,2024-11-15,,,
Marshfield,marshfield,MBTA adjacent,Select Board,Interim/Unknown,,,,
Maynard,maynard,MBTA adjacent,Select Board,Compliant,2024-09-12,adopted; 2024-05-20; 120-5; art 28,,https://townofmaynard-ma.gov/DocumentCenter/View/3037/Official-Minutes-of-ATM-5-20-2024
Medfield,medfield,MBTA adjacent,Select Board,Compliant,2024-07-11,,,
Medford,medford,subway or light rail,City Council,Compliant,2023-12-19,,,
Medway,medway,MBTA adjacent,Select Board,Compliant,2024-11-12,,,
Melrose,melrose,subway or light rail,City Council,Compliant,2025-08-11,,,
Merrimac,merrimac,MBTA adjacent,Select Board,Compliant,2025-05-19,,,
Methuen,methuen,MBTA adjacent,City Council,Compliant,,,,
Middleborough,middleborough,commuter rail,Select Board,Interim/Unknown,,,,
Middleton,middleton,MBTA adjacent,Select Board,Non-Compliant,,,,
Millbury,millbury,MBTA adjacent,Select Board,Compliant,2025-07-08,unknown; 2024-11-09; art 8,unknown; art 28,https://millburyma.gov/DocumentCenter/View/385/Signed-Warrant
Millis,millis,MBTA adjacent,Select Board,Compliant,2024-06-18,,,
Milton,milton,subway or light rail,Select Board,Compliant,,,,
Nahant,nahant,bus,Select Board,Compliant,2025-11-05,,,
Natick,natick,commuter rail,Select Board,Compliant,,,,
Needham,needham,bus,Select Board,Compliant,2024-08-27,adopted; 2025-01-14,recommended; 2025-01-21,https://needhamma.gov/DocumentCenter/View/47397
Newbury,newbury,commuter rail,Select Board,Compliant,2024-10-04,adopted; 2024-04-30; 234-80; art 14,,https://townofnewbury.org/896/MBTA-Communities-Multi-Family-Zoning-Ove
Newburyport,newburyport,commuter rail,City Council,Compliant,,,,
Newton,newton,subway or light rail,City Council,Compliant,2024-01-29,,,
Norfolk,norfolk,commuter rail,Select Board,Compliant,,,,
North Andover,northandover,commuter rail,Select Board,Compliant,2024-08-20,,,
North Attleborough,northattleborough,MBTA adjacent,City Council,Compliant,2024-12-27,,,
North Reading,northreading,MBTA adjacent,Select Board,Compliant,2025-06-10,adopted; 2025-06-09,,https://northreadingma.gov/377/MBTA-Communities3A-Compliance
Northborough,northborough,MBTA adjacent,Select Board,Compliant,2024-09-27,adopted; 2024-04-22; art 49,,https://www.town.northborough.ma.us/sites/g/files/vyhlif12221/f/uploads/town_meeting_minutes_04.22.2024.pdf
Northbridge,northbridge,MBTA adjacent,Select Board,Compliant,2023-09-11,,,
Norton,norton,MBTA adjacent,Select Board,Compliant,2025-05-22,,,
Norwell,norwell,MBTA adjacent,Select Board,Compliant,,,,
Norwood,norwood,bus,Select Board,Compliant,2023-12-11,,recommended; 2024-01-08,https://www.norwoodma.gov/departments/planning_and_economic_development/mbta_community_initiative.php
Paxton,paxton,MBTA adjacent,Select Board,Compliant,2025-12-08,,,
Peabody,peabody,bus,City Council,Compliant,2024-12-10,,,
Pembroke,pembroke,MBTA adjacent,Select Board,Compliant,2023-05-02,,,
Plymouth,plymouth,commuter rail,Select Board,Compliant,2025-05-29,,,
Plympton,plympton,MBTA adjacent,Select Board,Compliant,2025-05-22,adopted; 2025-05-14; art 19,,https://town.plympton.ma.us/DocumentCenter/View/669/Minutes-for-Annual-Town-Meeting
Princeton,princeton,MBTA adjacent,Select Board,Interim/Unknown,,,,
Quincy,quincy,subway or light rail,City Council,Compliant,2024-01-30,,,
Randolph,randolph,bus,City Council,Compliant,2024-08-27,,,
Raynham,raynham,MBTA adjacent,Select Board,Compliant,2025-05-22,,,
Reading,reading,bus,Select Board,Compliant,2025-01-02,,,
Rehoboth,rehoboth,MBTA adjacent,Select Board,Non-Compliant,,,recommended; art 8,https://www.rehobothma.gov/sites/g/files/vyhlif4911/f/uploads/warrant_10.7.25-final_copy_to_printer.pdf
Revere,revere,subway or light rail,City Council,Compliant,2023-12-15,,,
Rochester,rochester,MBTA adjacent,Select Board,Compliant,,,,
Rockland,rockland,MBTA adjacent,Select Board,Compliant,2024-09-30,,,
Rockport,rockport,commuter rail,Select Board,Compliant,2024-09-20,,,
Rowley,rowley,commuter rail,Select Board,Compliant,2025-07-07,,,
Salem,salem,bus,City Council,Compliant,2023-06-08,,,
Salisbury,salisbury,MBTA adjacent,Select Board,Compliant,2024-10-09,,,
Saugus,saugus,bus,Select Board,Compliant,2025-06-17,,,
Scituate,scituate,commuter rail,Select Board,Compliant,,,,
Seekonk,seekonk,MBTA adjacent,Select Board,Compliant,2025-01-22,adopted; 2024-11-18; 156-59-4a; art 11,,https://www.seekonk-ma.gov/DocumentCenter/View/3102
Sharon,sharon,commuter rail,Select Board,Compliant,2024-07-31,,,
Sherborn,sherborn,MBTA adjacent,Select Board,Compliant,2025-05-29,,,
Shirley,shirley,commuter rail,Select Board,Compliant,2024-08-28,,,
Shrewsbury,shrewsbury,commuter rail,Select Board,Compliant,2025-03-25,adopted; 2024-11-18,,https://shrewsburyma.gov/DocumentCenter/View/17856/Press-Release-EOHLC-Issues-Determination-on--Shrewsburys-Compliance-with-MBTA-Communities-Zoning
Somerville,somerville,subway or light rail,City Council,Compliant,2023-12-12,,,
Southborough,southborough,commuter rail,Select Board,Compliant,2024-09-16,,,
Sterling,sterling,MBTA adjacent,Select Board,Compliant,2025-10-22,adopted; 2025-11-13; art 1,recommended; 2025-11-13; art 1,https://sterling-ma.gov/DocumentCenter/View/8257/2025-November-3-Speical-Town-Meeting-Minutes
Stoneham,stoneham,bus,Select Board,Compliant,2024-07-15,,,
Stoughton,stoughton,commuter rail,Select Board,Compliant,2024-10-24,,,
Stow,stow,MBTA adjacent,Select Board,Compliant,2025-07-31,adopted; 2025-10-27,,https://www.stow-ma.gov/398/MBTA-Communities
Sudbury,sudbury,MBTA adjacent,Select Board,Compliant,2024-07-02,,,
Sutton,sutton,MBTA adjacent,Select Board,Compliant,2025-05-23,,,
Swampscott,swampscott,bus,Select Board,Compliant,2024-06-03,,,
Taunton,taunton,MBTA adjacent,City Council,Compliant,2024-04-26,,,
Tewksbury,tewksbury,MBTA adjacent,Select Board,Non-Compliant,,,,
Topsfield,topsfield,MBTA adjacent,Select Board,Compliant,,,,
Townsend,townsend,MBTA adjacent,Select Board,Compliant,2025-04-08,,,
Tyngsborough,tyngsborough,MBTA adjacent,Select Board,Compliant,2024-06-26,,,
Upton,upton,MBTA adjacent,Select Board,Compliant,2025-05-01,,,
Wakefield,wakefield,bus,Select Board,Compliant,2025-01-08,,,
Walpole,walpole,bus,Select Board,Compliant,2024-08-05,,,
Waltham,waltham,bus,City Council,Compliant,,,,
Wareham,wareham,MBTA adjacent,Select Board,Interim/Unknown,,,,
Watertown,watertown,bus,City Council,Compliant,2024-12-06,,,
Wayland,wayland,MBTA adjacent,Select Board,Compliant,2024-08-26,,recommended; 4-0-1a; art 26,https://www.wayland.ma.us/DocumentCenter/View/6742
Wellesley,wellesley,subway or light rail,Select Board,Compliant,,,,
Wenham,wenham,commuter rail,Select Board,Interim/Unknown,,,,
West Boylston,westboylston,MBTA adjacent,Select Board,Compliant,2024-12-19,,,
West Bridgewater,westbridgewater,MBTA adjacent,Select Board,Interim/Unknown,,,,
West Newbury,westnewbury,MBTA adjacent,Select Board,Compliant,2025-11-07,,,
Westborough,westborough,commuter rail,Select Board,Compliant,2024-09-06,,,
Westford,westford,MBTA adjacent,Select Board,Compliant,2023-12-28,,recommended; 2023-12-18,https://www.westfordma.gov/DocumentCenter/View/14216/MBTA_Communities_Explainer_2_What_done_so_far
Westminster,westminster,commuter rail,Select Board,Compliant,2025-08-25,,,
Weston,weston,subway or light rail,Select Board,Compliant,2025-10-30,adopted; 2024-10-15,,https://www.westonma.gov/1884/3A-MBTA-Multifamily-Zoning
Westwood,westwood,bus,Select Board,Compliant,2024-11-14,,,
Weymouth,weymouth,bus,City Council,Compliant,2024-04-02,,,
Whitman,whitman,commuter rail,Select Board,Compliant,2024-10-17,,,
Wilmington,wilmington,bus,Select Board,Non-Compliant,,,,
Winchester,winchester,bus,Select Board,Compliant,2024-12-05,,,
Winthrop,winthrop,subway or light rail,City Council,Non-Compliant,,rejected; 2024-11-19; 3-4-1a,,https://www.winthropma.gov/DocumentCenter/View/1936/ActionPlanforMBTACommunities2025_Submission_Winthrop-2-12-25
Woburn,woburn,bus,City Council,Interim/Unknown,,,,
Worcester,worcester,commuter rail,City Council,Compliant,2024-08-22,,,
Wrentham,wrentham,MBTA adjacent,Select Board,Compliant,2025-10-03,,,
