town,town_norm,community_type,governing_body,board,doctype,year,verdict,url,npages,topic_pages,textfile,status,chars
Abington,abington,commuter rail,,,,,CONFIRMED,https://www.abingtonma.gov/article/1513682,0,1,C:\Users\Owner\Documents\muni-harvest\scratch\mbtac_text\abington__4089d8112834.txt,OK,2045
Abington,abington,commuter rail,,,notice,,CONFIRMED,https://www.abingtonma.gov/article/1488446,0,1,C:\Users\Owner\Documents\muni-harvest\scratch\mbtac_text\abington__acdd816af491.txt,OK,2045
Acton,acton,commuter rail,,town_meeting,warrant,,CONFIRMED,https://acton-ma.gov/warrant,117,"57,64,65,66,78",C:\Users\Owner\Documents\muni-harvest\scratch\mbtac_text\acton__f955e815870e.txt,OK,26262
Acton,acton,commuter rail,,town_meeting,warrant,,CONFIRMED,https://ma-acton2.civicplus.com/Archive.aspx?AMID=54&Type=Recent,73,58,C:\Users\Owner\Documents\muni-harvest\scratch\mbtac_text\acton__da51afc01c16.txt,OK,8576
Amesbury,amesbury,MBTA adjacent,,zoning,bylaw,,CONFIRMED,https://www.amesburyma.gov/DocumentCenter/View/4938/An-Ordinance-to-amend-the-Amesbury-Zoning-Ordinance-to-create-an-overlay-in-compliance-with-MBTA-Communities-Act,2,"1,2",C:\Users\Owner\Documents\muni-harvest\scratch\mbtac_text\amesbury__841aaf7d70bc.txt,OK,3693
Andover,andover,commuter rail,,,,,CONFIRMED,https://andoverma.gov/DocumentCenter/View/13494/MBTA-Communities-Zone-update-101223---FINAL?bidId=,28,"1,3,4,5,7,11,15",C:\Users\Owner\Documents\muni-harvest\scratch\mbtac_text\andover__6d13e0e69879.txt,OK,6105
Andover,andover,commuter rail,,,,,CONFIRMED,https://andoverma.gov/DocumentCenter/View/13670/MBTA-Communities-Zone-update-110923---FINAL?bidId=,29,"1,2,3,19",C:\Users\Owner\Documents\muni-harvest\scratch\mbtac_text\andover__7aa1c3cef337.txt,OK,4416
Andover,andover,commuter rail,,,,,CONFIRMED,https://andoverma.gov/DocumentCenter/View/13671/MBTA-Communities-Working-Group-92823---FINAL?bidId=,20,"1,3,4,17",C:\Users\Owner\Documents\muni-harvest\scratch\mbtac_text\andover__a1600b1393ac.txt,OK,2461
Andover,andover,commuter rail,,,,,CONFIRMED,https://andoverma.gov/DocumentCenter/View/13692/MBTA-Communities-Zone-update-111623---FINAL?bidId=,36,"1,3,4,31,32",C:\Users\Owner\Documents\muni-harvest\scratch\mbtac_text\andover__a4d625ffe4f2.txt,OK,5018
Andover,andover,commuter rail,,,,,CONFIRMED,https://andoverma.gov/DocumentCenter/View/13951/MBTA-Communities-Working-Group-121123---FINALpptx,38,"1,26,27,28",C:\Users\Owner\Documents\muni-harvest\scratch\mbtac_text\andover__110c7f1b8783.txt,OK,3568
Andover,andover,commuter rail,,,,,CONFIRMED,https://andoverma.gov/DocumentCenter/View/13983/MBTA-Communities-Zone-Working-Group-122123-Final?bidId=,13,"1,4",C:\Users\Owner\Documents\muni-harvest\scratch\mbtac_text\andover__e502818281e7.txt,OK,2037
Andover,andover,commuter rail,,,,,CONFIRMED,https://andoverma.gov/DocumentCenter/View/14043/Andover-MBTA-Communities-Comms-Plan_for-Working-Group_1424?bidId=,19,"1,2,3,4,5,6,7,8,9,10,11,15,17",C:\Users\Owner\Documents\muni-harvest\scratch\mbtac_text\andover__0947207c6e42.txt,OK,7522
Ashburnham,ashburnham,MBTA adjacent,,zoning,,2025,CONFIRMED,https://ashburnham-ma.gov/DocumentCenter/View/2395/June-3-2025-Ashburnham-MBTA--Public-Information-Session-No-2,16,"1,2,4,6,15",C:\Users\Owner\Documents\muni-harvest\scratch\mbtac_text\ashburnham__0949b0d68eb5.txt,OK,4212
Ashby,ashby,MBTA adjacent,,,,,CONFIRMED,https://drive.google.com/uc?export=download&id=1lpymrYkOWAKtyN19Ze-7ZQ2ylP3vB-AE,5,"1,2,3",C:\Users\Owner\Documents\muni-harvest\scratch\mbtac_text\ashby__f2861f2aaf01.txt,OK,11563
Ashland,ashland,commuter rail,,,,,CONFIRMED,https://ashlandmass.com/DocumentCenter/View/12341,7,"1,2,3,5",C:\Users\Owner\Documents\muni-harvest\scratch\mbtac_text\ashland__9ab6c7f372fa.txt,OK,10328
Ashland,ashland,commuter rail,,,,,CONFIRMED,https://ashlandmass.com/DocumentCenter/View/14615,5,"1,2,3,5",C:\Users\Owner\Documents\muni-harvest\scratch\mbtac_text\ashland__4bda7df743a7.txt,OK,7845
Ashland,ashland,commuter rail,,,,,CONFIRMED,https://ashlandmass.com/1092/MBTA-Communities,0,1,C:\Users\Owner\Documents\muni-harvest\scratch\mbtac_text\ashland__87fcd906d21c.txt,OK,14866
Attleboro,attleboro,commuter rail,,planning_board,minutes,2026,CONFIRMED,https://cityofattleboro.us/AgendaCenter/ViewFile/Minutes/_03032026-2997,4,4,C:\Users\Owner\Documents\muni-harvest\scratch\mbtac_text\attleboro__e59f68b7f5ac.txt,OK,6370
Ayer,ayer,commuter rail,,,bylaw,,CONFIRMED,https://www.ayer.ma.us/DocumentCenter/View/110,6,"1,5,6",C:\Users\Owner\Documents\muni-harvest\scratch\mbtac_text\ayer__ab240cdf5e4a.txt,OK,11291
Bedford,bedford,bus,,,,,CONFIRMED,https://bedfordma.gov/DocumentCenter/View/2157,4,"1,2,3",C:\Users\Owner\Documents\muni-harvest\scratch\mbtac_text\bedford__a62b525727ed.txt,OK,7005
Bedford,bedford,bus,,,,,CONFIRMED,https://www.bedfordma.gov/DocumentCenter/View/2157/ActionPlanforMBTACommunities_SubmissionPDF,4,"1,2,3",C:\Users\Owner\Documents\muni-harvest\scratch\mbtac_text\bedford__be5c53be2a4d.txt,OK,7005
Bedford,bedford,bus,,,bylaw,,CONFIRMED,https://bedfordma.gov/DocumentCenter/View/3655/MBTA-Communities-Act-Bylaw-Passage-Support-,2,"1,2",C:\Users\Owner\Documents\muni-harvest\scratch\mbtac_text\bedford__c04bc387e2e5.txt,OK,6159
Bedford,bedford,bus,,zoning,,,CONFIRMED,https://www.bedfordma.gov/DocumentCenter/View/3766/Articles-11-and-12-Multifamily-Zoning,27,"4,5,8,15,16,22,24,25",C:\Users\Owner\Documents\muni-harvest\scratch\mbtac_text\bedford__57500ba2dcb5.txt,OK,8447
Bedford,bedford,bus,,zoning,,,CONFIRMED,https://www.bedfordma.gov/DocumentCenter/View/3766/Articles-11-and-12-Multifamily-Zoning?bidId=,27,"4,5,8,15,16,22,24,25",C:\Users\Owner\Documents\muni-harvest\scratch\mbtac_text\bedford__3e8f4d873ddb.txt,OK,8447
Belmont,belmont,bus,,,,,CONFIRMED,https://belmont-ma.gov/DocumentCenter/View/3144,4,"1,2,3,4",C:\Users\Owner\Documents\muni-harvest\scratch\mbtac_text\belmont__9e69dc831430.txt,OK,7105
Belmont,belmont,bus,,,,,CONFIRMED,https://belmont-ma.gov/DocumentCenter/View/3152,26,"1,2,4,5,6,7,8,9,10,11,12,13,14,15,16,17,25,26",C:\Users\Owner\Documents\muni-harvest\scratch\mbtac_text\belmont__cb1d626e53f4.txt,OK,56576
Belmont,belmont,bus,,city_council,,,CONFIRMED,https://belmont-ma.gov/DocumentCenter/View/3147,27,"1,2,3,4,5,6,8,10,12,14,16,18,20,23,24,26",C:\Users\Owner\Documents\muni-harvest\scratch\mbtac_text\belmont__c4ff6c850f4b.txt,OK,52428
Berkley,berkley,MBTA adjacent,,,bylaw,,CONFIRMED,https://townofberkleyma.gov/public-forum-proposed-bylaw-changes-including-mbta-communities-3a-compliance-tonight-at-605pm/,0,1,C:\Users\Owner\Documents\muni-harvest\scratch\mbtac_text\berkley__d35d7bd320d0.txt,OK,9122
Berkley,berkley,MBTA adjacent,,town_meeting,minutes,2025,CONFIRMED,https://townofberkleyma.gov/wp-content/uploads/2024/12/STM-Mtg.-Mins-11-15-25-2.pdf,13,5,C:\Users\Owner\Documents\muni-harvest\scratch\mbtac_text\berkley__619bd7fb834d.txt,OK,7571
Beverly,beverly,bus,,zoning,,,CONFIRMED,https://beverlyma.gov/1105/MBTA-Communities-Multifamily-Zoning,0,1,C:\Users\Owner\Documents\muni-harvest\scratch\mbtac_text\beverly__253d865fd9ce.txt,OK,28302
Billerica,billerica,bus,,,,,CONFIRMED,http://www.town.billerica.ma.us/DocumentCenter/View/9578/Draft-Compliance-Guidelines-for-MBTA-Communities,11,"1,2,3,4,5,6,7,8,9,10,11",C:\Users\Owner\Documents\muni-harvest\scratch\mbtac_text\billerica__eefe51992e67.txt,OK,30800
Bourne,bourne,MBTA adjacent,,zoning,,,CONFIRMED,https://ma-bourne.civicplus.com/1961/MBTA-Multi-Family-Zoning,0,1,C:\Users\Owner\Documents\muni-harvest\scratch\mbtac_text\bourne__5edc898d0774.txt,OK,9176
Bourne,bourne,MBTA adjacent,,zoning,,,CONFIRMED,https://www.bourne-ma.gov/DocumentCenter/View/900/Proposed-3A-Multi-family-Zoning-Town-Meeting-Article,3,"1,2,3",C:\Users\Owner\Documents\muni-harvest\scratch\mbtac_text\bourne__4735d10b70af.txt,OK,5431
Bourne,bourne,MBTA adjacent,,zoning,,,CONFIRMED,https://www.bourne-ma.gov/1961/MBTA-Multi-Family-Zoning,0,1,C:\Users\Owner\Documents\muni-harvest\scratch\mbtac_text\bourne__6f75f22e9c28.txt,OK,9176
Bourne,bourne,MBTA adjacent,,zoning,,,CONFIRMED,https://www.bourne-ma.gov/2227/MBTA-Multi-Family-Zoning,0,1,C:\Users\Owner\Documents\muni-harvest\scratch\mbtac_text\bourne__9dcfafb7a42e.txt,OK,9141
Boxborough,boxborough,MBTA adjacent,,,,,CONFIRMED,https://boxborough-ma.gov/DocumentCenter/View/2137/Draft-Guidelines-for-MBTA-Communitiespdf,11,"1,2,3,4,5,6,7,8,9,10,11",C:\Users\Owner\Documents\muni-harvest\scratch\mbtac_text\boxborough__edbee5af470e.txt,OK,30800
Boxborough,boxborough,MBTA adjacent,,,,,CONFIRMED,https://boxborough-ma.gov/DocumentCenter/View/2138/MBTACommunitiesFAQ-FINALIteration101-11-22pdf,7,"1,2,3,4,5,6,7",C:\Users\Owner\Documents\muni-harvest\scratch\mbtac_text\boxborough__502b2f228edc.txt,OK,19293
Boxborough,boxborough,MBTA adjacent,,,,,CONFIRMED,https://boxborough-ma.gov/DocumentCenter/View/2147/DHCD-Guidelines-for-MBTA-Communities-Boxborough-Presentation-Press-Releasepdf,1,1,C:\Users\Owner\Documents\muni-harvest\scratch\mbtac_text\boxborough__707614a874cc.txt,OK,2120
Boxborough,boxborough,MBTA adjacent,,,,,CONFIRMED,https://boxborough-ma.gov/DocumentCenter/View/2148/MBTA-Communities-Draft-Multifamily-Guidelines_Boxborough-Presentationpdf,16,"1,3,8,9,11,14,15",C:\Users\Owner\Documents\muni-harvest\scratch\mbtac_text\boxborough__cd7dcdc4eb55.txt,OK,7568
Boxborough,boxborough,MBTA adjacent,,,,2022,CONFIRMED,https://boxborough-ma.gov/DocumentCenter/View/2139/MBTA-Communities_Summary-Deck-Feb-2022pdf,21,"1,6,8,9,10,11,13,14,17,18,19,20,21",C:\Users\Owner\Documents\muni-harvest\scratch\mbtac_text\boxborough__fc265136384d.txt,OK,14618
Boxborough,boxborough,MBTA adjacent,,zoning,,,CONFIRMED,https://boxborough-ma.gov/DocumentCenter/View/2140/MBTA-Community-Multi-Family-Zoning-Finalpdf,39,"1,2,3,4,5,6,7,8,10,11,12,13,14,16,17,18,19,20,21,22",C:\Users\Owner\Documents\muni-harvest\scratch\mbtac_text\boxborough__862e1dbc1498.txt,OK,23169
Boxford,boxford,MBTA adjacent,,,,,CONFIRMED,https://boxfordlibrary.org/DocumentCenter/View/1180,25,"1,3,4,7,8,12",C:\Users\Owner\Documents\muni-harvest\scratch\mbtac_text\boxford__6bc38cea6215.txt,OK,5477
Boxford,boxford,MBTA adjacent,,,,,CONFIRMED,https://ma-boxford.civicplus.com/542/MBTA-Communities-Law,0,1,C:\Users\Owner\Documents\muni-harvest\scratch\mbtac_text\boxford__b7ed69be57cd.txt,OK,19305
Boxford,boxford,MBTA adjacent,,,,,CONFIRMED,https://www.boxfordma.gov/DocumentCenter/View/1180,25,"1,3,4,7,8,12",C:\Users\Owner\Documents\muni-harvest\scratch\mbtac_text\boxford__7370ecbc2942.txt,OK,5477
Boxford,boxford,MBTA adjacent,,,,,CONFIRMED,https://www.boxfordma.gov/DocumentCenter/View/2636/11-MBTA-Communities-Update,10,"1,2,3,4,9",C:\Users\Owner\Documents\muni-harvest\scratch\mbtac_text\boxford__ba6d1da6f7dc.txt,OK,4090
Braintree,braintree,subway or light rail,,zoning,,2023,CONFIRMED,https://www.braintreema.gov/DocumentCenter/View/12356,19,"1,2,3,4,5,6,7,8,9,10,11,12,13,14,15,16,17,18,19",C:\Users\Owner\Documents\muni-harvest\scratch\mbtac_text\braintree__8a4d4c831c67.txt,OK,35593
Braintree,braintree,subway or light rail,,zoning,,2023,CONFIRMED,https://www.braintreema.gov/DocumentCenter/View/12527,19,"1,2,3,4,5,6,7,8,9,10,11,12,13,14,15,16,17,18,19",C:\Users\Owner\Documents\muni-harvest\scratch\mbtac_text\braintree__c259501d7952.txt,OK,37579
Braintree,braintree,subway or light rail,,zoning,,2023,CONFIRMED,https://www.braintreema.gov/DocumentCenter/View/12528,23,"1,2,3,4,5,6,7,8,9,10,11,12,13,14,15,16,17,18,19,20",C:\Users\Owner\Documents\muni-harvest\scratch\mbtac_text\braintree__41c85c695d21.txt,OK,38839
Brockton,brockton,bus,,,,,CONFIRMED,https://drive.google.com/uc?export=download&id=1FFuiQu8dBq5egdRMSExgIm91CxAj6rzz,193,"1,25",C:\Users\Owner\Documents\muni-harvest\scratch\mbtac_text\brockton__ccef26bb9c2b.txt,OK,9570
Brockton,brockton,bus,,,,,CONFIRMED,https://drive.google.com/uc?export=download&id=1wJYz12F8N_oqSWaLDUaDjDB-x_9Yvll9,4,"1,3",C:\Users\Owner\Documents\muni-harvest\scratch\mbtac_text\brockton__09807f379fad.txt,OK,11104
Brookline,brookline,subway or light rail,,,,,CONFIRMED,https://www.brooklinema.gov/DocumentCenter/View/32142/MBTACommunitiesInformationForm_Submission_959867238,4,"1,2,3",C:\Users\Owner\Documents\muni-harvest\scratch\mbtac_text\brookline__35f78188ef11.txt,OK,6075
Brookline,brookline,subway or light rail,,,,,CONFIRMED,https://www.brooklinema.gov/DocumentCenter/View/32142/MBTACommunitiesInformationForm_Submission_959867238?bidId=,4,"1,2,3",C:\Users\Owner\Documents\muni-harvest\scratch\mbtac_text\brookline__9cb07b739f95.txt,OK,6075
Brookline,brookline,subway or light rail,,,,,CONFIRMED,https://www.brooklinema.gov/DocumentCenter/View/38300/DRAFT-EDAB-Memo---MBTA-Communities---1623-clean,3,"1,2",C:\Users\Owner\Documents\muni-harvest\scratch\mbtac_text\brookline__6be8dd76dbfb.txt,OK,7048
Brookline,brookline,subway or light rail,,,,,CONFIRMED,https://www.brooklinema.gov/DocumentCenter/View/39393/ActionPlanforMBTACommunities_Submission_1058173804,5,"1,2,3",C:\Users\Owner\Documents\muni-harvest\scratch\mbtac_text\brookline__0ea618072928.txt,OK,7042
Brookline,brookline,subway or light rail,,,,,CONFIRMED,https://www.brooklinema.gov/DocumentCenter/View/40149/20230303-MBTA-Communities-Act-Noncompliance-FINAL,27,"1,2,3,4,5,6,8,10,12,14,16,18,20,23,24,26",C:\Users\Owner\Documents\muni-harvest\scratch\mbtac_text\brookline__fb749e03ecfe.txt,OK,52428
Brookline,brookline,subway or light rail,,,,,CONFIRMED,https://www.brooklinema.gov/DocumentCenter/View/41384/ARTICLE-24---Reso-MBTA-Communites,23,"1,2,3,5,8,11,13,14,16,17,18",C:\Users\Owner\Documents\muni-harvest\scratch\mbtac_text\brookline__a9a443353375.txt,OK,47721
Burlington,burlington,bus,,,,,CONFIRMED,https://www.burlington.org/DocumentCenter/View/13669,11,"1,2,3,5,6,11",C:\Users\Owner\Documents\muni-harvest\scratch\mbtac_text\burlington__2f111baf440c.txt,OK,18297
Burlington,burlington,bus,,,,,CONFIRMED,https://www.burlington.org/DocumentCenter/View/13681,11,"1,2,3,5,6,11",C:\Users\Owner\Documents\muni-harvest\scratch\mbtac_text\burlington__7392970f86b9.txt,OK,19094
Burlington,burlington,bus,,,,,CONFIRMED,https://www.burlington.org/DocumentCenter/View/13682,11,"1,2,3,5,6,11",C:\Users\Owner\Documents\muni-harvest\scratch\mbtac_text\burlington__cf1aa5771ea8.txt,OK,19094
Cambridge,cambridge,subway or light rail,,,,,CONFIRMED,https://www.cambridgema.gov/-/media/Files/CDD/ZoningDevel/OtherProjects/mbtacommunities/mbtacomm_cambridge_ActionPlan_20230131.pdf,9,"1,2,6,7,9",C:\Users\Owner\Documents\muni-harvest\scratch\mbtac_text\cambridge__7c37a9f14c97.txt,OK,12413
Cambridge,cambridge,subway or light rail,,,,2024,CONFIRMED,https://www.cambridgema.gov/-/media/Files/CDD/ZoningDevel/Amendments/2024/multifamilyhousing/multifamily_zoning_faq_20241127.pdf,25,"2,10,14,19,20,22,24",C:\Users\Owner\Documents\muni-harvest\scratch\mbtac_text\cambridge__e5e629bef43c.txt,OK,47518
Canton,canton,bus,,,,2023,CONFIRMED,https://town.canton.ma.us/DocumentCenter/View/10964/REVISION-to-Section-3A-Compliance-Guidelines-August-17-2023,18,"1,2,3,4,5,6,7,8,9,10,11,12,13,14,15,16,17,18",C:\Users\Owner\Documents\muni-harvest\scratch\mbtac_text\canton__6f21f3458358.txt,OK,54725
Canton,canton,bus,,town_meeting,warrant,,CONFIRMED,https://www.town.canton.ma.us/DocumentCenter/View/13177/PUBLIC-INFO-SESSION---Specialized-Code-Slide-Deck,52,29,C:\Users\Owner\Documents\muni-harvest\scratch\mbtac_text\canton__303b7d8bbb9f.txt,OK,2013
Carlisle,carlisle,MBTA adjacent,,town_meeting,warrant,,CONFIRMED,https://www.carlislema.gov/DocumentCenter/View/7281,1,1,C:\Users\Owner\Documents\muni-harvest\scratch\mbtac_text\carlisle__ca87fdc5e7bf.txt,OK,3762
Carlisle,carlisle,MBTA adjacent,,,,,CONFIRMED,https://www.carlislema.gov/DocumentCenter/View/5509,3,"1,2,3",C:\Users\Owner\Documents\muni-harvest\scratch\mbtac_text\carlisle__8d1d547de0f9.txt,OK,8629
Chelmsford,chelmsford,MBTA adjacent,,,,,CONFIRMED,https://www.chelmsfordma.gov/DocumentCenter/View/14653,6,"1,4,5,6",C:\Users\Owner\Documents\muni-harvest\scratch\mbtac_text\chelmsford__ac8199985e64.txt,OK,14739
Chelmsford,chelmsford,MBTA adjacent,,,,,CONFIRMED,https://www.chelmsfordma.gov/DocumentCenter/View/14654,26,"1,2,4,5,6,7,8,9,10,11,12,13,14,15,16,17,25,26",C:\Users\Owner\Documents\muni-harvest\scratch\mbtac_text\chelmsford__b9cfe1c86e9a.txt,OK,56576
Cohasset,cohasset,commuter rail,,,,,CONFIRMED,https://cohassetma.org/DocumentCenter/View/5153/MBTA-Community-Multi-Family-Housing-Presentation-LLind-to-SB-32222-Final,17,"1,2,3,4,7,9,10,11,14",C:\Users\Owner\Documents\muni-harvest\scratch\mbtac_text\cohasset__a0df84a3b0bb.txt,OK,8269
Cohasset,cohasset,commuter rail,,,,,CONFIRMED,https://www.cohassetma.gov/DocumentCenter/View/11471/4c-Z3-3A-Multi-Family-Overlay-District-pdf,3,"1,2,3",C:\Users\Owner\Documents\muni-harvest\scratch\mbtac_text\cohasset__4a4b301d850a.txt,OK,5501
Cohasset,cohasset,commuter rail,,,,,CONFIRMED,https://www.cohassetma.gov/DocumentCenter/View/11669/MBTA-Communities-Overlay-District-Article-ZBC-5,3,"1,2,3",C:\Users\Owner\Documents\muni-harvest\scratch\mbtac_text\cohasset__c9447047a3e1.txt,OK,5650
Cohasset,cohasset,commuter rail,,,,,CONFIRMED,https://www.cohassetma.gov/DocumentCenter/View/5153/MBTA-Community-Multi-Family-Housing-Presentation-LLind-to-SB-32222-Final,17,"1,2,3,4,7,9,10,11,14",C:\Users\Owner\Documents\muni-harvest\scratch\mbtac_text\cohasset__bd7e61e56747.txt,OK,8269
Cohasset,cohasset,commuter rail,,,,,CONFIRMED,https://www.cohassetma.org/DocumentCenter/View/11447,3,"1,2,3",C:\Users\Owner\Documents\muni-harvest\scratch\mbtac_text\cohasset__dafdcc8a7209.txt,OK,5501
Cohasset,cohasset,commuter rail,,,,,CONFIRMED,https://www.cohassetma.org/DocumentCenter/View/11471,3,"1,2,3",C:\Users\Owner\Documents\muni-harvest\scratch\mbtac_text\cohasset__9f37c5cede7c.txt,OK,5501
Cohasset,cohasset,commuter rail,,,,,CONFIRMED,https://www.cohassetma.org/DocumentCenter/View/7942,10,"1,3,5,6",C:\Users\Owner\Documents\muni-harvest\scratch\mbtac_text\cohasset__36a2a7971611.txt,OK,7737
Cohasset,cohasset,commuter rail,,,,,CONFIRMED,https://www.cohassetma.gov/706/MBTA-Communities-Overlay-District-Inform,0,1,C:\Users\Owner\Documents\muni-harvest\scratch\mbtac_text\cohasset__e0e0a7058f42.txt,OK,13753
Concord,concord,commuter rail,,,,,CONFIRMED,https://concordma.gov/DocumentCenter/View/43264/MBTA-Communities-Timeline-,1,1,C:\Users\Owner\Documents\muni-harvest\scratch\mbtac_text\concord__e93bfef63fca.txt,OK,1554
Danvers,danvers,bus,,town_meeting,warrant,,CONFIRMED,https://www.danversma.gov/DocumentCenter/View/2268,7,4,C:\Users\Owner\Documents\muni-harvest\scratch\mbtac_text\danvers__a0db64a6ce61.txt,OK,9135
Danvers,danvers,bus,,town_meeting,warrant,,CONFIRMED,https://www.danversma.gov/799/Town-Meeting-Warrants,0,1,C:\Users\Owner\Documents\muni-harvest\scratch\mbtac_text\danvers__46a2fc80fa29.txt,OK,11086
Dover,dover,MBTA adjacent,,,,,CONFIRMED,https://doverma.gov/DocumentCenter/View/4231,4,"1,2,3",C:\Users\Owner\Documents\muni-harvest\scratch\mbtac_text\dover__7ccfaacbda02.txt,OK,5867
Dover,dover,MBTA adjacent,,,,,CONFIRMED,https://doverma.gov/DocumentCenter/View/4294,8,"1,2,3,4,5,6,7,8",C:\Users\Owner\Documents\muni-harvest\scratch\mbtac_text\dover__442dc1cb862c.txt,OK,14808
Dover,dover,MBTA adjacent,,,,,CONFIRMED,https://doverma.gov/675/MBTA-Communities-Act,0,1,C:\Users\Owner\Documents\muni-harvest\scratch\mbtac_text\dover__e81c8edca1b7.txt,OK,25220
Dracut,dracut,MBTA adjacent,,,,,CONFIRMED,https://www.dracutma.gov/DocumentCenter/View/3231/MBTA-Communities-Survey-Results-PDF,12,"1,2,3,6,7",C:\Users\Owner\Documents\muni-harvest\scratch\mbtac_text\dracut__bca9e8d288d2.txt,OK,9777
Dracut,dracut,MBTA adjacent,,,,2026,CONFIRMED,https://dracutma.gov/DocumentCenter/View/5564/MBTA-Communities-Act-Frequently-Asked-Questions-2-26-2026-PDF,4,"1,2",C:\Users\Owner\Documents\muni-harvest\scratch\mbtac_text\dracut__c85c03dd6aad.txt,OK,4752
Dracut,dracut,MBTA adjacent,,,,2026,CONFIRMED,https://dracutma.gov/DocumentCenter/View/5565/MBTA-Communities-Act-Community-Input-Session-Slides-2-26-2026-PDF,24,"1,3,5,11",C:\Users\Owner\Documents\muni-harvest\scratch\mbtac_text\dracut__59254a59b734.txt,OK,2172
Dracut,dracut,MBTA adjacent,,zoning,,,CONFIRMED,https://dracutma.gov/836/MBTA-Communities-Zoning,0,1,C:\Users\Owner\Documents\muni-harvest\scratch\mbtac_text\dracut__9b1ec5ba4b52.txt,OK,9976
Duxbury,duxbury,MBTA adjacent,,,,,CONFIRMED,https://www.town.duxbury.ma.us/sites/g/files/vyhlif10506/f/uploads/actionplanformbtacommunities_submission_1061750257_0.pdf,8,"1,2,5,6",C:\Users\Owner\Documents\muni-harvest\scratch\mbtac_text\duxbury__699b777da839.txt,OK,12359
Duxbury,duxbury,MBTA adjacent,,,,,CONFIRMED,https://www.town.duxbury.ma.us/sites/g/files/vyhlif10506/f/uploads/draft_guidelines_for_mbta_communities_1.pdf,11,"1,2,3,4,5,6,7,8,9,10,11",C:\Users\Owner\Documents\muni-harvest\scratch\mbtac_text\duxbury__6339291af82a.txt,OK,30800
Duxbury,duxbury,MBTA adjacent,,,,,CONFIRMED,https://www.town.duxbury.ma.us/sites/g/files/vyhlif10506/f/uploads/duxbury_mbtacommunities_faq_0.pdf,8,"1,2,3,4,5,6,7,8",C:\Users\Owner\Documents\muni-harvest\scratch\mbtac_text\duxbury__34af0456a555.txt,OK,20150
Duxbury,duxbury,MBTA adjacent,,,,2023,CONFIRMED,https://www.town.duxbury.ma.us/sites/g/files/vyhlif10506/f/uploads/revision_to_section_3a_compliance_guidelines_august_17_2023_clean_with_appendix.pdf,26,"1,2,3,4,5,6,7,8,9,10,11,12,13,14,15,16,17,18,19,26",C:\Users\Owner\Documents\muni-harvest\scratch\mbtac_text\duxbury__51a32700c574.txt,OK,61654
Duxbury,duxbury,MBTA adjacent,,,,2024,CONFIRMED,https://www.town.duxbury.ma.us/sites/g/files/vyhlif10506/f/pages/mbta_communities_chronology_06-13-2024.pdf,4,"1,2,4",C:\Users\Owner\Documents\muni-harvest\scratch\mbtac_text\duxbury__83ec24062104.txt,OK,7282
East Bridgewater,eastbridgewater,MBTA adjacent,,town_meeting,warrant,,CONFIRMED,https://eastbridgewaterma.gov/DocumentCenter/View/5088,56,"20,21,22",C:\Users\Owner\Documents\muni-harvest\scratch\mbtac_text\eastbridgewater__b8b82e0840eb.txt,OK,10464
East Bridgewater,eastbridgewater,MBTA adjacent,,town_meeting,warrant,2026,CONFIRMED,https://eastbridgewaterma.gov/DocumentCenter/View/5064/Town-Meeting---May-16-2026---Warrant,56,"20,21,22",C:\Users\Owner\Documents\muni-harvest\scratch\mbtac_text\eastbridgewater__3221d9c1e6be.txt,OK,10464
Fitchburg,fitchburg,commuter rail,,city_council,,,PROBABLE,https://www.fitchburgma.gov/DocumentCenter/View/9707/MBTA-Communities-Council-Presentation,25,"1,8,9,10,12,17,24,25",C:\Users\Owner\Documents\muni-harvest\scratch\mbtac_text\fitchburg__4d1490052f57.txt,OK,5885
Framingham,framingham,commuter rail,,,,,CONFIRMED,https://framinghamma.gov/DocumentCenter/View/52911,2,"1,2",C:\Users\Owner\Documents\muni-harvest\scratch\mbtac_text\framingham__169d16b2890e.txt,OK,3700
Freetown,freetown,MBTA adjacent,,,,,CONFIRMED,https://freetownma.gov/DocumentCenter/View/1452,6,"1,3,4,5",C:\Users\Owner\Documents\muni-harvest\scratch\mbtac_text\freetown__93e878877065.txt,OK,9231
Gloucester,gloucester,commuter rail,,,,,CONFIRMED,https://gloucester-ma.gov/1250/Past-MBTA-Communities-Meetings-Presentat,0,1,C:\Users\Owner\Documents\muni-harvest\scratch\mbtac_text\gloucester__0cd04e3b3b4d.txt,OK,16493
Gloucester,gloucester,commuter rail,,,,,CONFIRMED,https://www.gloucester-ma.gov/1250/State-40A-3A-MBTA-Communities-Informatio,0,1,C:\Users\Owner\Documents\muni-harvest\scratch\mbtac_text\gloucester__cfb0f9cc8dbf.txt,OK,16493
Gloucester,gloucester,commuter rail,,,,2024,CONFIRMED,https://www.gloucester-ma.gov/DocumentCenter/View/10097/2024-02-20_Gloucester-MBTA-Communities-Presentation,40,"1,2,3,4,5,6,7,8,9,10,11,12,13,14,15,16,17,18,19,20",C:\Users\Owner\Documents\muni-harvest\scratch\mbtac_text\gloucester__e54a7a37c33d.txt,OK,11017
Gloucester,gloucester,commuter rail,,planning_board,,2024,CONFIRMED,https://www.gloucester-ma.gov/DocumentCenter/View/10499/PB-Initiation-of-40A-3A-MBTA-Communities-Compliant-Zoning-8-9-2024,9,"1,2,3,4,5,6,7,8",C:\Users\Owner\Documents\muni-harvest\scratch\mbtac_text\gloucester__fc05c9666273.txt,OK,17494
Grafton,grafton,commuter rail,,,,,CONFIRMED,https://grafton-ma.gov/DocumentCenter/View/9297/Grafton-Action-Plan-for-MBTA-Communities-Submission,7,"1,2,3,4,5",C:\Users\Owner\Documents\muni-harvest\scratch\mbtac_text\grafton__54de8bf67c0a.txt,OK,11862
Halifax,halifax,commuter rail,,zoning,,,CONFIRMED,https://www.halifax-ma.org/DocumentCenter/View/1630/Frequently-Asked-Questions-FAQs-MBTA-Communities-Zoning-Requirement-PDF,2,"1,2",C:\Users\Owner\Documents\muni-harvest\scratch\mbtac_text\halifax__42fb531741aa.txt,OK,6078
Halifax,halifax,commuter rail,,zoning,,,CONFIRMED,https://www.halifaxma.gov/DocumentCenter/View/1630/Frequently-Asked-Questions-FAQs-MBTA-Communities-Zoning-Requirement-PDF,2,"1,2",C:\Users\Owner\Documents\muni-harvest\scratch\mbtac_text\halifax__65413640b7ab.txt,OK,6078
Hanson,hanson,commuter rail,,,,,CONFIRMED,https://www.hanson-ma.gov/sites/g/files/vyhlif3231/f/uploads/draft_guidelines_for_mbta_communities.pdf,11,"1,2,3,4,5,6,7,8,9,10,11",C:\Users\Owner\Documents\muni-harvest\scratch\mbtac_text\hanson__e7fad02f1588.txt,OK,30800
Harvard,harvard,MBTA adjacent,,town_meeting,minutes,,CONFIRMED,https://www.harvard-ma.gov/DocumentCenter/View/1163,26,19,C:\Users\Owner\Documents\muni-harvest\scratch\mbtac_text\harvard__8f2ef222a0a6.txt,OK,8653
Harvard,harvard,MBTA adjacent,,town_meeting,minutes,2023,CONFIRMED,https://www.harvard-ma.gov/DocumentCenter/View/1562/ATM-Minutes---October-21-2023-PDF,26,19,C:\Users\Owner\Documents\muni-harvest\scratch\mbtac_text\harvard__e0ef03cc173b.txt,OK,8653
Harvard,harvard,MBTA adjacent,,town_meeting,minutes,2024,CONFIRMED,https://www.harvard-ma.gov/DocumentCenter/View/1563/ATM-Minutes---April-6-2024-PDF,30,"19,20,21,28",C:\Users\Owner\Documents\muni-harvest\scratch\mbtac_text\harvard__7360d9d0d0f8.txt,OK,20150
Hingham,hingham,bus,,,,,CONFIRMED,https://www.hingham-ma.gov/DocumentCenter/View/19965,13,"1,2,10,11,13",C:\Users\Owner\Documents\muni-harvest\scratch\mbtac_text\hingham__35475f799570.txt,OK,9198
Hingham,hingham,bus,,,,,CONFIRMED,https://hingham-ma.gov/1013/MBTA-Communities,0,1,C:\Users\Owner\Documents\muni-harvest\scratch\mbtac_text\hingham__97b106607632.txt,OK,10288
Hingham,hingham,bus,,,,2022,CONFIRMED,https://hingham-ma.gov/DocumentCenter/View/16747/SB-MBTA-Communities-Briefing-4-26-22?bidId=,12,"1,2,3,4,5,6,7,8,9,10,11,12",C:\Users\Owner\Documents\muni-harvest\scratch\mbtac_text\hingham__261b2a1bbfbf.txt,OK,4761
Holden,holden,MBTA adjacent,,planning_board,minutes,2022,CONFIRMED,https://holdenma.gov/DocumentCenter/View/6107,2,2,C:\Users\Owner\Documents\muni-harvest\scratch\mbtac_text\holden__618df67ec029.txt,OK,4158
Holliston,holliston,MBTA adjacent,,town_meeting,,,CONFIRMED,https://www.townofholliston.us/DocumentCenter/View/4229/MBTA-3A-Multi-Family-Overlay-Town-Meeting-Draft-Article-PDF,7,"1,2",C:\Users\Owner\Documents\muni-harvest\scratch\mbtac_text\holliston__42149b2491ae.txt,OK,6049
Holliston,holliston,MBTA adjacent,,zoning,,,CONFIRMED,https://www.townofholliston.us/392/MBTA-3A-Zoning-Maps,0,1,C:\Users\Owner\Documents\muni-harvest\scratch\mbtac_text\holliston__11f071c4a338.txt,OK,6697
Holliston,holliston,MBTA adjacent,,zoning,,,CONFIRMED,https://www.townofholliston.us/537/Article-9-MBTA-3A-Zoning-Overlay-Distric,0,1,C:\Users\Owner\Documents\muni-harvest\scratch\mbtac_text\holliston__4858de3ba98c.txt,OK,23327
Holliston,holliston,MBTA adjacent,,zoning,bylaw,,CONFIRMED,https://www.townofholliston.us/538/Article-10-MBTA-3A-Zoning-by-Law-Consist,0,1,C:\Users\Owner\Documents\muni-harvest\scratch\mbtac_text\holliston__e016fe5e33f8.txt,OK,13319
Holliston,holliston,MBTA adjacent,,town_meeting,minutes,2024,CONFIRMED,https://www.townofholliston.us/DocumentCenter/View/9711,20,"1,6,7,8,9",C:\Users\Owner\Documents\muni-harvest\scratch\mbtac_text\holliston__156513cf3d71.txt,OK,16685
Hopkinton,hopkinton,commuter rail,,planning_board,,2024,CONFIRMED,https://ehop.org/wp/wp-content/uploads/2024/10/MBTA-Communities-Presentation-PB-10-07-24.pdf,21,"1,2,3,4,6",C:\Users\Owner\Documents\muni-harvest\scratch\mbtac_text\hopkinton__e88f7b54add8.txt,OK,3222
Hopkinton,hopkinton,commuter rail,,planning_board,bylaw,2024,CONFIRMED,https://ehop.org/wp/wp-content/uploads/2024/04/ARTICLE-39_MBTA-Communities-Zoning-Bylaw_Sponsor-Planning-Board_2024-1.pdf,12,"1,2,3,4,10",C:\Users\Owner\Documents\muni-harvest\scratch\mbtac_text\hopkinton__2a955ed9f3c3.txt,OK,19563
Hopkinton,hopkinton,commuter rail,,town_meeting,warrant,2024,CONFIRMED,https://ehop.org/wp/wp-content/uploads/2024/04/2024-05-06-ATM-Warrant-Motions-Document-FINAL.pdf,55,"35,36,37,44,46",C:\Users\Owner\Documents\muni-harvest\scratch\mbtac_text\hopkinton__70040830d249.txt,OK,24610
Hull,hull,bus,,,,,CONFIRMED,https://www.town.hull.ma.us/DocumentCenter/View/345/Hull-Action-Plan-For-MBTA-Communities-PDF,4,"1,2,3",C:\Users\Owner\Documents\muni-harvest\scratch\mbtac_text\hull__7241fb31fcc9.txt,OK,7365
Hull,hull,bus,,,,,CONFIRMED,https://www.town.hull.ma.us/DocumentCenter/View/347/Section-3A-Compliance-Guidelines-PDF,26,"1,2,3,4,5,6,7,8,9,10,11,12,13,14,15,16,17,18,19,26",C:\Users\Owner\Documents\muni-harvest\scratch\mbtac_text\hull__6d9c17e8791c.txt,OK,61654
Hull,hull,bus,,,,,CONFIRMED,https://www.town.hull.ma.us/625/MBTA-Communities-MGL40A3A,0,1,C:\Users\Owner\Documents\muni-harvest\scratch\mbtac_text\hull__d70d90089aa4.txt,OK,7712
Hull,hull,bus,,town_meeting,minutes,,CONFIRMED,https://www.town.hull.ma.us/DocumentCenter/View/1166/Most-Recent-Town-Meeting-Minutes-PDF,28,16,C:\Users\Owner\Documents\muni-harvest\scratch\mbtac_text\hull__5b24f281ab91.txt,OK,8135
Hull,hull,bus,,town_meeting,minutes,2025,CONFIRMED,https://www.town.hull.ma.us/DocumentCenter/View/1202/2025-Annual-Town-Meeting-Minutes-PDF,28,16,C:\Users\Owner\Documents\muni-harvest\scratch\mbtac_text\hull__7983b44a21d5.txt,OK,8135
Hull,hull,bus,,town_meeting,warrant,,CONFIRMED,https://www.town.hull.ma.us/DocumentCenter/View/1167/Town-Meeting-Warrant-Facsimile-PDF,44,"23,35",C:\Users\Owner\Documents\muni-harvest\scratch\mbtac_text\hull__c9a57a7a4845.txt,OK,20037
Ipswich,ipswich,commuter rail,,,,,CONFIRMED,https://ipswichma.gov/978/Section-3A,0,1,C:\Users\Owner\Documents\muni-harvest\scratch\mbtac_text\ipswich__79a58d8bbef2.txt,OK,26019
Ipswich,ipswich,commuter rail,,zoning,bylaw,2025,CONFIRMED,https://ipswichma.gov/DocumentCenter/View/17525/Town-of-Ipswich-3A-MBTA-MOD-Zoning-Bylaw-Article-2-5-2025---REVISED-with-Affordable-Housing-Percentages-as-per-Econ-Feasibility-Study-pdf,7,"1,2,3,5",C:\Users\Owner\Documents\muni-harvest\scratch\mbtac_text\ipswich__eb67a15d369b.txt,OK,12365
Kingston,kingston,commuter rail,,,,2024,CONFIRMED,https://kingstonma.gov/DocumentCenter/View/5170/Town-of-Kingston--MBTA-Communities-Sept-5-2024,21,"2,3,7,8,9",C:\Users\Owner\Documents\muni-harvest\scratch\mbtac_text\kingston__fd4c40eb9fe9.txt,OK,1987
Kingston,kingston,commuter rail,,town_meeting,minutes,2024,CONFIRMED,https://kingstonma.gov/DocumentCenter/View/5637,24,"3,4,5,13",C:\Users\Owner\Documents\muni-harvest\scratch\mbtac_text\kingston__4e22ff67a48a.txt,OK,20881
Lakeville,lakeville,commuter rail,,,,,CONFIRMED,https://ma-lakeville.civicplus.com/DocumentCenter/View/438,9,"1,2,3,4,5,6,7,8,9",C:\Users\Owner\Documents\muni-harvest\scratch\mbtac_text\lakeville__1e6f62ce8472.txt,OK,24809
Lakeville,lakeville,commuter rail,,,,,CONFIRMED,https://ma-lakeville.civicplus.com/DocumentCenter/View/439,26,"1,2,4,5,6,7,8,9,10,11,12,13,14,15,16,17,25,26",C:\Users\Owner\Documents\muni-harvest\scratch\mbtac_text\lakeville__7b7fc347773e.txt,OK,56576
Lancaster,lancaster,MBTA adjacent,,,,,CONFIRMED,https://www.ci.lancaster.ma.us/DocumentCenter/View/3477/Re_-Lancaster---Conditional-Compliance-with-Section-3A_MBTA-Communities,2,1,C:\Users\Owner\Documents\muni-harvest\scratch\mbtac_text\lancaster__192684959c24.txt,OK,6324
Leicester,leicester,MBTA adjacent,,,,,CONFIRMED,https://leicesterma.org/481/MBTA-Communities-Leicester,0,1,C:\Users\Owner\Documents\muni-harvest\scratch\mbtac_text\leicester__22d91f8117f8.txt,OK,13805
Leicester,leicester,MBTA adjacent,,zoning,bylaw,2025,CONFIRMED,https://leicesterma.org/DocumentCenter/View/3233/Leicester-MBTA-Zoning-Draft-02192025,7,"1,7",C:\Users\Owner\Documents\muni-harvest\scratch\mbtac_text\leicester__7474d9809660.txt,OK,11733
Lexington,lexington,bus,,,,,CONFIRMED,https://www.lexingtonma.gov/DocumentCenter/View/7029,26,"1,2,4,5,6,7,8,9,10,11,12,13,14,15,16,17,25,26",C:\Users\Owner\Documents\muni-harvest\scratch\mbtac_text\lexington__e913cd60f87e.txt,OK,56576
Lexington,lexington,bus,,zoning,,,CONFIRMED,https://lexingtonma.gov/DocumentCenter/View/7932/Art-34-multi-family-zoning?bidId=,1,1,C:\Users\Owner\Documents\muni-harvest\scratch\mbtac_text\lexington__8bc5a62466d4.txt,OK,629
Lexington,lexington,bus,,zoning,,,CONFIRMED,https://lexingtonma.gov/DocumentCenter/View/8463/Art-34-village-and-multi-family-slides?bidId=%EF%BF%BD%EF%BF%BD%20;%20%EF%BF%BD%EF%BF%BD(%EF%BF%BD%EF%BF%BDhttps://www.lexingtonma.gov/1496/Zoning-Amendments---MBTA-Communities,40,"1,2",C:\Users\Owner\Documents\muni-harvest\scratch\mbtac_text\lexington__4cf62197cc3d.txt,OK,1130
Lexington,lexington,bus,,zoning,,,CONFIRMED,https://www.lexingtonma.gov/DocumentCenter/View/7932/Art-34-multi-family-zoning,1,1,C:\Users\Owner\Documents\muni-harvest\scratch\mbtac_text\lexington__7ce25ad12bb6.txt,OK,629
Lexington,lexington,bus,,zoning,,,CONFIRMED,https://lexingtonma.gov/1496/MBTA-Communities-Zoning,0,1,C:\Users\Owner\Documents\muni-harvest\scratch\mbtac_text\lexington__c1e56d973c90.txt,OK,38280
Lexington,lexington,bus,,zoning,,2025,CONFIRMED,https://www.lexingtonma.gov/DocumentCenter/View/14478/2025-Village-Overlay-Zoning-Map-STM?bidId=,1,1,C:\Users\Owner\Documents\muni-harvest\scratch\mbtac_text\lexington__f4a1d3c83bd4.txt,OK,10432
Lincoln,lincoln,bus,,,,,CONFIRMED,http://lincolntown.org/DocumentCenter/View/72113/Draft-Guidelines-for-MBTA-Communities--12152021,11,"1,2,3,4,5,6,7,8,9,10,11",C:\Users\Owner\Documents\muni-harvest\scratch\mbtac_text\lincoln__94d502de303b.txt,OK,30800
Lincoln,lincoln,bus,,,,,CONFIRMED,https://lincolntown.org/DocumentCenter/View/85829/DistrictComplianceApplicationforMBTACommunities_Submission_1216484705,13,"1,3,4,6,7,8,9,11,12",C:\Users\Owner\Documents\muni-harvest\scratch\mbtac_text\lincoln__dc5ae920d091.txt,OK,23328
Lincoln,lincoln,bus,,,,,CONFIRMED,https://lincolntown.org/DocumentCenter/View/85832/DistrictComplianceApplicationforMBTACommunities_Submission_1216484705pdf,13,"1,3,4,6,7,8,9,11,12",C:\Users\Owner\Documents\muni-harvest\scratch\mbtac_text\lincoln__39e65278efc3.txt,OK,23328
Lincoln,lincoln,bus,,,,2023,CONFIRMED,https://lincolntown.org/DocumentCenter/View/85192/2023-10-24-Lincoln-MBTA-Communities---Corrected,24,"1,2,3,4,5,7,8,9,11,12,13,15,16,17,19,20,21,24",C:\Users\Owner\Documents\muni-harvest\scratch\mbtac_text\lincoln__269fb58d204a.txt,OK,20361
Lincoln,lincoln,bus,,,,2023,CONFIRMED,https://www.lincolntown.org/DocumentCenter/View/85225/2023-11-08-Lincoln-MBTA-Communities-Forums---Updated?bidId=,29,"1,4,6,7,9,10,12,13,15,16,18,19,21,23,25,26,27,28",C:\Users\Owner\Documents\muni-harvest\scratch\mbtac_text\lincoln__433fa7a68a1d.txt,OK,25982
Littleton,littleton,commuter rail,,,,,CONFIRMED,https://littletonma.org/DocumentCenter/View/5205,6,"1,2,3,4,5,6",C:\Users\Owner\Documents\muni-harvest\scratch\mbtac_text\littleton__94f8594ce9cb.txt,OK,11710
Littleton,littleton,commuter rail,,,,,CONFIRMED,https://littletonma.org/DocumentCenter/View/5210,17,"1,2,10,11,12,13,15",C:\Users\Owner\Documents\muni-harvest\scratch\mbtac_text\littleton__436c4ed6c619.txt,OK,4637
Littleton,littleton,commuter rail,,,,,CONFIRMED,https://littletonma.org/DocumentCenter/View/5212,3,"1,2,3",C:\Users\Owner\Documents\muni-harvest\scratch\mbtac_text\littleton__9a5d14b3ad1f.txt,OK,4746
Littleton,littleton,commuter rail,,,,,CONFIRMED,https://littletonma.org/DocumentCenter/View/7631,16,"1,2,3,4,5,6,7,8,9,10,11,12,13,14,15",C:\Users\Owner\Documents\muni-harvest\scratch\mbtac_text\littleton__5f8c2e13bd39.txt,OK,7799
Littleton,littleton,commuter rail,,,,2023,CONFIRMED,https://littletonma.org/DocumentCenter/View/5993/REVISION-to-Section-3A-Compliance-Guidelines-August-17-2023-REDLINE,19,"1,2,3,4,5,6,7,8,9,10,11,12,13,14,15,16,17,18,19",C:\Users\Owner\Documents\muni-harvest\scratch\mbtac_text\littleton__2f9a0472dbad.txt,OK,55568
Lowell,lowell,commuter rail,,zoning,,,CONFIRMED,https://www.lowellma.gov/DocumentCenter/View/23656,16,"2,6,7,9,10,15,16",C:\Users\Owner\Documents\muni-harvest\scratch\mbtac_text\lowell__fcf1e1b02158.txt,OK,26146
Lunenburg,lunenburg,MBTA adjacent,,,,,PROBABLE,https://www.lunenburgma.gov/DocumentCenter/View/1149,6,"1,2,3,5",C:\Users\Owner\Documents\muni-harvest\scratch\mbtac_text\lunenburg__9659c0189936.txt,OK,3286
Lunenburg,lunenburg,MBTA adjacent,,,,,PROBABLE,https://www.lunenburgma.gov/DocumentCenter/View/1150,6,"1,2,3,5",C:\Users\Owner\Documents\muni-harvest\scratch\mbtac_text\lunenburg__b4159369a24e.txt,OK,3286
Lunenburg,lunenburg,MBTA adjacent,,,,,PROBABLE,https://www.lunenburgma.gov/DocumentCenter/View/1153,6,"1,2,3,5",C:\Users\Owner\Documents\muni-harvest\scratch\mbtac_text\lunenburg__be98c11c125f.txt,OK,3286
Lunenburg,lunenburg,MBTA adjacent,,,,,PROBABLE,https://www.lunenburgma.gov/DocumentCenter/View/1154,6,"1,2,3,5",C:\Users\Owner\Documents\muni-harvest\scratch\mbtac_text\lunenburg__88f0aa188102.txt,OK,3286
Lunenburg,lunenburg,MBTA adjacent,,,,,PROBABLE,https://www.lunenburgma.gov/DocumentCenter/View/2801,0,1,C:\Users\Owner\Documents\muni-harvest\scratch\mbtac_text\lunenburg__4421fa38da7c.txt,OK,440540
Lunenburg,lunenburg,MBTA adjacent,,,,,PROBABLE,https://www.lunenburgma.gov/DocumentCenter/View/2802,0,1,C:\Users\Owner\Documents\muni-harvest\scratch\mbtac_text\lunenburg__2a693ae41cc8.txt,OK,392824
Lunenburg,lunenburg,MBTA adjacent,,,,,PROBABLE,https://www.lunenburgma.gov/DocumentCenter/View/2805,0,1,C:\Users\Owner\Documents\muni-harvest\scratch\mbtac_text\lunenburg__123053c8b766.txt,OK,344040
Lunenburg,lunenburg,MBTA adjacent,,,,,PROBABLE,https://www.lunenburgma.gov/DocumentCenter/View/2809,0,1,C:\Users\Owner\Documents\muni-harvest\scratch\mbtac_text\lunenburg__bb08a018e125.txt,OK,387862
Lunenburg,lunenburg,MBTA adjacent,,,,,PROBABLE,https://www.lunenburgma.gov/DocumentCenter/View/2822/MBTA-Communities-Information-PDF,19,"1,14",C:\Users\Owner\Documents\muni-harvest\scratch\mbtac_text\lunenburg__f0d79671f5ee.txt,OK,1460
Lunenburg,lunenburg,MBTA adjacent,,,,,PROBABLE,https://www.lunenburgma.gov/DocumentCenter/View/3084,0,1,C:\Users\Owner\Documents\muni-harvest\scratch\mbtac_text\lunenburg__752b0b56af03.txt,OK,440540
Lynnfield,lynnfield,MBTA adjacent,,,,2024,CONFIRMED,https://www.lynnfieldma.gov/DocumentCenter/View/287/May-8-2024---Lynnfield-Villager-MBTA-Communities-Law-Committee-Formed-PDF,3,"1,2,3",C:\Users\Owner\Documents\muni-harvest\scratch\mbtac_text\lynnfield__1593ac1039de.txt,OK,6272
Lynnfield,lynnfield,MBTA adjacent,,select_board,,2024,CONFIRMED,https://www.lynnfieldma.gov/DocumentCenter/View/283/May-6-2024---Lynn-Item-Select-Board-Forms-MBTA-Communities-Law-Committee-PDF,2,1,C:\Users\Owner\Documents\muni-harvest\scratch\mbtac_text\lynnfield__1ee161edd8ef.txt,OK,3746
Lynnfield,lynnfield,MBTA adjacent,,zoning,,,CONFIRMED,https://www.lynnfieldma.gov/DocumentCenter/View/1623/3A-Zoning-Amendment-Article-PDF,6,"1,2,3,4,5,6",C:\Users\Owner\Documents\muni-harvest\scratch\mbtac_text\lynnfield__531dc1782d0b.txt,OK,11571
Lynnfield,lynnfield,MBTA adjacent,,zoning,,,CONFIRMED,https://www.lynnfieldma.gov/DocumentCenter/View/303/The-Law---Revision-to-Section-3A-Compliance-Guidelines-for-Multi-Family-Zoning-Districts-PDF,26,"1,2,3,4,5,6,7,8,9,10,11,12,13,14,15,16,17,18,19,26",C:\Users\Owner\Documents\muni-harvest\scratch\mbtac_text\lynnfield__d3e68d5c6773.txt,OK,61654
Lynnfield,lynnfield,MBTA adjacent,,zoning,,2024,CONFIRMED,https://www.lynnfieldma.gov/DocumentCenter/View/284/July-24-2024---Lynnfield-Villager-MBTA-Communities-Zoning-Locations-Proposed-PDF,4,"1,2,3,4",C:\Users\Owner\Documents\muni-harvest\scratch\mbtac_text\lynnfield__d703439814e4.txt,OK,10434
Malden,malden,subway or light rail,,,,,CONFIRMED,https://cityofmalden.org/DocumentCenter/View/6750/DHCD-Section-3A-Compliance-Guidelines-81022,26,"1,2,4,5,6,7,8,9,10,11,12,13,14,15,16,17,25,26",C:\Users\Owner\Documents\muni-harvest\scratch\mbtac_text\malden__ca851a1acc9b.txt,OK,56576
Malden,malden,subway or light rail,,,,,CONFIRMED,https://cityofmalden.org/DocumentCenter/View/6750/DHCD-Section-3A-Compliance-Guidelines-81022?bidId=,26,"1,2,4,5,6,7,8,9,10,11,12,13,14,15,16,17,25,26",C:\Users\Owner\Documents\muni-harvest\scratch\mbtac_text\malden__6064caea32b9.txt,OK,56576
Malden,malden,subway or light rail,,,,2022,CONFIRMED,https://cityofmalden.org/DocumentCenter/View/6748/DHCD-Section-3A-Compliance-Guidelines-with-Appendices-Revised-October-21-2022-,27,"1,2,3,4,5,6,7,8,9,10,11,12,13,14,15,16,17,18,26,27",C:\Users\Owner\Documents\muni-harvest\scratch\mbtac_text\malden__3481a58c0fd0.txt,OK,57798
Malden,malden,subway or light rail,,,,2022,CONFIRMED,https://cityofmalden.org/DocumentCenter/View/6748/DHCD-Section-3A-Compliance-Guidelines-with-Appendices-Revised-October-21-2022-?bidId=,27,"1,2,3,4,5,6,7,8,9,10,11,12,13,14,15,16,17,18,26,27",C:\Users\Owner\Documents\muni-harvest\scratch\mbtac_text\malden__b50314d0f2db.txt,OK,57798
Malden,malden,subway or light rail,,,,2023,CONFIRMED,https://www.cityofmalden.org/DocumentCenter/View/7339/REVISION-to-Section-3A-Compliance-Guidelines-August-17-2023,18,"1,2,3,4,5,6,7,8,9,10,11,12,13,14,15,16,17,18",C:\Users\Owner\Documents\muni-harvest\scratch\mbtac_text\malden__0e43ff57b11f.txt,OK,54725
Malden,malden,subway or light rail,,,,2023,CONFIRMED,https://www.cityofmalden.org/DocumentCenter/View/7339/REVISION-to-Section-3A-Compliance-Guidelines-August-17-2023?bidId=,18,"1,2,3,4,5,6,7,8,9,10,11,12,13,14,15,16,17,18",C:\Users\Owner\Documents\muni-harvest\scratch\mbtac_text\malden__8e145c0e94aa.txt,OK,54725
Malden,malden,subway or light rail,,,,2025,CONFIRMED,https://cityofmalden.org/DocumentCenter/View/11092/EOHLC-Malden---Determination-of-Compliance-2025611,3,"1,2,3",C:\Users\Owner\Documents\muni-harvest\scratch\mbtac_text\malden__7217b8767c84.txt,OK,6078
Manchester,manchester,commuter rail,,,,,CONFIRMED,http://manchester.ma.us/DocumentCenter/View/4709/MBTACommunities-Draft-Compliance-Guidelines-c40A-Sect-3A,11,"1,2,3,4,5,6,7,8,9,10,11",C:\Users\Owner\Documents\muni-harvest\scratch\mbtac_text\manchester__aef1e9aab4b0.txt,OK,30800
Manchester,manchester,commuter rail,,,,,CONFIRMED,http://manchester.ma.us/DocumentCenter/View/6290/Section-3A-Compliance-Guidelines-81723,18,"1,2,3,4,5,6,7,8,9,10,11,12,13,14,15,16,17,18",C:\Users\Owner\Documents\muni-harvest\scratch\mbtac_text\manchester__4e5d3cb53383.txt,OK,54725
Manchester,manchester,commuter rail,,,,,CONFIRMED,http://manchester.ma.us/DocumentCenter/View/6290/Section-3A-Compliance-Guidelines-81723?bidId=,18,"1,2,3,4,5,6,7,8,9,10,11,12,13,14,15,16,17,18",C:\Users\Owner\Documents\muni-harvest\scratch\mbtac_text\manchester__e74e7a184937.txt,OK,54725
Manchester,manchester,commuter rail,,,,,CONFIRMED,http://www.manchester.ma.us/DocumentCenter/View/8884/MBTS---Section-3A-Determination-of-Compliance,3,"1,2,3",C:\Users\Owner\Documents\muni-harvest\scratch\mbtac_text\manchester__beb35f8f61cc.txt,OK,6114
Manchester,manchester,commuter rail,,,,2022,CONFIRMED,http://manchester.ma.us/DocumentCenter/View/4710/MBTACommunitiesFAQ-Updated_03-01-22,9,"1,2,3,4,5,6,7,8,9",C:\Users\Owner\Documents\muni-harvest\scratch\mbtac_text\manchester__66bd147537ce.txt,OK,24809
Manchester,manchester,commuter rail,,,,2022,CONFIRMED,http://manchester.ma.us/DocumentCenter/View/4759/MAPC-MBTA-TOD-Section3A_FinalComments_3_21_22,7,"1,3,4,5,7",C:\Users\Owner\Documents\muni-harvest\scratch\mbtac_text\manchester__78d4ba00bf5b.txt,OK,26046
Mansfield,mansfield,commuter rail,,,,,CONFIRMED,https://mansfieldma.com/DocumentCenter/View/6097/MBTA-Communities-FAQ---Updated-03102022,9,"1,2,3,4,5,6,7,8,9",C:\Users\Owner\Documents\muni-harvest\scratch\mbtac_text\mansfield__6a1db0a165bd.txt,OK,24809
Mansfield,mansfield,commuter rail,,,,2024,CONFIRMED,https://mansfieldma.com/DocumentCenter/View/9181,2,"1,2",C:\Users\Owner\Documents\muni-harvest\scratch\mbtac_text\mansfield__d2bd8809aed9.txt,OK,4404
Mansfield,mansfield,commuter rail,,zoning,,,CONFIRMED,https://mansfieldma.com/705/MGL-Chapter-40A-Section-3A-3A-MBTA-Zonin,0,1,C:\Users\Owner\Documents\muni-harvest\scratch\mbtac_text\mansfield__c09c15b23c63.txt,OK,25210
Marblehead,marblehead,bus,,,,,CONFIRMED,https://marbleheadma.gov/event/3a-multifamily-overlay-district-information-session/,0,1,C:\Users\Owner\Documents\muni-harvest\scratch\mbtac_text\marblehead__04cea1e7caa6.txt,OK,12844
Marblehead,marblehead,bus,,,,2025,CONFIRMED,https://marbleheadma.gov/wp-content/uploads/2025/03/mbta_communities_-_public_presentation.pdf.pdf,24,"1,3,19,20",C:\Users\Owner\Documents\muni-harvest\scratch\mbtac_text\marblehead__50aea912f017.txt,OK,3616
Marblehead,marblehead,bus,,,,2025,CONFIRMED,https://marbleheadma.gov/wp-content/uploads/2025/04/MBTA-Communities-3A-Compliance.pdf,24,"1,3,19,20",C:\Users\Owner\Documents\muni-harvest\scratch\mbtac_text\marblehead__6399e4708f7b.txt,OK,3616
Marshfield,marshfield,MBTA adjacent,,select_board,,,CONFIRMED,https://marshfield-ma.gov/government/select_board/mbta_communities_act_information.php,0,1,C:\Users\Owner\Documents\muni-harvest\scratch\mbtac_text\marshfield__3381050f2c8c.txt,OK,15686
Maynard,maynard,MBTA adjacent,,town_meeting,minutes,2024,CONFIRMED,https://townofmaynard-ma.gov/DocumentCenter/View/3037/Official-Minutes-of-ATM-5-20-2024,57,"41,45,46,47",C:\Users\Owner\Documents\muni-harvest\scratch\mbtac_text\maynard__a07a9b711776.txt,OK,18172
Medfield,medfield,MBTA adjacent,,,,2023,CONFIRMED,https://town.medfield.net/DocumentCenter/View/6767/Action-Plan-for-MBTA-Communities-01-17-23-Submission-pdf,5,"1,2,3",C:\Users\Owner\Documents\muni-harvest\scratch\mbtac_text\medfield__aee66059ebd1.txt,OK,6934
Medfield,medfield,MBTA adjacent,,zoning,,,CONFIRMED,https://town.medfield.net/2178/MBTA-Communities-Multi-Family-Zoning-Req,0,1,C:\Users\Owner\Documents\muni-harvest\scratch\mbtac_text\medfield__709985b85063.txt,OK,13880
Medway,medway,MBTA adjacent,,,notice,,CONFIRMED,https://medwayma.gov/news-and-notices/have-you-heard-of-the-mbta-communities-law,0,1,C:\Users\Owner\Documents\muni-harvest\scratch\mbtac_text\medway__d54b9d344c8c.txt,OK,8176
Medway,medway,MBTA adjacent,,,notice,,CONFIRMED,https://medwayma.gov/news-and-notices/mbta-communities-law-compliance-in-medway-barrett-planning-group-presentation,0,1,C:\Users\Owner\Documents\muni-harvest\scratch\mbtac_text\medway__a544330b1ef2.txt,OK,7768
Medway,medway,MBTA adjacent,,,notice,,CONFIRMED,https://medwayma.gov/news-and-notices/mbta-communities-law-pedb-special-meeting-862024-2,0,1,C:\Users\Owner\Documents\muni-harvest\scratch\mbtac_text\medway__9135748b18c3.txt,OK,9421
Medway,medway,MBTA adjacent,,,notice,,CONFIRMED,https://medwayma.gov/news-and-notices/mbta-communities-public-information-flyer,0,1,C:\Users\Owner\Documents\muni-harvest\scratch\mbtac_text\medway__222eff625ff5.txt,OK,7619
Melrose,melrose,subway or light rail,,,,,CONFIRMED,https://www.cityofmelrose.org/DocumentCenter/View/2647/MBTA-Communities-Compliance-Letter,3,"1,2,3",C:\Users\Owner\Documents\muni-harvest\scratch\mbtac_text\melrose__fb9c04a53b6c.txt,OK,6052
Merrimac,merrimac,MBTA adjacent,,,,,CONFIRMED,https://townofmerrimac.com/event/mbta-communities-workshop-with-mvpc/,0,1,C:\Users\Owner\Documents\muni-harvest\scratch\mbtac_text\merrimac__0191a3a83af7.txt,OK,23665
Merrimac,merrimac,MBTA adjacent,,,bylaw,,CONFIRMED,https://townofmerrimac.com/event/mbta-communities-by-law-meeting/,0,1,C:\Users\Owner\Documents\muni-harvest\scratch\mbtac_text\merrimac__a2e80430c778.txt,OK,24126
Methuen,methuen,MBTA adjacent,,zoning,,,CONFIRMED,https://cityofmethuen.net/838/MBTA-Communities-Multi-Family-Zoning,0,1,C:\Users\Owner\Documents\muni-harvest\scratch\mbtac_text\methuen__7b1d93f74751.txt,OK,12797
Middleborough,middleborough,commuter rail,,zoning,,,CONFIRMED,https://www.middleboroughma.gov/DocumentCenter/View/4873,5,"1,2,3,4,5",C:\Users\Owner\Documents\muni-harvest\scratch\mbtac_text\middleborough__f9e45206b5de.txt,OK,9205
Middleton,middleton,MBTA adjacent,,,,2024,PROBABLE,https://www.middletonma.gov/DocumentCenter/View/4379,2,1,C:\Users\Owner\Documents\muni-harvest\scratch\mbtac_text\middleton__e31e80222865.txt,OK,3208
Millbury,millbury,MBTA adjacent,,town_meeting,warrant,,CONFIRMED,https://millburyma.gov/DocumentCenter/View/373/Annual-Town-Meeting-Warrant,44,"21,24,28,31",C:\Users\Owner\Documents\muni-harvest\scratch\mbtac_text\millbury__84303d4a4366.txt,OK,31012
Millbury,millbury,MBTA adjacent,,town_meeting,warrant,,CONFIRMED,https://millburyma.gov/DocumentCenter/View/385/Signed-Warrant,20,"2,12,13,16,17",C:\Users\Owner\Documents\muni-harvest\scratch\mbtac_text\millbury__b1770595f8bd.txt,OK,25203
Milton,milton,subway or light rail,,town_meeting,warrant,,CONFIRMED,https://www.miltonma.gov/DocumentCenter/View/6120,34,"1,2,3,30,31,32,33,34",C:\Users\Owner\Documents\muni-harvest\scratch\mbtac_text\milton__b8537cfb70f1.txt,OK,21823
Milton,milton,subway or light rail,,town_meeting,warrant,,CONFIRMED,https://www.townofmilton.org/DocumentCenter/View/6120/MBTA-Communities-Warrant-Articles-1-and-2,34,"1,2,3,30,31,32,33,34",C:\Users\Owner\Documents\muni-harvest\scratch\mbtac_text\milton__4f391f02c86e.txt,OK,21823
Milton,milton,subway or light rail,,,,,CONFIRMED,https://www.miltonma.gov/DocumentCenter/View/3138,30,"1,2,3,4,5,6,7,8,9,10,11,12,13,14,15,16,17,18,19,20",C:\Users\Owner\Documents\muni-harvest\scratch\mbtac_text\milton__70c4aabed143.txt,OK,9021
Milton,milton,subway or light rail,,,,,CONFIRMED,https://www.miltonma.gov/DocumentCenter/View/3139,41,"1,2,3,4,5,6,7,8,9,10,11,12,13,14,15,27,28,29,30,31",C:\Users\Owner\Documents\muni-harvest\scratch\mbtac_text\milton__0be6865f0cc8.txt,OK,7430
Milton,milton,subway or light rail,,,,,CONFIRMED,https://www.miltonma.gov/DocumentCenter/View/3146,22,"1,2,3,4,5,16,17,18,19,20,21,22",C:\Users\Owner\Documents\muni-harvest\scratch\mbtac_text\milton__c5ea348ccf7f.txt,OK,4968
Milton,milton,subway or light rail,,,,,CONFIRMED,https://www.miltonma.gov/DocumentCenter/View/3261,34,"1,2,3,4,5,6,7,8,9,10,11,12,13,14,15,16,17,18,19,20",C:\Users\Owner\Documents\muni-harvest\scratch\mbtac_text\milton__317f00e16a0a.txt,OK,9634
Nahant,nahant,bus,,,,2022,CONFIRMED,https://nahant.org/wp-content/uploads/2022/11/MBTACommunitiesInformationForm_Submission_963837223.pdf,3,"1,2,3",C:\Users\Owner\Documents\muni-harvest\scratch\mbtac_text\nahant__1bd91dde5d5a.txt,OK,3516
Nahant,nahant,bus,,zoning,,2025,CONFIRMED,https://nahant.org/wp-content/uploads/2025/03/MBTA-Communities-mandatory-zoning-comment-letter.pdf,2,"1,2",C:\Users\Owner\Documents\muni-harvest\scratch\mbtac_text\nahant__793fdc842191.txt,OK,5090
Needham,needham,bus,,,,,CONFIRMED,http://www.needhamma.gov/DocumentCenter/View/24936/MBTACommunitiesFAQ-FINALIteration101-11-22,7,"1,2,3,4,5,6,7",C:\Users\Owner\Documents\muni-harvest\scratch\mbtac_text\needham__ab0ee0056a3f.txt,OK,19293
Needham,needham,bus,,,,,CONFIRMED,https://needhamma.gov/DocumentCenter/View/47397,2,1,C:\Users\Owner\Documents\muni-harvest\scratch\mbtac_text\needham__18c09d4ad3b6.txt,OK,2458
Needham,needham,bus,,,,,CONFIRMED,https://needhamma.gov/DocumentCenter/View/59237,7,"1,2,3,4,5,6,7",C:\Users\Owner\Documents\muni-harvest\scratch\mbtac_text\needham__31d36ca717f8.txt,OK,12784
Needham,needham,bus,,,,,CONFIRMED,https://needhamma.gov/DocumentCenter/View/59242,4,"1,2,3,4",C:\Users\Owner\Documents\muni-harvest\scratch\mbtac_text\needham__da289fec423f.txt,OK,14241
Needham,needham,bus,,,,,CONFIRMED,https://www.needhamma.gov/DocumentCenter/View/43813/ActionPlanforMBTACommunities_Submission_1061884882,23,"1,2,3,4,5,7,10,12,16,23",C:\Users\Owner\Documents\muni-harvest\scratch\mbtac_text\needham__f9d38b99279a.txt,OK,25264
Needham,needham,bus,,,,,CONFIRMED,https://www.needhamchannel.org/tag/mbta-communities-act/,0,1,C:\Users\Owner\Documents\muni-harvest\scratch\mbtac_text\needham__ebc719ad3b69.txt,OK,11126
Needham,needham,bus,,,,,CONFIRMED,https://www.needhamchannel.org/tag/mbta-communities-law/,0,1,C:\Users\Owner\Documents\muni-harvest\scratch\mbtac_text\needham__57ffee897470.txt,OK,13468
Needham,needham,bus,,,,,CONFIRMED,https://www.needhamchannel.org/tag/mbta-communities/,0,1,C:\Users\Owner\Documents\muni-harvest\scratch\mbtac_text\needham__d4c03165ec5b.txt,OK,11107
Newbury,newbury,commuter rail,,,,,CONFIRMED,https://www.newburyma.gov/Documentcenter/View/2141/Updated-Newbury-Section-3a-Mbta-Communities-Fact-Sheet-PDF,2,"1,2",C:\Users\Owner\Documents\muni-harvest\scratch\mbtac_text\newbury__a6862fb671a5.txt,OK,3101
Newbury,newbury,commuter rail,,zoning,,,CONFIRMED,https://townofnewbury.org/896/MBTA-Communities-Multi-Family-Zoning-Ove,0,1,C:\Users\Owner\Documents\muni-harvest\scratch\mbtac_text\newbury__28584d7f2622.txt,OK,16345
Newbury,newbury,commuter rail,,zoning,,,CONFIRMED,https://www.newburyma.gov/896/MBTA-Communities-Multi-Family-Zoning-Ove,0,1,C:\Users\Owner\Documents\muni-harvest\scratch\mbtac_text\newbury__98675a29b10e.txt,OK,16345
Newburyport,newburyport,commuter rail,,,,2024,CONFIRMED,https://www.cityofnewburyport.com/sites/g/files/vyhlif12211/f/uploads/comm00540_02_26_2024_newburyport-mbta-communities-storey-ave-slides-2024-2-20-final.pdf,43,"1,2,3,4,5,6,7,8,9,10,11,12,13,14,15,16,17,18,19,20",C:\Users\Owner\Documents\muni-harvest\scratch\mbtac_text\newburyport__6b69423498c5.txt,OK,9942
North Andover,northandover,commuter rail,,zoning,,,CONFIRMED,https://northandoverma.gov/359/MBTA-Communities-Multi-Family-Zoning,0,1,C:\Users\Owner\Documents\muni-harvest\scratch\mbtac_text\northandover__bcfa9885f25f.txt,OK,13022
North Attleborough,northattleborough,MBTA adjacent,,zoning,bylaw,2025,CONFIRMED,https://www.northattleborough.gov/DocumentCenter/View/8244/Measure-2025-008--Multi-Unit-Residenence-Overlay-District-MROD-PDF,9,"1,2",C:\Users\Owner\Documents\muni-harvest\scratch\mbtac_text\northattleborough__c8aeabc0f3b3.txt,OK,6735
Northborough,northborough,MBTA adjacent,,town_meeting,minutes,2024,CONFIRMED,https://www.town.northborough.ma.us/sites/g/files/vyhlif12221/f/uploads/town_meeting_minutes_04.22.2024.pdf,77,44,C:\Users\Owner\Documents\muni-harvest\scratch\mbtac_text\northborough__ee7a537a2068.txt,OK,6910
Northborough,northborough,MBTA adjacent,,town_meeting,warrant,2024,CONFIRMED,https://www.town.northborough.ma.us/sites/g/files/vyhlif12221/f/uploads/final_warrant_-_ready_for_printing_4.10.24.pdf,119,33,C:\Users\Owner\Documents\muni-harvest\scratch\mbtac_text\northborough__4bc74c9804e7.txt,OK,8845
Northborough,northborough,MBTA adjacent,,town_meeting,warrant,2024,CONFIRMED,https://www.town.northborough.ma.us/sites/g/files/vyhlif12221/f/uploads/town_meeting_warrant_04.05.2024.pdf,53,24,C:\Users\Owner\Documents\muni-harvest\scratch\mbtac_text\northborough__724abaab5a41.txt,OK,7830
North Reading,northreading,MBTA adjacent,,,,,CONFIRMED,https://northreadingma.gov/377/MBTA-Communities3A-Compliance,0,1,C:\Users\Owner\Documents\muni-harvest\scratch\mbtac_text\northreading__98f1073be38d.txt,OK,26994
Norwood,norwood,bus,,,,,CONFIRMED,https://www.norwoodma.gov/departments/planning_and_economic_development/mbta_communities_faqs.php,0,1,C:\Users\Owner\Documents\muni-harvest\scratch\mbtac_text\norwood__e2cf71a1ddff.txt,OK,44809
Norwood,norwood,bus,,,,,CONFIRMED,https://www.norwoodma.gov/departments/planning_and_economic_development/mbta_community_initiative.php,0,1,C:\Users\Owner\Documents\muni-harvest\scratch\mbtac_text\norwood__dba0f5ac17f4.txt,OK,17725
Peabody,peabody,bus,,zoning,,,PROBABLE,https://peabody-ma.gov/city clerk/Zoning Amendment - Multi-family Overlay District MFOD.pdf,8,"1,7",C:\Users\Owner\Documents\muni-harvest\scratch\mbtac_text\peabody__280f5419a942.txt,OK,12665
Plymouth,plymouth,commuter rail,,,,,CONFIRMED,https://plymouth-ma.gov/1246/MBTA-Communities,0,1,C:\Users\Owner\Documents\muni-harvest\scratch\mbtac_text\plymouth__b2c00dd86435.txt,OK,7863
Plymouth,plymouth,commuter rail,,zoning,bylaw,2024,CONFIRMED,https://plymouth-ma.gov/DocumentCenter/View/4738/MBTA-communities-Draft-Zoning-Bylaw-1242024,7,"1,2,3,4,5,6,7",C:\Users\Owner\Documents\muni-harvest\scratch\mbtac_text\plymouth__980796ac6136.txt,OK,13854
Plymouth,plymouth,commuter rail,,town_meeting,minutes,2024,CONFIRMED,https://www.plymouth-ma.gov/DocumentCenter/View/5337,25,25,C:\Users\Owner\Documents\muni-harvest\scratch\mbtac_text\plymouth__a9992bcc3ac1.txt,OK,6483
Plympton,plympton,MBTA adjacent,,town_meeting,minutes,,CONFIRMED,https://town.plympton.ma.us/DocumentCenter/View/669/Minutes-for-Annual-Town-Meeting,21,"11,12,16",C:\Users\Owner\Documents\muni-harvest\scratch\mbtac_text\plympton__d21f63c49772.txt,OK,20031
Randolph,randolph,bus,,,,,PROBABLE,https://randolph-ma.gov/686/MBTA-Communities,0,1,C:\Users\Owner\Documents\muni-harvest\scratch\mbtac_text\randolph__84684e9593e9.txt,OK,12546
Reading,reading,bus,,,,,CONFIRMED,https://www.readingma.gov/DocumentCenter/View/10601/ActionPlanforMBTACommunities_Submission-PDF,4,"1,2,3",C:\Users\Owner\Documents\muni-harvest\scratch\mbtac_text\reading__e929a24624c5.txt,OK,6758
Rehoboth,rehoboth,MBTA adjacent,,town_meeting,warrant,2023,CONFIRMED,https://www.rehobothma.gov/sites/g/files/vyhlif4911/f/uploads/warrant-final_10-10-2023.pdf,8,4,C:\Users\Owner\Documents\muni-harvest\scratch\mbtac_text\rehoboth__21e5035a1d47.txt,OK,5409
Rehoboth,rehoboth,MBTA adjacent,,town_meeting,warrant,2025,CONFIRMED,https://www.rehobothma.gov/sites/g/files/vyhlif4911/f/uploads/warrant_10.7.25-final_copy_to_printer.pdf,16,"2,6,8,13",C:\Users\Owner\Documents\muni-harvest\scratch\mbtac_text\rehoboth__f236a860db74.txt,OK,21080
Rockland,rockland,MBTA adjacent,,,,,CONFIRMED,https://www.rockland-ma.gov/DocumentCenter/View/3444,3,1,C:\Users\Owner\Documents\muni-harvest\scratch\mbtac_text\rockland__db2a579f9f06.txt,OK,4149
Rockland,rockland,MBTA adjacent,,,,,CONFIRMED,https://www.rockland-ma.gov/DocumentCenter/View/3446/Frequently-Asked-Questions---MBTA-Communities-Law,3,1,C:\Users\Owner\Documents\muni-harvest\scratch\mbtac_text\rockland__2a8160827a91.txt,OK,4149
Rockland,rockland,MBTA adjacent,,,,,CONFIRMED,https://www.rockland-ma.gov/DocumentCenter/View/3503,4,"1,2,3,4",C:\Users\Owner\Documents\muni-harvest\scratch\mbtac_text\rockland__1a315878352e.txt,OK,7125
Rockland,rockland,MBTA adjacent,,,,,CONFIRMED,https://www.rockland-ma.gov/DocumentCenter/View/3504,4,"1,2,3,4",C:\Users\Owner\Documents\muni-harvest\scratch\mbtac_text\rockland__f5f8d65b914e.txt,OK,7125
Rockland,rockland,MBTA adjacent,,,,,CONFIRMED,https://www.rockland-ma.gov/DocumentCenter/View/3518,2,"1,2",C:\Users\Owner\Documents\muni-harvest\scratch\mbtac_text\rockland__007550b4f7c6.txt,OK,5104
Rockland,rockland,MBTA adjacent,,,,,CONFIRMED,https://www.rockland-ma.gov/DocumentCenter/View/3524,6,"1,2,3,4,5",C:\Users\Owner\Documents\muni-harvest\scratch\mbtac_text\rockland__e343034400ae.txt,OK,11459
Rockland,rockland,MBTA adjacent,,,,,CONFIRMED,https://www.rockland-ma.gov/DocumentCenter/View/3573/MBTA-Communities-Law---Resident-Questions-and-Answers_41624,8,"1,2,3,4,5,6",C:\Users\Owner\Documents\muni-harvest\scratch\mbtac_text\rockland__c8060162c908.txt,OK,16014
Rockland,rockland,MBTA adjacent,,,,2024,CONFIRMED,https://rockland-ma.gov/DocumentCenter/View/3525/MBTA-Communities-Law-Compliance---Questions-and-Answers-April-2024,2,"1,2",C:\Users\Owner\Documents\muni-harvest\scratch\mbtac_text\rockland__6f7d5ae65b4e.txt,OK,5298
Rockland,rockland,MBTA adjacent,,zoning,,,CONFIRMED,https://www.rockland-ma.gov/DocumentCenter/View/3443,14,"1,2,14",C:\Users\Owner\Documents\muni-harvest\scratch\mbtac_text\rockland__57bb91bbe6f1.txt,OK,8730
Rockport,rockport,commuter rail,,,,2022,CONFIRMED,https://rockportma.gov/DocumentCenter/View/608/Final-Section-3A-Guidelines-8-10-22-PDF,26,"1,2,4,5,6,7,8,9,10,11,12,13,14,15,16,17,25,26",C:\Users\Owner\Documents\muni-harvest\scratch\mbtac_text\rockport__4179c9b37a47.txt,OK,56576
Saugus,saugus,bus,,,,,PROBABLE,https://www.saugus-ma.gov/DocumentCenter/View/119,14,"1,2,3,4,5,6,7,8,9,10,11,12,13,14",C:\Users\Owner\Documents\muni-harvest\scratch\mbtac_text\saugus__899161346b21.txt,OK,4217
Seekonk,seekonk,MBTA adjacent,,town_meeting,minutes,,CONFIRMED,https://www.seekonk-ma.gov/DocumentCenter/View/2550,22,20,C:\Users\Owner\Documents\muni-harvest\scratch\mbtac_text\seekonk__207aca407fca.txt,OK,4661
Seekonk,seekonk,MBTA adjacent,,town_meeting,minutes,,CONFIRMED,https://www.seekonk-ma.gov/DocumentCenter/View/3102,19,10,C:\Users\Owner\Documents\muni-harvest\scratch\mbtac_text\seekonk__ede7471ab05a.txt,OK,7459
Sharon,sharon,commuter rail,,,,,CONFIRMED,https://www.sharonma.gov/DocumentCenter/View/1947/Sharon-MBTA-Communities-Law-Frequently-Asked-Questions-PDF,5,"1,2,3,4,5",C:\Users\Owner\Documents\muni-harvest\scratch\mbtac_text\sharon__ddd05d4448ce.txt,OK,12038
Sherborn,sherborn,MBTA adjacent,,town_meeting,warrant,2025,CONFIRMED,https://www.sherbornma.org/DocumentCenter/View/3208/Warrant-Articles-MBTA-Multi-family-Overlay-District-Bylaw-draft-2-26-2025,10,"1,2,3,10",C:\Users\Owner\Documents\muni-harvest\scratch\mbtac_text\sherborn__93688132de11.txt,OK,8675
Sherborn,sherborn,MBTA adjacent,,,,,CONFIRMED,https://www.sherbornma.org/DocumentCenter/View/3075,11,"1,2,8",C:\Users\Owner\Documents\muni-harvest\scratch\mbtac_text\sherborn__bda42a97e79b.txt,OK,1723
Sherborn,sherborn,MBTA adjacent,,,,2024,CONFIRMED,https://sherbornma.org/DocumentCenter/View/2566/Multi-Family-Overlay-District-Presentation-of-February-20-2024,50,"1,2,3,7,8,9,10,13,16,17,19,25,35,47",C:\Users\Owner\Documents\muni-harvest\scratch\mbtac_text\sherborn__99d9058ca0f8.txt,OK,11237
Sherborn,sherborn,MBTA adjacent,,,,2024,CONFIRMED,https://sherbornma.org/DocumentCenter/View/2614/Sherborn-MBTA-Communities-3A---June-25-2024-Workshop,17,"1,2,3,4,5,6,7,8,9,10,11,12,13,14,15,16,17",C:\Users\Owner\Documents\muni-harvest\scratch\mbtac_text\sherborn__50233509d37c.txt,OK,9651
Sherborn,sherborn,MBTA adjacent,,,,2024,CONFIRMED,https://sherbornma.org/DocumentCenter/View/2654/The-MBTA-Communities-Law-Survey-Overview-updated-July-16-2024,2,"1,2",C:\Users\Owner\Documents\muni-harvest\scratch\mbtac_text\sherborn__5627743f3cd0.txt,OK,5759
Shirley,shirley,commuter rail,,planning_board,bylaw,2024,CONFIRMED,https://shirley-ma.gov/DocumentCenter/View/1086/Shirley-PB-Approved-Final-MBTA-Communities-Bylaw-92524,7,"1,2,3,4",C:\Users\Owner\Documents\muni-harvest\scratch\mbtac_text\shirley__4e7f59dc5466.txt,OK,12140
Shrewsbury,shrewsbury,commuter rail,,zoning,,,CONFIRMED,https://shrewsburyma.gov/DocumentCenter/View/15207/Compliance-Guidelines-for-Multi-family-Zoning-Districts-Under-Section-3A-of-the-Zoning-Act,18,"1,2,3,4,5,6,7,8,9,10,11,12,13,14,15,16,17,18",C:\Users\Owner\Documents\muni-harvest\scratch\mbtac_text\shrewsbury__086524e456ed.txt,OK,54725
Shrewsbury,shrewsbury,commuter rail,,zoning,,,CONFIRMED,https://shrewsburyma.gov/DocumentCenter/View/17856/Press-Release-EOHLC-Issues-Determination-on--Shrewsburys-Compliance-with-MBTA-Communities-Zoning,1,1,C:\Users\Owner\Documents\muni-harvest\scratch\mbtac_text\shrewsbury__55a1cd585ce8.txt,OK,1219
Southborough,southborough,commuter rail,,,,,CONFIRMED,https://www.southboroughma.gov/DocumentCenter/View/2174/MASSGOV-MBTA-Communities-Compliance-Guidelines,26,"1,2,3,4,5,6,7,8,9,10,11,12,13,14,15,16,17,18,24,25",C:\Users\Owner\Documents\muni-harvest\scratch\mbtac_text\southborough__d812d30e2a60.txt,OK,61764
Southborough,southborough,commuter rail,,,,,CONFIRMED,https://www.southboroughma.gov/DocumentCenter/View/2513,9,"1,2,3,4,5,6,7,8,9",C:\Users\Owner\Documents\muni-harvest\scratch\mbtac_text\southborough__2f1846219768.txt,OK,24809
Southborough,southborough,commuter rail,,,,,CONFIRMED,https://www.southboroughma.gov/DocumentCenter/View/3431/01--20220216-MMLA-Presentation-MBTA-Communities-Multi-Family-Housing,39,"1,2,3,4,5,6,7,8,10,11,12,13,14,16,17,18,19,20,21,22",C:\Users\Owner\Documents\muni-harvest\scratch\mbtac_text\southborough__f28d017cde57.txt,OK,23169
Sterling,sterling,MBTA adjacent,,town_meeting,minutes,2025,CONFIRMED,https://sterling-ma.gov/DocumentCenter/View/8257/2025-November-3-Speical-Town-Meeting-Minutes,13,"2,3,6",C:\Users\Owner\Documents\muni-harvest\scratch\mbtac_text\sterling__a378a03211c1.txt,OK,14720
Stow,stow,MBTA adjacent,,,,,CONFIRMED,https://www.stow-ma.gov/DocumentCenter/View/1299/Does-Stow-need-to-comply-with-the-MBTA-Communities-Law-PDF,1,1,C:\Users\Owner\Documents\muni-harvest\scratch\mbtac_text\stow__dd35764e779e.txt,OK,1036
Stow,stow,MBTA adjacent,,,,,CONFIRMED,https://www.stow-ma.gov/DocumentCenter/View/7678/MBTA-Communities-FAQs-Oct-25,11,"1,2,4,5,6,7,8,9,11",C:\Users\Owner\Documents\muni-harvest\scratch\mbtac_text\stow__71818af34cc0.txt,OK,38124
Stow,stow,MBTA adjacent,,,,,CONFIRMED,https://www.stow-ma.gov/DocumentCenter/View/7693/CHAPA-3AEnforcementPotential-092225,8,"1,2,3,6,8",C:\Users\Owner\Documents\muni-harvest\scratch\mbtac_text\stow__0e76532f825a.txt,OK,19369
Stow,stow,MBTA adjacent,,,,,CONFIRMED,https://www.stow-ma.gov/398/MBTA-Communities,0,1,C:\Users\Owner\Documents\muni-harvest\scratch\mbtac_text\stow__54c0389dc6d0.txt,OK,9641
Sutton,sutton,MBTA adjacent,,,,,CONFIRMED,https://suttonma.org/1326/Chapter-40A-Section-3A-Multifamily-Housi,0,1,C:\Users\Owner\Documents\muni-harvest\scratch\mbtac_text\sutton__1c7b0ccc5ae6.txt,OK,10840
Sutton,sutton,MBTA adjacent,,,,,CONFIRMED,https://www.suttonma.gov/1326/Chapter-40A-Section-3A-Multifamily-Housi,0,1,C:\Users\Owner\Documents\muni-harvest\scratch\mbtac_text\sutton__6a79bfaadc20.txt,OK,10840
Tewksbury,tewksbury,MBTA adjacent,,,,,CONFIRMED,https://tewksbury-ma.gov/DocumentCenter/View/4060/MBTA-Communities-First-Public-Feedback-Presentation-81523-PDF,19,"1,3",C:\Users\Owner\Documents\muni-harvest\scratch\mbtac_text\tewksbury__566ec1eb0078.txt,OK,1061
Tewksbury,tewksbury,MBTA adjacent,,,,,CONFIRMED,https://tewksbury-ma.gov/DocumentCenter/View/4135/MBTA-Communities-Workshop-Presentation-91323-PDF,14,"1,2,14",C:\Users\Owner\Documents\muni-harvest\scratch\mbtac_text\tewksbury__a8c90c0ce001.txt,OK,2958
Tewksbury,tewksbury,MBTA adjacent,,,,,CONFIRMED,https://www.tewksbury-ma.gov/DocumentCenter/View/3537/MBTA-Communities-Action-Plan-Submission-PDF,8,"1,2,3,4,5,7",C:\Users\Owner\Documents\muni-harvest\scratch\mbtac_text\tewksbury__ec3f1eaecbce.txt,OK,7993
Tewksbury,tewksbury,MBTA adjacent,,,,,CONFIRMED,https://www.tewksbury-ma.gov/DocumentCenter/View/4135/MBTA-Communities-Workshop-Presentation-91323-PDF?bidId=,14,"1,2,14",C:\Users\Owner\Documents\muni-harvest\scratch\mbtac_text\tewksbury__866d37e7f7cc.txt,OK,2958
Tewksbury,tewksbury,MBTA adjacent,,,,2023,CONFIRMED,https://tewksbury-ma.gov/DocumentCenter/View/4105/MBTA-Community-Questions-and-Response-from-August-15-2023-PDF,5,"1,3,4",C:\Users\Owner\Documents\muni-harvest\scratch\mbtac_text\tewksbury__d5735b39821c.txt,OK,9753
Topsfield,topsfield,MBTA adjacent,,,,,PROBABLE,https://www.topsfield-ma.gov/DocumentCenter/View/283/18-Article-XVIII---MBTA-Communities-Multi-Family-Overlay-District,6,"1,2",C:\Users\Owner\Documents\muni-harvest\scratch\mbtac_text\topsfield__0531a5cc3de0.txt,OK,8761
Topsfield,topsfield,MBTA adjacent,,,,,PROBABLE,https://www.topsfield-ma.gov/1408/MBTA-Multi-Family-District,0,1,C:\Users\Owner\Documents\muni-harvest\scratch\mbtac_text\topsfield__6049a8fed612.txt,OK,10562
Topsfield,topsfield,MBTA adjacent,,,bylaw,,PROBABLE,https://www.topsfield-ma.gov/DocumentCenter/View/338,7,"1,2",C:\Users\Owner\Documents\muni-harvest\scratch\mbtac_text\topsfield__d712ccd9d287.txt,OK,6689
Tyngsborough,tyngsborough,MBTA adjacent,,,,,CONFIRMED,https://tyngsboroughma.gov/564/MBTA-Communities,0,1,C:\Users\Owner\Documents\muni-harvest\scratch\mbtac_text\tyngsborough__17d7b3781ef9.txt,OK,17939
Upton,upton,MBTA adjacent,,town_meeting,warrant,,CONFIRMED,https://uptonma.gov/DocumentCenter/View/6266/KP-940422v1-UPTN_MBTA_Communities_Overlay_District_Draft_Bylaw_Sept_6_Warrant_Article_ReviewFINAL,10,"1,3",C:\Users\Owner\Documents\muni-harvest\scratch\mbtac_text\upton__890ba626d04d.txt,OK,10427
Upton,upton,MBTA adjacent,,town_meeting,warrant,,CONFIRMED,https://uptonma.gov/DocumentCenter/View/7550/KP-940422-v1-UPTN_MBTA_Communities_Overlay_District_Draft_Bylaw_Sept_6_Warrant_Article_ReviewFINAL,10,"1,3",C:\Users\Owner\Documents\muni-harvest\scratch\mbtac_text\upton__4a6f1358a580.txt,OK,10231
Upton,upton,MBTA adjacent,,town_meeting,warrant,,CONFIRMED,https://www.uptonma.gov/DocumentCenter/View/5061,11,"1,2,3",C:\Users\Owner\Documents\muni-harvest\scratch\mbtac_text\upton__705eb87d7261.txt,OK,10721
Wareham,wareham,MBTA adjacent,,town_meeting,minutes,,CONFIRMED,https://www.wareham.gov/DocumentCenter/View/6478/4282025-Special-Town-Meeting-Warrant-and-Minutes,34,24,C:\Users\Owner\Documents\muni-harvest\scratch\mbtac_text\wareham__5fec435d342a.txt,OK,9361
Wareham,wareham,MBTA adjacent,,town_meeting,minutes,,CONFIRMED,https://www.wareham.gov/DocumentCenter/View/6727,34,24,C:\Users\Owner\Documents\muni-harvest\scratch\mbtac_text\wareham__a408c7f493e6.txt,OK,9361
Wareham,wareham,MBTA adjacent,,town_meeting,minutes,,CONFIRMED,https://www.wareham.ma.us/DocumentCenter/View/6478,34,24,C:\Users\Owner\Documents\muni-harvest\scratch\mbtac_text\wareham__b21f699be0ea.txt,OK,9361
Wareham,wareham,MBTA adjacent,,town_meeting,minutes,,CONFIRMED,https://www.wareham.ma.us/DocumentCenter/View/6727,34,24,C:\Users\Owner\Documents\muni-harvest\scratch\mbtac_text\wareham__da1a210934a3.txt,OK,9361
Wayland,wayland,MBTA adjacent,,zoning,,,CONFIRMED,https://ma-wayland.civicplus.com/920/MBTA-Communities---Multi-Family-Zoning-D,0,1,C:\Users\Owner\Documents\muni-harvest\scratch\mbtac_text\wayland__87bcbd91b77c.txt,OK,11327
Wayland,wayland,MBTA adjacent,,zoning,,,CONFIRMED,https://wayland.ma.us/920/MBTA-Communities---Multi-Family-Zoning-D,0,1,C:\Users\Owner\Documents\muni-harvest\scratch\mbtac_text\wayland__b7886871cb93.txt,OK,11327
Wayland,wayland,MBTA adjacent,,zoning,bylaw,,CONFIRMED,https://www.wayland.ma.us/DocumentCenter/View/6742,9,"1,7,9",C:\Users\Owner\Documents\muni-harvest\scratch\mbtac_text\wayland__4b5596f3b9d2.txt,OK,16219
Wellesley,wellesley,subway or light rail,,,,,CONFIRMED,https://wellesleyma.gov/DocumentCenter/View/37501,8,"1,2,4,5,6",C:\Users\Owner\Documents\muni-harvest\scratch\mbtac_text\wellesley__2bdbf21a3f92.txt,OK,15138
Wellesley,wellesley,subway or light rail,,town_meeting,,2024,CONFIRMED,https://wellesleyma.gov/DocumentCenter/View/49159/MBTA-Presentation-STM,21,"1,2,3,9,16,17",C:\Users\Owner\Documents\muni-harvest\scratch\mbtac_text\wellesley__00a5dd28d8d1.txt,OK,7892
Wenham,wenham,commuter rail,,,,,CONFIRMED,https://www.wenhamma.gov/DocumentCenter/View/753/MBTA-Communities-Presentation-PDF,19,"1,3,4,5",C:\Users\Owner\Documents\muni-harvest\scratch\mbtac_text\wenham__8f69b296acab.txt,OK,3584
Wenham,wenham,commuter rail,,,,,CONFIRMED,https://www.wenhamma.gov/DocumentCenter/View/754/MBTA-Communities-Fact-Sheet-PDF,2,1,C:\Users\Owner\Documents\muni-harvest\scratch\mbtac_text\wenham__b2f09fbddfaf.txt,OK,3108
Wenham,wenham,commuter rail,,,,2025,CONFIRMED,https://wenhamma.gov/DocumentCenter/View/1768/MBTA-Communities-Action-Plan-Submission-February-2025-PDF,6,"1,4,6",C:\Users\Owner\Documents\muni-harvest\scratch\mbtac_text\wenham__f92bed4296e7.txt,OK,9170
Westford,westford,MBTA adjacent,,,,,CONFIRMED,https://www.westfordma.gov/DocumentCenter/View/13128/MBTA-Communities---9822-Webinar-Presentation-re-Compliance-Guidelines-vF,29,"1,2,9,10,12,14,15,16,18,19,20,21,22,24,26,28,29",C:\Users\Owner\Documents\muni-harvest\scratch\mbtac_text\westford__46613eecb2b1.txt,OK,22731
Westford,westford,MBTA adjacent,,,,,CONFIRMED,https://www.westfordma.gov/DocumentCenter/View/14216/MBTA_Communities_Explainer_2_What_done_so_far,1,1,C:\Users\Owner\Documents\muni-harvest\scratch\mbtac_text\westford__f124af82fcce.txt,OK,2399
Westford,westford,MBTA adjacent,,,,,CONFIRMED,https://www.westfordma.gov/DocumentCenter/View/14362,32,"1,2,4,5,6,7,8,10,11,12,14,15,16,17,18,19,20,27,30,31",C:\Users\Owner\Documents\muni-harvest\scratch\mbtac_text\westford__1278f353b3d5.txt,OK,20303
Westford,westford,MBTA adjacent,,,,,CONFIRMED,https://www.westfordma.gov/DocumentCenter/View/14369,1,1,C:\Users\Owner\Documents\muni-harvest\scratch\mbtac_text\westford__99b7b6895554.txt,OK,2399
West Newbury,westnewbury,MBTA adjacent,,,,,CONFIRMED,https://www.wnewbury.org/DocumentCenter/View/2048/Preadoptionreviewapplicationformbtacommunities-Submission,11,"1,3,4,5,6,8,9,11",C:\Users\Owner\Documents\muni-harvest\scratch\mbtac_text\westnewbury__3fe539889416.txt,OK,22525
West Newbury,westnewbury,MBTA adjacent,,,,,CONFIRMED,https://www.wnewbury.org/DocumentCenter/View/290/Optional-MBTA-Communities-Multi-Family-Overlay-District,39,"1,3,4,6,36,38,39",C:\Users\Owner\Documents\muni-harvest\scratch\mbtac_text\westnewbury__cfd53240217b.txt,OK,21476
West Newbury,westnewbury,MBTA adjacent,,,,2023,CONFIRMED,https://www.wnewbury.org/DocumentCenter/View/1887/Revision-to-Section-3a-Compliance-Guidelines-August-17-2023-Clean,18,"1,2,3,4,5,6,7,8,9,10,11,12,13,14,15,16,17,18",C:\Users\Owner\Documents\muni-harvest\scratch\mbtac_text\westnewbury__783c59404633.txt,OK,54725
West Newbury,westnewbury,MBTA adjacent,,,,2023,CONFIRMED,https://www.wnewbury.org/DocumentCenter/View/5629,2,"1,2",C:\Users\Owner\Documents\muni-harvest\scratch\mbtac_text\westnewbury__7b2ce9db7581.txt,OK,1447
Weston,weston,subway or light rail,,zoning,,,CONFIRMED,https://www.westonma.gov/1884/3A-MBTA-Multifamily-Zoning,0,1,C:\Users\Owner\Documents\muni-harvest\scratch\mbtac_text\weston__bce7fd277111.txt,OK,16401
Weymouth,weymouth,bus,,city_council,report,,PROBABLE,https://ma-weymouth.civicplus.com/DocumentCenter/View/1501/Opioid-Recovery-and-Remediation-Fund-Advisory-Council-Report,6,3,C:\Users\Owner\Documents\muni-harvest\scratch\mbtac_text\weymouth__cd205b46d6dc.txt,OK,7899
Winthrop,winthrop,subway or light rail,,,,,CONFIRMED,https://ma-winthrop.civicplus.com/586/MBTA-Community-Section-3A-Program,0,1,C:\Users\Owner\Documents\muni-harvest\scratch\mbtac_text\winthrop__242b4edd8188.txt,OK,12810
Winthrop,winthrop,subway or light rail,,,,,CONFIRMED,https://winthropma.gov/586/MBTA-Community-Section-3A-Program,0,1,C:\Users\Owner\Documents\muni-harvest\scratch\mbtac_text\winthrop__d9dd294c5251.txt,OK,12810
Winthrop,winthrop,subway or light rail,,,,2024,CONFIRMED,https://winthroptranscript.com/2024/03/30/winthrop-hosts-meeting-on-mbta-communities-act/,0,1,C:\Users\Owner\Documents\muni-harvest\scratch\mbtac_text\winthrop__e0886c314c2d.txt,OK,11266
Winthrop,winthrop,subway or light rail,,,,2025,CONFIRMED,https://www.winthropma.gov/DocumentCenter/View/1936/ActionPlanforMBTACommunities2025_Submission_Winthrop-2-12-25,7,"1,3,4,5,6,7",C:\Users\Owner\Documents\muni-harvest\scratch\mbtac_text\winthrop__ab71e2af3c4a.txt,OK,12102
Winthrop,winthrop,subway or light rail,,city_council,,2024,CONFIRMED,https://winthroptranscript.com/2024/02/22/council-continues-discussion-of-mbta-3a-zoning/,0,1,C:\Users\Owner\Documents\muni-harvest\scratch\mbtac_text\winthrop__4a729ef7c076.txt,OK,11038
Winthrop,winthrop,subway or light rail,,zoning,,,CONFIRMED,https://www.winthropma.gov/DocumentCenter/View/1937/MBTA-Communities-Draft-Zoning-Overlay-Districts---Winthrop,9,"1,2,3,4,5,6,7,8,9",C:\Users\Owner\Documents\muni-harvest\scratch\mbtac_text\winthrop__874c94a88c88.txt,OK,20608
Winthrop,winthrop,subway or light rail,,zoning,,2024,CONFIRMED,https://winthroptranscript.com/2024/01/27/consultant-reviews-mbta-3a-zoning-work/,0,1,C:\Users\Owner\Documents\muni-harvest\scratch\mbtac_text\winthrop__48ee79e630e8.txt,OK,13998
Wrentham,wrentham,MBTA adjacent,,,,,CONFIRMED,https://www.wrentham.gov/DocumentCenter/View/3045/Ex-30-MBTA-Community-Engagement-Handouts-PDF?bidId=,16,"2,8,9,10,15",C:\Users\Owner\Documents\muni-harvest\scratch\mbtac_text\wrentham__210aac903eed.txt,OK,8873
Westborough,westborough,commuter rail,,town_meeting,minutes,2024,CONFIRMED,https://ma-westborough.civicplus.com/DocumentCenter/View/3189,57,"41,42,46,47",C:\Users\Owner\Documents\muni-harvest\scratch\mbtac_text\westborough__60863eecde41.txt,OK,33546
