doc_id,town,town_norm,community_type,governing_body,board,doctype,year,verdict,url,status
4089d81128,Abington,abington,commuter rail,Select Board,,,,CONFIRMED,https://www.abingtonma.gov/article/1513682,OK
acdd816af4,Abington,abington,commuter rail,Select Board,,notice,,CONFIRMED,https://www.abingtonma.gov/article/1488446,OK
f955e81587,Acton,acton,commuter rail,Select Board,town_meeting,warrant,,CONFIRMED,https://acton-ma.gov/warrant,OK
da51afc01c,Acton,acton,commuter rail,Select Board,town_meeting,warrant,,CONFIRMED,https://ma-acton2.civicplus.com/Archive.aspx?AMID=54&Type=Recent,OK
841aaf7d70,Amesbury,amesbury,MBTA adjacent,City Council,zoning,bylaw,,CONFIRMED,https://www.amesburyma.gov/DocumentCenter/View/4938/An-Ordinance-to-amend-the-Amesbury-Zoning-Ordinance-to-create-an-overlay-in-compliance-with-MBTA-Communities-Act,OK
6d13e0e698,Andover,andover,commuter rail,Select Board,,,,CONFIRMED,https://andoverma.gov/DocumentCenter/View/13494/MBTA-Communities-Zone-update-101223---FINAL?bidId=,OK
7aa1c3cef3,Andover,andover,commuter rail,Select Board,,,,CONFIRMED,https://andoverma.gov/DocumentCenter/View/13670/MBTA-Communities-Zone-update-110923---FINAL?bidId=,OK
a1600b1393,Andover,andover,commuter rail,Select Board,,,,CONFIRMED,https://andoverma.gov/DocumentCenter/View/13671/MBTA-Communities-Working-Group-92823---FINAL?bidId=,OK
a4d625ffe4,Andover,andover,commuter rail,Select Board,,,,CONFIRMED,https://andoverma.gov/DocumentCenter/View/13692/MBTA-Communities-Zone-update-111623---FINAL?bidId=,OK
110c7f1b87,Andover,andover,commuter rail,Select Board,,,,CONFIRMED,https://andoverma.gov/DocumentCenter/View/13951/MBTA-Communities-Working-Group-121123---FINALpptx,OK
e502818281,Andover,andover,commuter rail,Select Board,,,,CONFIRMED,https://andoverma.gov/DocumentCenter/View/13983/MBTA-Communities-Zone-Working-Group-122123-Final?bidId=,OK
0947207c6e,Andover,andover,commuter rail,Select Board,,,,CONFIRMED,https://andoverma.gov/DocumentCenter/View/14043/Andover-MBTA-Communities-Comms-Plan_for-Working-Group_1424?bidId=,OK
0949b0d68e,Ashburnham,ashburnham,MBTA adjacent,Select Board,zoning,,2025,CONFIRMED,https://ashburnham-ma.gov/DocumentCenter/View/2395/June-3-2025-Ashburnham-MBTA--Public-Information-Session-No-2,OK
f2861f2aaf,Ashby,ashby,MBTA adjacent,Select Board,,,,CONFIRMED,https://drive.google.com/uc?export=download&id=1lpymrYkOWAKtyN19Ze-7ZQ2ylP3vB-AE,OK
9ab6c7f372,Ashland,ashland,commuter rail,Select Board,,,,CONFIRMED,https://ashlandmass.com/DocumentCenter/View/12341,OK
4bda7df743,Ashland,ashland,commuter rail,Select Board,,,,CONFIRMED,https://ashlandmass.com/DocumentCenter/View/14615,OK
87fcd906d2,Ashland,ashland,commuter rail,Select Board,,,,CONFIRMED,https://ashlandmass.com/1092/MBTA-Communities,OK
e59f68b7f5,Attleboro,attleboro,commuter rail,City Council,planning_board,minutes,2026,CONFIRMED,https://cityofattleboro.us/AgendaCenter/ViewFile/Minutes/_03032026-2997,OK
ab240cdf5e,Ayer,ayer,commuter rail,Select Board,,bylaw,,CONFIRMED,https://www.ayer.ma.us/DocumentCenter/View/110,OK
a62b525727,Bedford,bedford,bus,Select Board,,,,CONFIRMED,https://bedfordma.gov/DocumentCenter/View/2157,OK
be5c53be2a,Bedford,bedford,bus,Select Board,,,,CONFIRMED,https://www.bedfordma.gov/DocumentCenter/View/2157/ActionPlanforMBTACommunities_SubmissionPDF,OK
c04bc387e2,Bedford,bedford,bus,Select Board,,bylaw,,CONFIRMED,https://bedfordma.gov/DocumentCenter/View/3655/MBTA-Communities-Act-Bylaw-Passage-Support-,OK
57500ba2dc,Bedford,bedford,bus,Select Board,zoning,,,CONFIRMED,https://www.bedfordma.gov/DocumentCenter/View/3766/Articles-11-and-12-Multifamily-Zoning,OK
3e8f4d873d,Bedford,bedford,bus,Select Board,zoning,,,CONFIRMED,https://www.bedfordma.gov/DocumentCenter/View/3766/Articles-11-and-12-Multifamily-Zoning?bidId=,OK
9e69dc8314,Belmont,belmont,bus,Select Board,,,,CONFIRMED,https://belmont-ma.gov/DocumentCenter/View/3144,OK
cb1d626e53,Belmont,belmont,bus,Select Board,,,,CONFIRMED,https://belmont-ma.gov/DocumentCenter/View/3152,OK
c4ff6c850f,Belmont,belmont,bus,Select Board,city_council,,,CONFIRMED,https://belmont-ma.gov/DocumentCenter/View/3147,OK
d35d7bd320,Berkley,berkley,MBTA adjacent,Select Board,,bylaw,,CONFIRMED,https://townofberkleyma.gov/public-forum-proposed-bylaw-changes-including-mbta-communities-3a-compliance-tonight-at-605pm/,OK
619bd7fb83,Berkley,berkley,MBTA adjacent,Select Board,town_meeting,minutes,2025,CONFIRMED,https://townofberkleyma.gov/wp-content/uploads/2024/12/STM-Mtg.-Mins-11-15-25-2.pdf,OK
253d865fd9,Beverly,beverly,bus,City Council,zoning,,,CONFIRMED,https://beverlyma.gov/1105/MBTA-Communities-Multifamily-Zoning,OK
eefe51992e,Billerica,billerica,bus,Select Board,,,,CONFIRMED,http://www.town.billerica.ma.us/DocumentCenter/View/9578/Draft-Compliance-Guidelines-for-MBTA-Communities,OK
5edc898d07,Bourne,bourne,MBTA adjacent,Select Board,zoning,,,CONFIRMED,https://ma-bourne.civicplus.com/1961/MBTA-Multi-Family-Zoning,OK
4735d10b70,Bourne,bourne,MBTA adjacent,Select Board,zoning,,,CONFIRMED,https://www.bourne-ma.gov/DocumentCenter/View/900/Proposed-3A-Multi-family-Zoning-Town-Meeting-Article,OK
6f75f22e9c,Bourne,bourne,MBTA adjacent,Select Board,zoning,,,CONFIRMED,https://www.bourne-ma.gov/1961/MBTA-Multi-Family-Zoning,OK
9dcfafb7a4,Bourne,bourne,MBTA adjacent,Select Board,zoning,,,CONFIRMED,https://www.bourne-ma.gov/2227/MBTA-Multi-Family-Zoning,OK
edbee5af47,Boxborough,boxborough,MBTA adjacent,Select Board,,,,CONFIRMED,https://boxborough-ma.gov/DocumentCenter/View/2137/Draft-Guidelines-for-MBTA-Communitiespdf,OK
502b2f228e,Boxborough,boxborough,MBTA adjacent,Select Board,,,,CONFIRMED,https://boxborough-ma.gov/DocumentCenter/View/2138/MBTACommunitiesFAQ-FINALIteration101-11-22pdf,OK
707614a874,Boxborough,boxborough,MBTA adjacent,Select Board,,,,CONFIRMED,https://boxborough-ma.gov/DocumentCenter/View/2147/DHCD-Guidelines-for-MBTA-Communities-Boxborough-Presentation-Press-Releasepdf,OK
cd7dcdc4eb,Boxborough,boxborough,MBTA adjacent,Select Board,,,,CONFIRMED,https://boxborough-ma.gov/DocumentCenter/View/2148/MBTA-Communities-Draft-Multifamily-Guidelines_Boxborough-Presentationpdf,OK
fc26513638,Boxborough,boxborough,MBTA adjacent,Select Board,,,2022,CONFIRMED,https://boxborough-ma.gov/DocumentCenter/View/2139/MBTA-Communities_Summary-Deck-Feb-2022pdf,OK
862e1dbc14,Boxborough,boxborough,MBTA adjacent,Select Board,zoning,,,CONFIRMED,https://boxborough-ma.gov/DocumentCenter/View/2140/MBTA-Community-Multi-Family-Zoning-Finalpdf,OK
6bc38cea62,Boxford,boxford,MBTA adjacent,Select Board,,,,CONFIRMED,https://boxfordlibrary.org/DocumentCenter/View/1180,OK
b7ed69be57,Boxford,boxford,MBTA adjacent,Select Board,,,,CONFIRMED,https://ma-boxford.civicplus.com/542/MBTA-Communities-Law,OK
7370ecbc29,Boxford,boxford,MBTA adjacent,Select Board,,,,CONFIRMED,https://www.boxfordma.gov/DocumentCenter/View/1180,OK
ba6d1da6f7,Boxford,boxford,MBTA adjacent,Select Board,,,,CONFIRMED,https://www.boxfordma.gov/DocumentCenter/View/2636/11-MBTA-Communities-Update,OK
8a4d4c831c,Braintree,braintree,subway or light rail,City Council,zoning,,2023,CONFIRMED,https://www.braintreema.gov/DocumentCenter/View/12356,OK
c259501d79,Braintree,braintree,subway or light rail,City Council,zoning,,2023,CONFIRMED,https://www.braintreema.gov/DocumentCenter/View/12527,OK
41c85c695d,Braintree,braintree,subway or light rail,City Council,zoning,,2023,CONFIRMED,https://www.braintreema.gov/DocumentCenter/View/12528,OK
ccef26bb9c,Brockton,brockton,bus,City Council,,,,CONFIRMED,https://drive.google.com/uc?export=download&id=1FFuiQu8dBq5egdRMSExgIm91CxAj6rzz,OK
09807f379f,Brockton,brockton,bus,City Council,,,,CONFIRMED,https://drive.google.com/uc?export=download&id=1wJYz12F8N_oqSWaLDUaDjDB-x_9Yvll9,OK
35f78188ef,Brookline,brookline,subway or light rail,Select Board,,,,CONFIRMED,https://www.brooklinema.gov/DocumentCenter/View/32142/MBTACommunitiesInformationForm_Submission_959867238,OK
9cb07b739f,Brookline,brookline,subway or light rail,Select Board,,,,CONFIRMED,https://www.brooklinema.gov/DocumentCenter/View/32142/MBTACommunitiesInformationForm_Submission_959867238?bidId=,OK
6be8dd76db,Brookline,brookline,subway or light rail,Select Board,,,,CONFIRMED,https://www.brooklinema.gov/DocumentCenter/View/38300/DRAFT-EDAB-Memo---MBTA-Communities---1623-clean,OK
0ea6180729,Brookline,brookline,subway or light rail,Select Board,,,,CONFIRMED,https://www.brooklinema.gov/DocumentCenter/View/39393/ActionPlanforMBTACommunities_Submission_1058173804,OK
fb749e03ec,Brookline,brookline,subway or light rail,Select Board,,,,CONFIRMED,https://www.brooklinema.gov/DocumentCenter/View/40149/20230303-MBTA-Communities-Act-Noncompliance-FINAL,OK
a9a4433533,Brookline,brookline,subway or light rail,Select Board,,,,CONFIRMED,https://www.brooklinema.gov/DocumentCenter/View/41384/ARTICLE-24---Reso-MBTA-Communites,OK
2f111baf44,Burlington,burlington,bus,Select Board,,,,CONFIRMED,https://www.burlington.org/DocumentCenter/View/13669,OK
7392970f86,Burlington,burlington,bus,Select Board,,,,CONFIRMED,https://www.burlington.org/DocumentCenter/View/13681,OK
cf1aa5771e,Burlington,burlington,bus,Select Board,,,,CONFIRMED,https://www.burlington.org/DocumentCenter/View/13682,OK
7c37a9f14c,Cambridge,cambridge,subway or light rail,City Council,,,,CONFIRMED,https://www.cambridgema.gov/-/media/Files/CDD/ZoningDevel/OtherProjects/mbtacommunities/mbtacomm_cambridge_ActionPlan_20230131.pdf,OK
e5e629bef4,Cambridge,cambridge,subway or light rail,City Council,,,2024,CONFIRMED,https://www.cambridgema.gov/-/media/Files/CDD/ZoningDevel/Amendments/2024/multifamilyhousing/multifamily_zoning_faq_20241127.pdf,OK
6f21f34583,Canton,canton,bus,Select Board,,,2023,CONFIRMED,https://town.canton.ma.us/DocumentCenter/View/10964/REVISION-to-Section-3A-Compliance-Guidelines-August-17-2023,OK
303b7d8bbb,Canton,canton,bus,Select Board,town_meeting,warrant,,CONFIRMED,https://www.town.canton.ma.us/DocumentCenter/View/13177/PUBLIC-INFO-SESSION---Specialized-Code-Slide-Deck,OK
ca87fdc5e7,Carlisle,carlisle,MBTA adjacent,Select Board,town_meeting,warrant,,CONFIRMED,https://www.carlislema.gov/DocumentCenter/View/7281,OK
8d1d547de0,Carlisle,carlisle,MBTA adjacent,Select Board,,,,CONFIRMED,https://www.carlislema.gov/DocumentCenter/View/5509,OK
ac8199985e,Chelmsford,chelmsford,MBTA adjacent,Select Board,,,,CONFIRMED,https://www.chelmsfordma.gov/DocumentCenter/View/14653,OK
b9cfe1c86e,Chelmsford,chelmsford,MBTA adjacent,Select Board,,,,CONFIRMED,https://www.chelmsfordma.gov/DocumentCenter/View/14654,OK
a0df84a3b0,Cohasset,cohasset,commuter rail,Select Board,,,,CONFIRMED,https://cohassetma.org/DocumentCenter/View/5153/MBTA-Community-Multi-Family-Housing-Presentation-LLind-to-SB-32222-Final,OK
4a4b301d85,Cohasset,cohasset,commuter rail,Select Board,,,,CONFIRMED,https://www.cohassetma.gov/DocumentCenter/View/11471/4c-Z3-3A-Multi-Family-Overlay-District-pdf,OK
c9447047a3,Cohasset,cohasset,commuter rail,Select Board,,,,CONFIRMED,https://www.cohassetma.gov/DocumentCenter/View/11669/MBTA-Communities-Overlay-District-Article-ZBC-5,OK
bd7e61e567,Cohasset,cohasset,commuter rail,Select Board,,,,CONFIRMED,https://www.cohassetma.gov/DocumentCenter/View/5153/MBTA-Community-Multi-Family-Housing-Presentation-LLind-to-SB-32222-Final,OK
dafdcc8a72,Cohasset,cohasset,commuter rail,Select Board,,,,CONFIRMED,https://www.cohassetma.org/DocumentCenter/View/11447,OK
9f37c5cede,Cohasset,cohasset,commuter rail,Select Board,,,,CONFIRMED,https://www.cohassetma.org/DocumentCenter/View/11471,OK
36a2a79716,Cohasset,cohasset,commuter rail,Select Board,,,,CONFIRMED,https://www.cohassetma.org/DocumentCenter/View/7942,OK
e0e0a7058f,Cohasset,cohasset,commuter rail,Select Board,,,,CONFIRMED,https://www.cohassetma.gov/706/MBTA-Communities-Overlay-District-Inform,OK
e93bfef63f,Concord,concord,commuter rail,Select Board,,,,CONFIRMED,https://concordma.gov/DocumentCenter/View/43264/MBTA-Communities-Timeline-,OK
a0db64a6ce,Danvers,danvers,bus,Select Board,town_meeting,warrant,,CONFIRMED,https://www.danversma.gov/DocumentCenter/View/2268,OK
46a2fc80fa,Danvers,danvers,bus,Select Board,town_meeting,warrant,,CONFIRMED,https://www.danversma.gov/799/Town-Meeting-Warrants,OK
7ccfaacbda,Dover,dover,MBTA adjacent,Select Board,,,,CONFIRMED,https://doverma.gov/DocumentCenter/View/4231,OK
442dc1cb86,Dover,dover,MBTA adjacent,Select Board,,,,CONFIRMED,https://doverma.gov/DocumentCenter/View/4294,OK
e81c8edca1,Dover,dover,MBTA adjacent,Select Board,,,,CONFIRMED,https://doverma.gov/675/MBTA-Communities-Act,OK
bca9e8d288,Dracut,dracut,MBTA adjacent,Select Board,,,,CONFIRMED,https://www.dracutma.gov/DocumentCenter/View/3231/MBTA-Communities-Survey-Results-PDF,OK
c85c03dd6a,Dracut,dracut,MBTA adjacent,Select Board,,,2026,CONFIRMED,https://dracutma.gov/DocumentCenter/View/5564/MBTA-Communities-Act-Frequently-Asked-Questions-2-26-2026-PDF,OK
59254a59b7,Dracut,dracut,MBTA adjacent,Select Board,,,2026,CONFIRMED,https://dracutma.gov/DocumentCenter/View/5565/MBTA-Communities-Act-Community-Input-Session-Slides-2-26-2026-PDF,OK
9b1ec5ba4b,Dracut,dracut,MBTA adjacent,Select Board,zoning,,,CONFIRMED,https://dracutma.gov/836/MBTA-Communities-Zoning,OK
699b777da8,Duxbury,duxbury,MBTA adjacent,Select Board,,,,CONFIRMED,https://www.town.duxbury.ma.us/sites/g/files/vyhlif10506/f/uploads/actionplanformbtacommunities_submission_1061750257_0.pdf,OK
6339291af8,Duxbury,duxbury,MBTA adjacent,Select Board,,,,CONFIRMED,https://www.town.duxbury.ma.us/sites/g/files/vyhlif10506/f/uploads/draft_guidelines_for_mbta_communities_1.pdf,OK
34af0456a5,Duxbury,duxbury,MBTA adjacent,Select Board,,,,CONFIRMED,https://www.town.duxbury.ma.us/sites/g/files/vyhlif10506/f/uploads/duxbury_mbtacommunities_faq_0.pdf,OK
51a32700c5,Duxbury,duxbury,MBTA adjacent,Select Board,,,2023,CONFIRMED,https://www.town.duxbury.ma.us/sites/g/files/vyhlif10506/f/uploads/revision_to_section_3a_compliance_guidelines_august_17_2023_clean_with_appendix.pdf,OK
83ec240621,Duxbury,duxbury,MBTA adjacent,Select Board,,,2024,CONFIRMED,https://www.town.duxbury.ma.us/sites/g/files/vyhlif10506/f/pages/mbta_communities_chronology_06-13-2024.pdf,OK
b8b82e0840,East Bridgewater,eastbridgewater,MBTA adjacent,Select Board,town_meeting,warrant,,CONFIRMED,https://eastbridgewaterma.gov/DocumentCenter/View/5088,OK
3221d9c1e6,East Bridgewater,eastbridgewater,MBTA adjacent,Select Board,town_meeting,warrant,2026,CONFIRMED,https://eastbridgewaterma.gov/DocumentCenter/View/5064/Town-Meeting---May-16-2026---Warrant,OK
4d1490052f,Fitchburg,fitchburg,commuter rail,City Council,city_council,,,PROBABLE,https://www.fitchburgma.gov/DocumentCenter/View/9707/MBTA-Communities-Council-Presentation,OK
169d16b289,Framingham,framingham,commuter rail,City Council,,,,CONFIRMED,https://framinghamma.gov/DocumentCenter/View/52911,OK
93e8788770,Freetown,freetown,MBTA adjacent,Select Board,,,,CONFIRMED,https://freetownma.gov/DocumentCenter/View/1452,OK
0cd04e3b3b,Gloucester,gloucester,commuter rail,City Council,,,,CONFIRMED,https://gloucester-ma.gov/1250/Past-MBTA-Communities-Meetings-Presentat,OK
cfb0f9cc8d,Gloucester,gloucester,commuter rail,City Council,,,,CONFIRMED,https://www.gloucester-ma.gov/1250/State-40A-3A-MBTA-Communities-Informatio,OK
e54a7a37c3,Gloucester,gloucester,commuter rail,City Council,,,2024,CONFIRMED,https://www.gloucester-ma.gov/DocumentCenter/View/10097/2024-02-20_Gloucester-MBTA-Communities-Presentation,OK
fc05c96662,Gloucester,gloucester,commuter rail,City Council,planning_board,,2024,CONFIRMED,https://www.gloucester-ma.gov/DocumentCenter/View/10499/PB-Initiation-of-40A-3A-MBTA-Communities-Compliant-Zoning-8-9-2024,OK
54de8bf67c,Grafton,grafton,commuter rail,Select Board,,,,CONFIRMED,https://grafton-ma.gov/DocumentCenter/View/9297/Grafton-Action-Plan-for-MBTA-Communities-Submission,OK
42fb531741,Halifax,halifax,commuter rail,Select Board,zoning,,,CONFIRMED,https://www.halifax-ma.org/DocumentCenter/View/1630/Frequently-Asked-Questions-FAQs-MBTA-Communities-Zoning-Requirement-PDF,OK
65413640b7,Halifax,halifax,commuter rail,Select Board,zoning,,,CONFIRMED,https://www.halifaxma.gov/DocumentCenter/View/1630/Frequently-Asked-Questions-FAQs-MBTA-Communities-Zoning-Requirement-PDF,OK
e7fad02f15,Hanson,hanson,commuter rail,Select Board,,,,CONFIRMED,https://www.hanson-ma.gov/sites/g/files/vyhlif3231/f/uploads/draft_guidelines_for_mbta_communities.pdf,OK
8f2ef222a0,Harvard,harvard,MBTA adjacent,Select Board,town_meeting,minutes,,CONFIRMED,https://www.harvard-ma.gov/DocumentCenter/View/1163,OK
e0ef03cc17,Harvard,harvard,MBTA adjacent,Select Board,town_meeting,minutes,2023,CONFIRMED,https://www.harvard-ma.gov/DocumentCenter/View/1562/ATM-Minutes---October-21-2023-PDF,OK
7360d9d0d0,Harvard,harvard,MBTA adjacent,Select Board,town_meeting,minutes,2024,CONFIRMED,https://www.harvard-ma.gov/DocumentCenter/View/1563/ATM-Minutes---April-6-2024-PDF,OK
35475f7995,Hingham,hingham,bus,Select Board,,,,CONFIRMED,https://www.hingham-ma.gov/DocumentCenter/View/19965,OK
97b1066076,Hingham,hingham,bus,Select Board,,,,CONFIRMED,https://hingham-ma.gov/1013/MBTA-Communities,OK
261b2a1bbf,Hingham,hingham,bus,Select Board,,,2022,CONFIRMED,https://hingham-ma.gov/DocumentCenter/View/16747/SB-MBTA-Communities-Briefing-4-26-22?bidId=,OK
618df67ec0,Holden,holden,MBTA adjacent,Select Board,planning_board,minutes,2022,CONFIRMED,https://holdenma.gov/DocumentCenter/View/6107,OK
42149b2491,Holliston,holliston,MBTA adjacent,Select Board,town_meeting,,,CONFIRMED,https://www.townofholliston.us/DocumentCenter/View/4229/MBTA-3A-Multi-Family-Overlay-Town-Meeting-Draft-Article-PDF,OK
11f071c4a3,Holliston,holliston,MBTA adjacent,Select Board,zoning,,,CONFIRMED,https://www.townofholliston.us/392/MBTA-3A-Zoning-Maps,OK
4858de3ba9,Holliston,holliston,MBTA adjacent,Select Board,zoning,,,CONFIRMED,https://www.townofholliston.us/537/Article-9-MBTA-3A-Zoning-Overlay-Distric,OK
e016fe5e33,Holliston,holliston,MBTA adjacent,Select Board,zoning,bylaw,,CONFIRMED,https://www.townofholliston.us/538/Article-10-MBTA-3A-Zoning-by-Law-Consist,OK
156513cf3d,Holliston,holliston,MBTA adjacent,Select Board,town_meeting,minutes,2024,CONFIRMED,https://www.townofholliston.us/DocumentCenter/View/9711,OK
e88f7b54ad,Hopkinton,hopkinton,commuter rail,Select Board,planning_board,,2024,CONFIRMED,https://ehop.org/wp/wp-content/uploads/2024/10/MBTA-Communities-Presentation-PB-10-07-24.pdf,OK
2a955ed9f3,Hopkinton,hopkinton,commuter rail,Select Board,planning_board,bylaw,2024,CONFIRMED,https://ehop.org/wp/wp-content/uploads/2024/04/ARTICLE-39_MBTA-Communities-Zoning-Bylaw_Sponsor-Planning-Board_2024-1.pdf,OK
70040830d2,Hopkinton,hopkinton,commuter rail,Select Board,town_meeting,warrant,2024,CONFIRMED,https://ehop.org/wp/wp-content/uploads/2024/04/2024-05-06-ATM-Warrant-Motions-Document-FINAL.pdf,OK
7241fb31fc,Hull,hull,bus,Select Board,,,,CONFIRMED,https://www.town.hull.ma.us/DocumentCenter/View/345/Hull-Action-Plan-For-MBTA-Communities-PDF,OK
6d9c17e879,Hull,hull,bus,Select Board,,,,CONFIRMED,https://www.town.hull.ma.us/DocumentCenter/View/347/Section-3A-Compliance-Guidelines-PDF,OK
d70d90089a,Hull,hull,bus,Select Board,,,,CONFIRMED,https://www.town.hull.ma.us/625/MBTA-Communities-MGL40A3A,OK
5b24f281ab,Hull,hull,bus,Select Board,town_meeting,minutes,,CONFIRMED,https://www.town.hull.ma.us/DocumentCenter/View/1166/Most-Recent-Town-Meeting-Minutes-PDF,OK
7983b44a21,Hull,hull,bus,Select Board,town_meeting,minutes,2025,CONFIRMED,https://www.town.hull.ma.us/DocumentCenter/View/1202/2025-Annual-Town-Meeting-Minutes-PDF,OK
c9a57a7a48,Hull,hull,bus,Select Board,town_meeting,warrant,,CONFIRMED,https://www.town.hull.ma.us/DocumentCenter/View/1167/Town-Meeting-Warrant-Facsimile-PDF,OK
79a58d8bbe,Ipswich,ipswich,commuter rail,Select Board,,,,CONFIRMED,https://ipswichma.gov/978/Section-3A,OK
eb67a15d36,Ipswich,ipswich,commuter rail,Select Board,zoning,bylaw,2025,CONFIRMED,https://ipswichma.gov/DocumentCenter/View/17525/Town-of-Ipswich-3A-MBTA-MOD-Zoning-Bylaw-Article-2-5-2025---REVISED-with-Affordable-Housing-Percentages-as-per-Econ-Feasibility-Study-pdf,OK
fd4c40eb9f,Kingston,kingston,commuter rail,Select Board,,,2024,CONFIRMED,https://kingstonma.gov/DocumentCenter/View/5170/Town-of-Kingston--MBTA-Communities-Sept-5-2024,OK
4e22ff67a4,Kingston,kingston,commuter rail,Select Board,town_meeting,minutes,2024,CONFIRMED,https://kingstonma.gov/DocumentCenter/View/5637,OK
1e6f62ce84,Lakeville,lakeville,commuter rail,Select Board,,,,CONFIRMED,https://ma-lakeville.civicplus.com/DocumentCenter/View/438,OK
7b7fc34777,Lakeville,lakeville,commuter rail,Select Board,,,,CONFIRMED,https://ma-lakeville.civicplus.com/DocumentCenter/View/439,OK
192684959c,Lancaster,lancaster,MBTA adjacent,Select Board,,,,CONFIRMED,https://www.ci.lancaster.ma.us/DocumentCenter/View/3477/Re_-Lancaster---Conditional-Compliance-with-Section-3A_MBTA-Communities,OK
22d91f8117,Leicester,leicester,MBTA adjacent,Select Board,,,,CONFIRMED,https://leicesterma.org/481/MBTA-Communities-Leicester,OK
7474d98096,Leicester,leicester,MBTA adjacent,Select Board,zoning,bylaw,2025,CONFIRMED,https://leicesterma.org/DocumentCenter/View/3233/Leicester-MBTA-Zoning-Draft-02192025,OK
e913cd60f8,Lexington,lexington,bus,Select Board,,,,CONFIRMED,https://www.lexingtonma.gov/DocumentCenter/View/7029,OK
8bc5a62466,Lexington,lexington,bus,Select Board,zoning,,,CONFIRMED,https://lexingtonma.gov/DocumentCenter/View/7932/Art-34-multi-family-zoning?bidId=,OK
4cf62197cc,Lexington,lexington,bus,Select Board,zoning,,,CONFIRMED,https://lexingtonma.gov/DocumentCenter/View/8463/Art-34-village-and-multi-family-slides?bidId=%EF%BF%BD%EF%BF%BD%20;%20%EF%BF%BD%EF%BF%BD(%EF%BF%BD%EF%BF%BDhttps://www.lexingtonma.gov/1496/Zoning-Amendments---MBTA-Communities,OK
7ce25ad12b,Lexington,lexington,bus,Select Board,zoning,,,CONFIRMED,https://www.lexingtonma.gov/DocumentCenter/View/7932/Art-34-multi-family-zoning,OK
c1e56d973c,Lexington,lexington,bus,Select Board,zoning,,,CONFIRMED,https://lexingtonma.gov/1496/MBTA-Communities-Zoning,OK
f4a1d3c83b,Lexington,lexington,bus,Select Board,zoning,,2025,CONFIRMED,https://www.lexingtonma.gov/DocumentCenter/View/14478/2025-Village-Overlay-Zoning-Map-STM?bidId=,OK
94d502de30,Lincoln,lincoln,bus,Select Board,,,,CONFIRMED,http://lincolntown.org/DocumentCenter/View/72113/Draft-Guidelines-for-MBTA-Communities--12152021,OK
dc5ae920d0,Lincoln,lincoln,bus,Select Board,,,,CONFIRMED,https://lincolntown.org/DocumentCenter/View/85829/DistrictComplianceApplicationforMBTACommunities_Submission_1216484705,OK
39e65278ef,Lincoln,lincoln,bus,Select Board,,,,CONFIRMED,https://lincolntown.org/DocumentCenter/View/85832/DistrictComplianceApplicationforMBTACommunities_Submission_1216484705pdf,OK
269fb58d20,Lincoln,lincoln,bus,Select Board,,,2023,CONFIRMED,https://lincolntown.org/DocumentCenter/View/85192/2023-10-24-Lincoln-MBTA-Communities---Corrected,OK
433fa7a68a,Lincoln,lincoln,bus,Select Board,,,2023,CONFIRMED,https://www.lincolntown.org/DocumentCenter/View/85225/2023-11-08-Lincoln-MBTA-Communities-Forums---Updated?bidId=,OK
94f8594ce9,Littleton,littleton,commuter rail,Select Board,,,,CONFIRMED,https://littletonma.org/DocumentCenter/View/5205,OK
436c4ed6c6,Littleton,littleton,commuter rail,Select Board,,,,CONFIRMED,https://littletonma.org/DocumentCenter/View/5210,OK
9a5d14b3ad,Littleton,littleton,commuter rail,Select Board,,,,CONFIRMED,https://littletonma.org/DocumentCenter/View/5212,OK
5f8c2e13bd,Littleton,littleton,commuter rail,Select Board,,,,CONFIRMED,https://littletonma.org/DocumentCenter/View/7631,OK
2f9a0472db,Littleton,littleton,commuter rail,Select Board,,,2023,CONFIRMED,https://littletonma.org/DocumentCenter/View/5993/REVISION-to-Section-3A-Compliance-Guidelines-August-17-2023-REDLINE,OK
fcf1e1b021,Lowell,lowell,commuter rail,City Council,zoning,,,CONFIRMED,https://www.lowellma.gov/DocumentCenter/View/23656,OK
9659c01899,Lunenburg,lunenburg,MBTA adjacent,Select Board,,,,PROBABLE,https://www.lunenburgma.gov/DocumentCenter/View/1149,OK
b4159369a2,Lunenburg,lunenburg,MBTA adjacent,Select Board,,,,PROBABLE,https://www.lunenburgma.gov/DocumentCenter/View/1150,OK
be98c11c12,Lunenburg,lunenburg,MBTA adjacent,Select Board,,,,PROBABLE,https://www.lunenburgma.gov/DocumentCenter/View/1153,OK
88f0aa1881,Lunenburg,lunenburg,MBTA adjacent,Select Board,,,,PROBABLE,https://www.lunenburgma.gov/DocumentCenter/View/1154,OK
4421fa38da,Lunenburg,lunenburg,MBTA adjacent,Select Board,,,,PROBABLE,https://www.lunenburgma.gov/DocumentCenter/View/2801,OK
2a693ae41c,Lunenburg,lunenburg,MBTA adjacent,Select Board,,,,PROBABLE,https://www.lunenburgma.gov/DocumentCenter/View/2802,OK
123053c8b7,Lunenburg,lunenburg,MBTA adjacent,Select Board,,,,PROBABLE,https://www.lunenburgma.gov/DocumentCenter/View/2805,OK
bb08a018e1,Lunenburg,lunenburg,MBTA adjacent,Select Board,,,,PROBABLE,https://www.lunenburgma.gov/DocumentCenter/View/2809,OK
f0d79671f5,Lunenburg,lunenburg,MBTA adjacent,Select Board,,,,PROBABLE,https://www.lunenburgma.gov/DocumentCenter/View/2822/MBTA-Communities-Information-PDF,OK
752b0b56af,Lunenburg,lunenburg,MBTA adjacent,Select Board,,,,PROBABLE,https://www.lunenburgma.gov/DocumentCenter/View/3084,OK
1593ac1039,Lynnfield,lynnfield,MBTA adjacent,Select Board,,,2024,CONFIRMED,https://www.lynnfieldma.gov/DocumentCenter/View/287/May-8-2024---Lynnfield-Villager-MBTA-Communities-Law-Committee-Formed-PDF,OK
1ee161edd8,Lynnfield,lynnfield,MBTA adjacent,Select Board,select_board,,2024,CONFIRMED,https://www.lynnfieldma.gov/DocumentCenter/View/283/May-6-2024---Lynn-Item-Select-Board-Forms-MBTA-Communities-Law-Committee-PDF,OK
531dc1782d,Lynnfield,lynnfield,MBTA adjacent,Select Board,zoning,,,CONFIRMED,https://www.lynnfieldma.gov/DocumentCenter/View/1623/3A-Zoning-Amendment-Article-PDF,OK
d3e68d5c67,Lynnfield,lynnfield,MBTA adjacent,Select Board,zoning,,,CONFIRMED,https://www.lynnfieldma.gov/DocumentCenter/View/303/The-Law---Revision-to-Section-3A-Compliance-Guidelines-for-Multi-Family-Zoning-Districts-PDF,OK
d703439814,Lynnfield,lynnfield,MBTA adjacent,Select Board,zoning,,2024,CONFIRMED,https://www.lynnfieldma.gov/DocumentCenter/View/284/July-24-2024---Lynnfield-Villager-MBTA-Communities-Zoning-Locations-Proposed-PDF,OK
ca851a1acc,Malden,malden,subway or light rail,City Council,,,,CONFIRMED,https://cityofmalden.org/DocumentCenter/View/6750/DHCD-Section-3A-Compliance-Guidelines-81022,OK
6064caea32,Malden,malden,subway or light rail,City Council,,,,CONFIRMED,https://cityofmalden.org/DocumentCenter/View/6750/DHCD-Section-3A-Compliance-Guidelines-81022?bidId=,OK
3481a58c0f,Malden,malden,subway or light rail,City Council,,,2022,CONFIRMED,https://cityofmalden.org/DocumentCenter/View/6748/DHCD-Section-3A-Compliance-Guidelines-with-Appendices-Revised-October-21-2022-,OK
b50314d0f2,Malden,malden,subway or light rail,City Council,,,2022,CONFIRMED,https://cityofmalden.org/DocumentCenter/View/6748/DHCD-Section-3A-Compliance-Guidelines-with-Appendices-Revised-October-21-2022-?bidId=,OK
0e43ff57b1,Malden,malden,subway or light rail,City Council,,,2023,CONFIRMED,https://www.cityofmalden.org/DocumentCenter/View/7339/REVISION-to-Section-3A-Compliance-Guidelines-August-17-2023,OK
8e145c0e94,Malden,malden,subway or light rail,City Council,,,2023,CONFIRMED,https://www.cityofmalden.org/DocumentCenter/View/7339/REVISION-to-Section-3A-Compliance-Guidelines-August-17-2023?bidId=,OK
7217b8767c,Malden,malden,subway or light rail,City Council,,,2025,CONFIRMED,https://cityofmalden.org/DocumentCenter/View/11092/EOHLC-Malden---Determination-of-Compliance-2025611,OK
aef1e9aab4,Manchester,manchester,commuter rail,Select Board,,,,CONFIRMED,http://manchester.ma.us/DocumentCenter/View/4709/MBTACommunities-Draft-Compliance-Guidelines-c40A-Sect-3A,OK
4e5d3cb533,Manchester,manchester,commuter rail,Select Board,,,,CONFIRMED,http://manchester.ma.us/DocumentCenter/View/6290/Section-3A-Compliance-Guidelines-81723,OK
e74e7a1849,Manchester,manchester,commuter rail,Select Board,,,,CONFIRMED,http://manchester.ma.us/DocumentCenter/View/6290/Section-3A-Compliance-Guidelines-81723?bidId=,OK
beb35f8f61,Manchester,manchester,commuter rail,Select Board,,,,CONFIRMED,http://www.manchester.ma.us/DocumentCenter/View/8884/MBTS---Section-3A-Determination-of-Compliance,OK
66bd147537,Manchester,manchester,commuter rail,Select Board,,,2022,CONFIRMED,http://manchester.ma.us/DocumentCenter/View/4710/MBTACommunitiesFAQ-Updated_03-01-22,OK
78d4ba00bf,Manchester,manchester,commuter rail,Select Board,,,2022,CONFIRMED,http://manchester.ma.us/DocumentCenter/View/4759/MAPC-MBTA-TOD-Section3A_FinalComments_3_21_22,OK
6a1db0a165,Mansfield,mansfield,commuter rail,Select Board,,,,CONFIRMED,https://mansfieldma.com/DocumentCenter/View/6097/MBTA-Communities-FAQ---Updated-03102022,OK
d2bd8809ae,Mansfield,mansfield,commuter rail,Select Board,,,2024,CONFIRMED,https://mansfieldma.com/DocumentCenter/View/9181,OK
c09c15b23c,Mansfield,mansfield,commuter rail,Select Board,zoning,,,CONFIRMED,https://mansfieldma.com/705/MGL-Chapter-40A-Section-3A-3A-MBTA-Zonin,OK
04cea1e7ca,Marblehead,marblehead,bus,Select Board,,,,CONFIRMED,https://marbleheadma.gov/event/3a-multifamily-overlay-district-information-session/,OK
50aea912f0,Marblehead,marblehead,bus,Select Board,,,2025,CONFIRMED,https://marbleheadma.gov/wp-content/uploads/2025/03/mbta_communities_-_public_presentation.pdf.pdf,OK
6399e4708f,Marblehead,marblehead,bus,Select Board,,,2025,CONFIRMED,https://marbleheadma.gov/wp-content/uploads/2025/04/MBTA-Communities-3A-Compliance.pdf,OK
3381050f2c,Marshfield,marshfield,MBTA adjacent,Select Board,select_board,,,CONFIRMED,https://marshfield-ma.gov/government/select_board/mbta_communities_act_information.php,OK
a07a9b7117,Maynard,maynard,MBTA adjacent,Select Board,town_meeting,minutes,2024,CONFIRMED,https://townofmaynard-ma.gov/DocumentCenter/View/3037/Official-Minutes-of-ATM-5-20-2024,OK
aee66059eb,Medfield,medfield,MBTA adjacent,Select Board,,,2023,CONFIRMED,https://town.medfield.net/DocumentCenter/View/6767/Action-Plan-for-MBTA-Communities-01-17-23-Submission-pdf,OK
709985b850,Medfield,medfield,MBTA adjacent,Select Board,zoning,,,CONFIRMED,https://town.medfield.net/2178/MBTA-Communities-Multi-Family-Zoning-Req,OK
d54b9d344c,Medway,medway,MBTA adjacent,Select Board,,notice,,CONFIRMED,https://medwayma.gov/news-and-notices/have-you-heard-of-the-mbta-communities-law,OK
a544330b1e,Medway,medway,MBTA adjacent,Select Board,,notice,,CONFIRMED,https://medwayma.gov/news-and-notices/mbta-communities-law-compliance-in-medway-barrett-planning-group-presentation,OK
9135748b18,Medway,medway,MBTA adjacent,Select Board,,notice,,CONFIRMED,https://medwayma.gov/news-and-notices/mbta-communities-law-pedb-special-meeting-862024-2,OK
222eff625f,Medway,medway,MBTA adjacent,Select Board,,notice,,CONFIRMED,https://medwayma.gov/news-and-notices/mbta-communities-public-information-flyer,OK
fb9c04a53b,Melrose,melrose,subway or light rail,City Council,,,,CONFIRMED,https://www.cityofmelrose.org/DocumentCenter/View/2647/MBTA-Communities-Compliance-Letter,OK
0191a3a83a,Merrimac,merrimac,MBTA adjacent,Select Board,,,,CONFIRMED,https://townofmerrimac.com/event/mbta-communities-workshop-with-mvpc/,OK
a2e80430c7,Merrimac,merrimac,MBTA adjacent,Select Board,,bylaw,,CONFIRMED,https://townofmerrimac.com/event/mbta-communities-by-law-meeting/,OK
7b1d93f747,Methuen,methuen,MBTA adjacent,City Council,zoning,,,CONFIRMED,https://cityofmethuen.net/838/MBTA-Communities-Multi-Family-Zoning,OK
f9e45206b5,Middleborough,middleborough,commuter rail,Select Board,zoning,,,CONFIRMED,https://www.middleboroughma.gov/DocumentCenter/View/4873,OK
e31e802228,Middleton,middleton,MBTA adjacent,Select Board,,,2024,PROBABLE,https://www.middletonma.gov/DocumentCenter/View/4379,OK
84303d4a43,Millbury,millbury,MBTA adjacent,Select Board,town_meeting,warrant,,CONFIRMED,https://millburyma.gov/DocumentCenter/View/373/Annual-Town-Meeting-Warrant,OK
b1770595f8,Millbury,millbury,MBTA adjacent,Select Board,town_meeting,warrant,,CONFIRMED,https://millburyma.gov/DocumentCenter/View/385/Signed-Warrant,OK
b8537cfb70,Milton,milton,subway or light rail,Select Board,town_meeting,warrant,,CONFIRMED,https://www.miltonma.gov/DocumentCenter/View/6120,OK
4f391f02c8,Milton,milton,subway or light rail,Select Board,town_meeting,warrant,,CONFIRMED,https://www.townofmilton.org/DocumentCenter/View/6120/MBTA-Communities-Warrant-Articles-1-and-2,OK
70c4aabed1,Milton,milton,subway or light rail,Select Board,,,,CONFIRMED,https://www.miltonma.gov/DocumentCenter/View/3138,OK
0be6865f0c,Milton,milton,subway or light rail,Select Board,,,,CONFIRMED,https://www.miltonma.gov/DocumentCenter/View/3139,OK
c5ea348ccf,Milton,milton,subway or light rail,Select Board,,,,CONFIRMED,https://www.miltonma.gov/DocumentCenter/View/3146,OK
317f00e16a,Milton,milton,subway or light rail,Select Board,,,,CONFIRMED,https://www.miltonma.gov/DocumentCenter/View/3261,OK
1bd91dde5d,Nahant,nahant,bus,Select Board,,,2022,CONFIRMED,https://nahant.org/wp-content/uploads/2022/11/MBTACommunitiesInformationForm_Submission_963837223.pdf,OK
793fdc8421,Nahant,nahant,bus,Select Board,zoning,,2025,CONFIRMED,https://nahant.org/wp-content/uploads/2025/03/MBTA-Communities-mandatory-zoning-comment-letter.pdf,OK
ab0ee0056a,Needham,needham,bus,Select Board,,,,CONFIRMED,http://www.needhamma.gov/DocumentCenter/View/24936/MBTACommunitiesFAQ-FINALIteration101-11-22,OK
18c09d4ad3,Needham,needham,bus,Select Board,,,,CONFIRMED,https://needhamma.gov/DocumentCenter/View/47397,OK
31d36ca717,Needham,needham,bus,Select Board,,,,CONFIRMED,https://needhamma.gov/DocumentCenter/View/59237,OK
da289fec42,Needham,needham,bus,Select Board,,,,CONFIRMED,https://needhamma.gov/DocumentCenter/View/59242,OK
f9d38b9927,Needham,needham,bus,Select Board,,,,CONFIRMED,https://www.needhamma.gov/DocumentCenter/View/43813/ActionPlanforMBTACommunities_Submission_1061884882,OK
ebc719ad3b,Needham,needham,bus,Select Board,,,,CONFIRMED,https://www.needhamchannel.org/tag/mbta-communities-act/,FAIL:URLError
57ffee8974,Needham,needham,bus,Select Board,,,,CONFIRMED,https://www.needhamchannel.org/tag/mbta-communities-law/,FAIL:URLError
d4c03165ec,Needham,needham,bus,Select Board,,,,CONFIRMED,https://www.needhamchannel.org/tag/mbta-communities/,FAIL:URLError
a6862fb671,Newbury,newbury,commuter rail,Select Board,,,,CONFIRMED,https://www.newburyma.gov/Documentcenter/View/2141/Updated-Newbury-Section-3a-Mbta-Communities-Fact-Sheet-PDF,OK
28584d7f26,Newbury,newbury,commuter rail,Select Board,zoning,,,CONFIRMED,https://townofnewbury.org/896/MBTA-Communities-Multi-Family-Zoning-Ove,OK
98675a29b1,Newbury,newbury,commuter rail,Select Board,zoning,,,CONFIRMED,https://www.newburyma.gov/896/MBTA-Communities-Multi-Family-Zoning-Ove,OK
6b69423498,Newburyport,newburyport,commuter rail,City Council,,,2024,CONFIRMED,https://www.cityofnewburyport.com/sites/g/files/vyhlif12211/f/uploads/comm00540_02_26_2024_newburyport-mbta-communities-storey-ave-slides-2024-2-20-final.pdf,OK
bcfa9885f2,North Andover,northandover,commuter rail,Select Board,zoning,,,CONFIRMED,https://northandoverma.gov/359/MBTA-Communities-Multi-Family-Zoning,OK
c8aeabc0f3,North Attleborough,northattleborough,MBTA adjacent,City Council,zoning,bylaw,2025,CONFIRMED,https://www.northattleborough.gov/DocumentCenter/View/8244/Measure-2025-008--Multi-Unit-Residenence-Overlay-District-MROD-PDF,OK
ee7a537a20,Northborough,northborough,MBTA adjacent,Select Board,town_meeting,minutes,2024,CONFIRMED,https://www.town.northborough.ma.us/sites/g/files/vyhlif12221/f/uploads/town_meeting_minutes_04.22.2024.pdf,OK
4bc74c9804,Northborough,northborough,MBTA adjacent,Select Board,town_meeting,warrant,2024,CONFIRMED,https://www.town.northborough.ma.us/sites/g/files/vyhlif12221/f/uploads/final_warrant_-_ready_for_printing_4.10.24.pdf,OK
724abaab5a,Northborough,northborough,MBTA adjacent,Select Board,town_meeting,warrant,2024,CONFIRMED,https://www.town.northborough.ma.us/sites/g/files/vyhlif12221/f/uploads/town_meeting_warrant_04.05.2024.pdf,OK
98f1073be3,North Reading,northreading,MBTA adjacent,Select Board,,,,CONFIRMED,https://northreadingma.gov/377/MBTA-Communities3A-Compliance,OK
e2cf71a1dd,Norwood,norwood,bus,Select Board,,,,CONFIRMED,https://www.norwoodma.gov/departments/planning_and_economic_development/mbta_communities_faqs.php,OK
dba0f5ac17,Norwood,norwood,bus,Select Board,,,,CONFIRMED,https://www.norwoodma.gov/departments/planning_and_economic_development/mbta_community_initiative.php,OK
280f5419a9,Peabody,peabody,bus,City Council,zoning,,,PROBABLE,https://peabody-ma.gov/city clerk/Zoning Amendment - Multi-family Overlay District MFOD.pdf,OK
b2c00dd864,Plymouth,plymouth,commuter rail,Select Board,,,,CONFIRMED,https://plymouth-ma.gov/1246/MBTA-Communities,OK
980796ac61,Plymouth,plymouth,commuter rail,Select Board,zoning,bylaw,2024,CONFIRMED,https://plymouth-ma.gov/DocumentCenter/View/4738/MBTA-communities-Draft-Zoning-Bylaw-1242024,OK
a9992bcc3a,Plymouth,plymouth,commuter rail,Select Board,town_meeting,minutes,2024,CONFIRMED,https://www.plymouth-ma.gov/DocumentCenter/View/5337,OK
d21f63c497,Plympton,plympton,MBTA adjacent,Select Board,town_meeting,minutes,,CONFIRMED,https://town.plympton.ma.us/DocumentCenter/View/669/Minutes-for-Annual-Town-Meeting,OK
84684e9593,Randolph,randolph,bus,City Council,,,,PROBABLE,https://randolph-ma.gov/686/MBTA-Communities,OK
e929a24624,Reading,reading,bus,Select Board,,,,CONFIRMED,https://www.readingma.gov/DocumentCenter/View/10601/ActionPlanforMBTACommunities_Submission-PDF,OK
21e5035a1d,Rehoboth,rehoboth,MBTA adjacent,Select Board,town_meeting,warrant,2023,CONFIRMED,https://www.rehobothma.gov/sites/g/files/vyhlif4911/f/uploads/warrant-final_10-10-2023.pdf,OK
f236a860db,Rehoboth,rehoboth,MBTA adjacent,Select Board,town_meeting,warrant,2025,CONFIRMED,https://www.rehobothma.gov/sites/g/files/vyhlif4911/f/uploads/warrant_10.7.25-final_copy_to_printer.pdf,OK
db2a579f9f,Rockland,rockland,MBTA adjacent,Select Board,,,,CONFIRMED,https://www.rockland-ma.gov/DocumentCenter/View/3444,OK
2a8160827a,Rockland,rockland,MBTA adjacent,Select Board,,,,CONFIRMED,https://www.rockland-ma.gov/DocumentCenter/View/3446/Frequently-Asked-Questions---MBTA-Communities-Law,OK
1a31587835,Rockland,rockland,MBTA adjacent,Select Board,,,,CONFIRMED,https://www.rockland-ma.gov/DocumentCenter/View/3503,OK
f5f8d65b91,Rockland,rockland,MBTA adjacent,Select Board,,,,CONFIRMED,https://www.rockland-ma.gov/DocumentCenter/View/3504,OK
007550b4f7,Rockland,rockland,MBTA adjacent,Select Board,,,,CONFIRMED,https://www.rockland-ma.gov/DocumentCenter/View/3518,OK
e343034400,Rockland,rockland,MBTA adjacent,Select Board,,,,CONFIRMED,https://www.rockland-ma.gov/DocumentCenter/View/3524,OK
c8060162c9,Rockland,rockland,MBTA adjacent,Select Board,,,,CONFIRMED,https://www.rockland-ma.gov/DocumentCenter/View/3573/MBTA-Communities-Law---Resident-Questions-and-Answers_41624,OK
6f7d5ae65b,Rockland,rockland,MBTA adjacent,Select Board,,,2024,CONFIRMED,https://rockland-ma.gov/DocumentCenter/View/3525/MBTA-Communities-Law-Compliance---Questions-and-Answers-April-2024,OK
57bb91bbe6,Rockland,rockland,MBTA adjacent,Select Board,zoning,,,CONFIRMED,https://www.rockland-ma.gov/DocumentCenter/View/3443,OK
4179c9b37a,Rockport,rockport,commuter rail,Select Board,,,2022,CONFIRMED,https://rockportma.gov/DocumentCenter/View/608/Final-Section-3A-Guidelines-8-10-22-PDF,OK
899161346b,Saugus,saugus,bus,Select Board,,,,PROBABLE,https://www.saugus-ma.gov/DocumentCenter/View/119,OK
207aca407f,Seekonk,seekonk,MBTA adjacent,Select Board,town_meeting,minutes,,CONFIRMED,https://www.seekonk-ma.gov/DocumentCenter/View/2550,OK
ede7471ab0,Seekonk,seekonk,MBTA adjacent,Select Board,town_meeting,minutes,,CONFIRMED,https://www.seekonk-ma.gov/DocumentCenter/View/3102,OK
ddd05d4448,Sharon,sharon,commuter rail,Select Board,,,,CONFIRMED,https://www.sharonma.gov/DocumentCenter/View/1947/Sharon-MBTA-Communities-Law-Frequently-Asked-Questions-PDF,OK
93688132de,Sherborn,sherborn,MBTA adjacent,Select Board,town_meeting,warrant,2025,CONFIRMED,https://www.sherbornma.org/DocumentCenter/View/3208/Warrant-Articles-MBTA-Multi-family-Overlay-District-Bylaw-draft-2-26-2025,OK
bda42a97e7,Sherborn,sherborn,MBTA adjacent,Select Board,,,,CONFIRMED,https://www.sherbornma.org/DocumentCenter/View/3075,OK
99d9058ca0,Sherborn,sherborn,MBTA adjacent,Select Board,,,2024,CONFIRMED,https://sherbornma.org/DocumentCenter/View/2566/Multi-Family-Overlay-District-Presentation-of-February-20-2024,OK
50233509d3,Sherborn,sherborn,MBTA adjacent,Select Board,,,2024,CONFIRMED,https://sherbornma.org/DocumentCenter/View/2614/Sherborn-MBTA-Communities-3A---June-25-2024-Workshop,OK
5627743f3c,Sherborn,sherborn,MBTA adjacent,Select Board,,,2024,CONFIRMED,https://sherbornma.org/DocumentCenter/View/2654/The-MBTA-Communities-Law-Survey-Overview-updated-July-16-2024,OK
4e7f59dc54,Shirley,shirley,commuter rail,Select Board,planning_board,bylaw,2024,CONFIRMED,https://shirley-ma.gov/DocumentCenter/View/1086/Shirley-PB-Approved-Final-MBTA-Communities-Bylaw-92524,OK
086524e456,Shrewsbury,shrewsbury,commuter rail,Select Board,zoning,,,CONFIRMED,https://shrewsburyma.gov/DocumentCenter/View/15207/Compliance-Guidelines-for-Multi-family-Zoning-Districts-Under-Section-3A-of-the-Zoning-Act,OK
55a1cd585c,Shrewsbury,shrewsbury,commuter rail,Select Board,zoning,,,CONFIRMED,https://shrewsburyma.gov/DocumentCenter/View/17856/Press-Release-EOHLC-Issues-Determination-on--Shrewsburys-Compliance-with-MBTA-Communities-Zoning,OK
d812d30e2a,Southborough,southborough,commuter rail,Select Board,,,,CONFIRMED,https://www.southboroughma.gov/DocumentCenter/View/2174/MASSGOV-MBTA-Communities-Compliance-Guidelines,OK
2f18462197,Southborough,southborough,commuter rail,Select Board,,,,CONFIRMED,https://www.southboroughma.gov/DocumentCenter/View/2513,OK
f28d017cde,Southborough,southborough,commuter rail,Select Board,,,,CONFIRMED,https://www.southboroughma.gov/DocumentCenter/View/3431/01--20220216-MMLA-Presentation-MBTA-Communities-Multi-Family-Housing,OK
a378a03211,Sterling,sterling,MBTA adjacent,Select Board,town_meeting,minutes,2025,CONFIRMED,https://sterling-ma.gov/DocumentCenter/View/8257/2025-November-3-Speical-Town-Meeting-Minutes,OK
dd35764e77,Stow,stow,MBTA adjacent,Select Board,,,,CONFIRMED,https://www.stow-ma.gov/DocumentCenter/View/1299/Does-Stow-need-to-comply-with-the-MBTA-Communities-Law-PDF,OK
71818af34c,Stow,stow,MBTA adjacent,Select Board,,,,CONFIRMED,https://www.stow-ma.gov/DocumentCenter/View/7678/MBTA-Communities-FAQs-Oct-25,OK
0e76532f82,Stow,stow,MBTA adjacent,Select Board,,,,CONFIRMED,https://www.stow-ma.gov/DocumentCenter/View/7693/CHAPA-3AEnforcementPotential-092225,OK
54c0389dc6,Stow,stow,MBTA adjacent,Select Board,,,,CONFIRMED,https://www.stow-ma.gov/398/MBTA-Communities,OK
1c7b0ccc5a,Sutton,sutton,MBTA adjacent,Select Board,,,,CONFIRMED,https://suttonma.org/1326/Chapter-40A-Section-3A-Multifamily-Housi,OK
6a79bfaadc,Sutton,sutton,MBTA adjacent,Select Board,,,,CONFIRMED,https://www.suttonma.gov/1326/Chapter-40A-Section-3A-Multifamily-Housi,OK
566ec1eb00,Tewksbury,tewksbury,MBTA adjacent,Select Board,,,,CONFIRMED,https://tewksbury-ma.gov/DocumentCenter/View/4060/MBTA-Communities-First-Public-Feedback-Presentation-81523-PDF,OK
a8c90c0ce0,Tewksbury,tewksbury,MBTA adjacent,Select Board,,,,CONFIRMED,https://tewksbury-ma.gov/DocumentCenter/View/4135/MBTA-Communities-Workshop-Presentation-91323-PDF,OK
ec3f1eaecb,Tewksbury,tewksbury,MBTA adjacent,Select Board,,,,CONFIRMED,https://www.tewksbury-ma.gov/DocumentCenter/View/3537/MBTA-Communities-Action-Plan-Submission-PDF,OK
866d37e7f7,Tewksbury,tewksbury,MBTA adjacent,Select Board,,,,CONFIRMED,https://www.tewksbury-ma.gov/DocumentCenter/View/4135/MBTA-Communities-Workshop-Presentation-91323-PDF?bidId=,OK
d5735b3982,Tewksbury,tewksbury,MBTA adjacent,Select Board,,,2023,CONFIRMED,https://tewksbury-ma.gov/DocumentCenter/View/4105/MBTA-Community-Questions-and-Response-from-August-15-2023-PDF,OK
0531a5cc3d,Topsfield,topsfield,MBTA adjacent,Select Board,,,,PROBABLE,https://www.topsfield-ma.gov/DocumentCenter/View/283/18-Article-XVIII---MBTA-Communities-Multi-Family-Overlay-District,OK
6049a8fed6,Topsfield,topsfield,MBTA adjacent,Select Board,,,,PROBABLE,https://www.topsfield-ma.gov/1408/MBTA-Multi-Family-District,OK
d712ccd9d2,Topsfield,topsfield,MBTA adjacent,Select Board,,bylaw,,PROBABLE,https://www.topsfield-ma.gov/DocumentCenter/View/338,OK
17d7b3781e,Tyngsborough,tyngsborough,MBTA adjacent,Select Board,,,,CONFIRMED,https://tyngsboroughma.gov/564/MBTA-Communities,OK
890ba626d0,Upton,upton,MBTA adjacent,Select Board,town_meeting,warrant,,CONFIRMED,https://uptonma.gov/DocumentCenter/View/6266/KP-940422v1-UPTN_MBTA_Communities_Overlay_District_Draft_Bylaw_Sept_6_Warrant_Article_ReviewFINAL,OK
4a6f1358a5,Upton,upton,MBTA adjacent,Select Board,town_meeting,warrant,,CONFIRMED,https://uptonma.gov/DocumentCenter/View/7550/KP-940422-v1-UPTN_MBTA_Communities_Overlay_District_Draft_Bylaw_Sept_6_Warrant_Article_ReviewFINAL,OK
705eb87d72,Upton,upton,MBTA adjacent,Select Board,town_meeting,warrant,,CONFIRMED,https://www.uptonma.gov/DocumentCenter/View/5061,OK
5fec435d34,Wareham,wareham,MBTA adjacent,Select Board,town_meeting,minutes,,CONFIRMED,https://www.wareham.gov/DocumentCenter/View/6478/4282025-Special-Town-Meeting-Warrant-and-Minutes,OK
a408c7f493,Wareham,wareham,MBTA adjacent,Select Board,town_meeting,minutes,,CONFIRMED,https://www.wareham.gov/DocumentCenter/View/6727,OK
b21f699be0,Wareham,wareham,MBTA adjacent,Select Board,town_meeting,minutes,,CONFIRMED,https://www.wareham.ma.us/DocumentCenter/View/6478,OK
da1a210934,Wareham,wareham,MBTA adjacent,Select Board,town_meeting,minutes,,CONFIRMED,https://www.wareham.ma.us/DocumentCenter/View/6727,OK
87bcbd91b7,Wayland,wayland,MBTA adjacent,Select Board,zoning,,,CONFIRMED,https://ma-wayland.civicplus.com/920/MBTA-Communities---Multi-Family-Zoning-D,OK
b7886871cb,Wayland,wayland,MBTA adjacent,Select Board,zoning,,,CONFIRMED,https://wayland.ma.us/920/MBTA-Communities---Multi-Family-Zoning-D,OK
4b5596f3b9,Wayland,wayland,MBTA adjacent,Select Board,zoning,bylaw,,CONFIRMED,https://www.wayland.ma.us/DocumentCenter/View/6742,OK
2bdbf21a3f,Wellesley,wellesley,subway or light rail,Select Board,,,,CONFIRMED,https://wellesleyma.gov/DocumentCenter/View/37501,OK
00a5dd28d8,Wellesley,wellesley,subway or light rail,Select Board,town_meeting,,2024,CONFIRMED,https://wellesleyma.gov/DocumentCenter/View/49159/MBTA-Presentation-STM,OK
8f69b296ac,Wenham,wenham,commuter rail,Select Board,,,,CONFIRMED,https://www.wenhamma.gov/DocumentCenter/View/753/MBTA-Communities-Presentation-PDF,OK
b2f09fbddf,Wenham,wenham,commuter rail,Select Board,,,,CONFIRMED,https://www.wenhamma.gov/DocumentCenter/View/754/MBTA-Communities-Fact-Sheet-PDF,OK
f92bed4296,Wenham,wenham,commuter rail,Select Board,,,2025,CONFIRMED,https://wenhamma.gov/DocumentCenter/View/1768/MBTA-Communities-Action-Plan-Submission-February-2025-PDF,OK
46613eecb2,Westford,westford,MBTA adjacent,Select Board,,,,CONFIRMED,https://www.westfordma.gov/DocumentCenter/View/13128/MBTA-Communities---9822-Webinar-Presentation-re-Compliance-Guidelines-vF,OK
f124af82fc,Westford,westford,MBTA adjacent,Select Board,,,,CONFIRMED,https://www.westfordma.gov/DocumentCenter/View/14216/MBTA_Communities_Explainer_2_What_done_so_far,OK
1278f353b3,Westford,westford,MBTA adjacent,Select Board,,,,CONFIRMED,https://www.westfordma.gov/DocumentCenter/View/14362,OK
99b7b68955,Westford,westford,MBTA adjacent,Select Board,,,,CONFIRMED,https://www.westfordma.gov/DocumentCenter/View/14369,OK
3fe5398894,West Newbury,westnewbury,MBTA adjacent,Select Board,,,,CONFIRMED,https://www.wnewbury.org/DocumentCenter/View/2048/Preadoptionreviewapplicationformbtacommunities-Submission,OK
cfd5324021,West Newbury,westnewbury,MBTA adjacent,Select Board,,,,CONFIRMED,https://www.wnewbury.org/DocumentCenter/View/290/Optional-MBTA-Communities-Multi-Family-Overlay-District,OK
783c594046,West Newbury,westnewbury,MBTA adjacent,Select Board,,,2023,CONFIRMED,https://www.wnewbury.org/DocumentCenter/View/1887/Revision-to-Section-3a-Compliance-Guidelines-August-17-2023-Clean,OK
7b2ce9db75,West Newbury,westnewbury,MBTA adjacent,Select Board,,,2023,CONFIRMED,https://www.wnewbury.org/DocumentCenter/View/5629,OK
bce7fd2771,Weston,weston,subway or light rail,Select Board,zoning,,,CONFIRMED,https://www.westonma.gov/1884/3A-MBTA-Multifamily-Zoning,OK
cd205b46d6,Weymouth,weymouth,bus,City Council,city_council,report,,PROBABLE,https://ma-weymouth.civicplus.com/DocumentCenter/View/1501/Opioid-Recovery-and-Remediation-Fund-Advisory-Council-Report,OK
242b4edd81,Winthrop,winthrop,subway or light rail,City Council,,,,CONFIRMED,https://ma-winthrop.civicplus.com/586/MBTA-Community-Section-3A-Program,OK
d9dd294c52,Winthrop,winthrop,subway or light rail,City Council,,,,CONFIRMED,https://winthropma.gov/586/MBTA-Community-Section-3A-Program,OK
e0886c314c,Winthrop,winthrop,subway or light rail,City Council,,,2024,CONFIRMED,https://winthroptranscript.com/2024/03/30/winthrop-hosts-meeting-on-mbta-communities-act/,OK
ab71e2af3c,Winthrop,winthrop,subway or light rail,City Council,,,2025,CONFIRMED,https://www.winthropma.gov/DocumentCenter/View/1936/ActionPlanforMBTACommunities2025_Submission_Winthrop-2-12-25,OK
4a729ef7c0,Winthrop,winthrop,subway or light rail,City Council,city_council,,2024,CONFIRMED,https://winthroptranscript.com/2024/02/22/council-continues-discussion-of-mbta-3a-zoning/,OK
874c94a88c,Winthrop,winthrop,subway or light rail,City Council,zoning,,,CONFIRMED,https://www.winthropma.gov/DocumentCenter/View/1937/MBTA-Communities-Draft-Zoning-Overlay-Districts---Winthrop,OK
48ee79e630,Winthrop,winthrop,subway or light rail,City Council,zoning,,2024,CONFIRMED,https://winthroptranscript.com/2024/01/27/consultant-reviews-mbta-3a-zoning-work/,OK
210aac903e,Wrentham,wrentham,MBTA adjacent,Select Board,,,,CONFIRMED,https://www.wrentham.gov/DocumentCenter/View/3045/Ex-30-MBTA-Community-Engagement-Handouts-PDF?bidId=,OK
60863eecde,Westborough,westborough,commuter rail,Select Board,town_meeting,minutes,2024,CONFIRMED,https://ma-westborough.civicplus.com/DocumentCenter/View/3189,OK
