municipality,year,civicatlas_status,native_url
Abington,2022,missing,
Abington,2023,discarded_not_results,https://959watd.com/blog/2021/04/unofficial-abington-town-election-results/
Abington,2024,missing,
Abington,2025,hosted,https://www.abingtonma.gov/article/2171924
Acushnet,2021,oversized_deferred,https://acushnet.ma.us/DocumentCenter/View/334/1959
Acushnet,2024,discarded_not_results,https://www.acushnet.ma.us/1433/Eastern-Massachusetts-ARES
Acushnet,2025,discarded_not_results,https://www.acushnet.ma.us/1192/Town-Meeting
Adams,2024,missing,
Agawam,2023,discarded_not_results,https://www.agawam.ma.us/DocumentCenter/View/2421/November-7-results?bidId=
Alford,2022,discarded_not_results,https://www.townofalford.org/node/671/news
Alford,2023,hosted,https://www.townofalford.org/home/town-clerk/news/results-annual-town-election-may-162023
Alford,2024,discarded_not_results,https://www.townofalford.org/home/town-clerk-office
Aquinnah,2021,discarded_not_results,https://www.aquinnah-ma.gov/sites/g/files/vyhlif261/f/news/2021_aquinnah_annual_town_report.pdf
Aquinnah,2022,discarded_not_results,https://www.aquinnah-ma.gov/sites/g/files/vyhlif261/f/news/2021_aquinnah_annual_town_report.pdf
Aquinnah,2023,hosted,https://www.aquinnah-ma.gov/home/news/aquinnah-annual-town-election-results-may-11-2023
Aquinnah,2025,discarded_not_results,https://www.aquinnah-ma.gov/home/events/15736
Ashby,2021,discarded_not_results,https://ci.ashby.ma.us/documents/town-meeting-warrants-results/
Ashby,2022,discarded_not_results,https://ci.ashby.ma.us/documents/town-meeting-warrants-results/
Ashby,2023,discarded_not_results,https://drive.google.com/file/d/1RWt37gEVKTUilnbdTwrPmC8XUiadro4P/view
Ashby,2024,hosted,https://ci.ashby.ma.us/2024/04/23/unofficial-results-annual-town-election/
Ashby,2025,discarded_not_results,https://ci.ashby.ma.us/2025/04/29/unofficial-results-annual-town-election/
Ayer,2021,missing,
Ayer,2023,hosted,https://www.ayer.ma.us/192/Election-Results
Becket,2021,discarded_not_results,https://www.townofbecket.org/administration/pages/annual-town-reports
Becket,2025,discarded_not_results,https://www.townofbecket.org/board-health
Berlin,2022,discarded_not_results,
Berlin,2023,discarded_not_results,
Bernardston,2021,discarded_not_results,https://www.townofbernardston.org/sites/g/files/vyhlif12736/files/media/selectboard/file/4966/Bernardston_Annual%20Report_2024.pdf
Bernardston,2023,hosted,https://www.recorder.com/Assessors-seat-still-vacant-following-Bernardston-election-50846904
Bernardston,2024,discarded_not_results,https://www.townofbernardston.org/town-clerk/page/2024-election-information
Blandford,2021,missing,
Blandford,2022,discarded_not_results,https://townofblandford.com/wp-content/uploads/2024/05/annual-town-report-2022-2023.pdf
Blandford,2023,discarded_not_results,https://townofblandford.com/2023-annual-town-election-results/
Blandford,2025,oversized_deferred,https://townofblandford.gov/wp-content/uploads/2025/06/annual-town-report-2023-2024.pdf
Bolton,2021,discarded_not_results,https://www.townofbolton.com/sites/g/files/vyhlif2836/f/uploads/annual_report_final_web_4-27-22.pdf
Bolton,2022,hosted,https://eu.telegram.com/story/news/local/the-item/2022/05/12/election-results-winner-victorious-bolton-select-board-race/9715517002/
Bourne,2021,missing,
Bourne,2022,discarded_not_results,https://www.townofbourne.com/sites/g/files/vyhlif12841/f/news/mx-m264n_20220517_200322.pdf
Bourne,2025,discarded_not_results,https://www.townofbourne.com/sites/g/files/vyhlif12841/f/news/unofficial_election_results_with_write-ins_-_may_20_2025_1.pdf
Boylston,2021,oversized_deferred,https://cms3.revize.com/revize/boylstonma/Documents/Services/Treasurer%20Collector/Documents%20&%20Forms/Boylston%20financials%2021.pdf
Boylston,2025,discarded_not_results,https://www.boylston-ma.gov/services/clerk/elections_voting/index.php
Brewster,2023,discarded_not_results,https://www.brewster-ma.gov/sites/g/files/vyhlif6286/f/uploads/unofficial_town_election_results.pdf
Brewster,2025,discarded_not_results,https://www.brewster-ma.gov/home/files/atm-may-5-2025-results
Brimfield,2021,missing,
Brimfield,2024,missing,
Brimfield,2025,discarded_not_results,https://www.brimfieldma.org/sites/g/files/vyhlif4181/f/pages/results_by_question_9.23.25.xlsx
Brookfield,2021,discarded_not_results,https://www.brookfieldma.us/home/news/annual-town-election-results-report%C2%A0
Brookfield,2022,discarded_not_results,https://www.brookfieldma.us/water-department/pages/annual-drinking-water-quality-reports
Brookfield,2023,missing,
Brookfield,2024,missing,
Brookfield,2025,discarded_not_results,https://www.brookfieldma.us/home/news/annual-town-election-results-report%C2%A0
Cambridge,2025,hosted,https://www.cambridgema.gov/Departments/electioncommission/news/2025/11/2025municipalelectionofficialresultsnovember14thupdate
Carver,2021,discarded_not_results,https://www.carverma.gov/home/news/election-results-november-18-2025
Carver,2023,hosted,https://959watd.com/blog/2023/04/carver-town-election-results/
Carver,2025,hosted,https://www.carverma.gov/town-clerk/files/april-26-2025-annual-town-election-candidates
Charlemont,2022,oversized_deferred,https://charlemont-ma.us/files/Town_Report_for_year_ending_December_312022.pdf
Charlemont,2024,oversized_deferred,https://charlemont-ma.us/files/Town_Report__Year_end_2024_finished.pdf
Charlemont,2025,hosted,https://charlemont-ma.us/n/20209/June-3-Election-Results
Cheshire,2021,discarded_not_results,https://cheshire-ma.gov/water-department/
Cheshire,2023,hosted,https://www.iberkshires.com/story/71653/Cheshire-Election-2023-.html
Chesterfield,2021,discarded_not_results,https://www.townofchesterfieldma.com/sites/g/files/vyhlif7606/f/uploads/chesterfield_fy2021_town_report_final_4.13.22.pdf
Chesterfield,2025,discarded_not_results,https://www.townofchesterfieldma.com/town-clerk/files/open-meeting-law-updated-june-2025
Chilmark,2022,discarded_not_results,https://www.chilmarkma.gov/sites/g/files/vyhlif8411/f/uploads/chilmark_town_report_2024.pdf
Chilmark,2025,discarded_not_results,https://www.chilmarkma.gov/town-clerk/pages/2025-town-elections
Clarksburg,2022,hosted,https://clarksburgma.gov/2022-annual-town-election-results?ref_url_id=14016
Clarksburg,2023,hosted,https://clarksburgma.gov/2023-election-results?ref_url_id=14016
Clarksburg,2025,hosted,https://clarksburgma.gov/2025-town-election-results?ref_url_id=14016
Colrain,2021,discarded_not_results,https://colrain-ma.gov/n/21501/Special-Town-Election-Results-09072021
Conway,2021,discarded_not_results,https://conwayma.gov/files/FY21_Annual_Report.pdf
Conway,2022,discarded_not_results,https://www.conwayma.gov/d/4774/Post-Election-Tally-Session
Conway,2023,discarded_not_results,https://conwayma.gov/files/Annual_Report_Conway_FY23_corrections.pdf
Conway,2024,missing,
Conway,2025,discarded_not_results,https://conwayma.gov/n/2182/2025-Local-Election-Results
Cummington,2022,discarded_not_results,https://cummington-ma.gov/PDFs/TownReportFY2023.pdf
Cummington,2023,discarded_not_results,https://cummington-ma.gov/TownMeet.php?ATM
Cummington,2024,discarded_not_results,https://cummington-ma.gov/PDFs/TownReportFY2024.pdf
Cummington,2025,discarded_not_results,https://cummington-ma.gov/TownMeet.php?TM
Dalton,2025,discarded_not_results,https://dalton-ma.gov/annual-town-election-monday-may-12-2025/
Deerfield,2025,discarded_not_results,https://www.deerfieldma.us/DocumentCenter/View/2758
Douglas,2025,missing,
Dracut,2021,missing,
Dracut,2023,discarded_not_results,https://www.dracutma.gov/DocumentCenter/View/2014/Town-Election-May-6-2023-Official-Results-PDF
Dudley,2021,discarded_not_results,https://www.dudleyma.gov/sitemap
Dunstable,2023,hosted,https://www.dunstable-ma.gov/home/news/official-election-results-tuesday-may-16-2023
East Bridgewater,2021,missing,
East Bridgewater,2023,discarded_not_results,https://www.eastbridgewaterma.gov/sites/g/files/vyhlif516/f/news/skm_450i23051409010.pdf
East Bridgewater,2025,discarded_not_results,
East Brookfield,2021,missing,
East Brookfield,2022,discarded_not_results,https://www.eastbrookfieldma.us/node/2027/news
East Brookfield,2023,discarded_not_results,https://www.eastbrookfieldma.us/town-clerk/news/annual-election-results
East Brookfield,2024,discarded_not_results,https://www.eastbrookfieldma.us/town-clerk/news/official-results-annual-town-election-2024
Edgartown,2022,discarded_not_results,https://www.edgartown-ma.us/departments/selectmen
Edgartown,2023,discarded_not_results,https://www.edgartown-ma.us/home/showpublisheddocument/20230/638170630272000000
Egremont,2021,discarded_not_results,https://www.egremont-ma.gov/DocumentCenter/View/1961
Erving,2022,discarded_not_results,https://www.erving-ma.gov/sites/g/files/vyhlif4401/f/uploads/2022_annual_town_report-_final.pdf
Erving,2023,hosted,https://www.recorder.com/Write-in-candidate-claims-Selectboard-seat-in-Erving-election-50834025
Erving,2025,discarded_not_results,https://www.erving-ma.gov/home/news/2024-annual-town-election-results
Florida,2021,missing,
Florida,2022,missing,
Florida,2023,missing,
Florida,2024,discarded_not_results,https://www.townofflorida.org/
Florida,2025,discarded_not_results,https://www.townofflorida.org/
Foxborough,2023,discarded_not_results,https://www.foxboroughma.gov/departments/town_clerk/election_information/election_results
Georgetown,2021,hosted,http://georgetownma.gov/Document%20Center/Departments/Town%20Clerk/Election%20Results/officialresultsate051021_1.xlsx?t=202308070838400
Georgetown,2022,hosted,http://georgetownma.gov/Document%20Center/Departments/Town%20Clerk/Election%20Results/unofficial_results_0592022.xlsx?t=202308070839370
Gill,2021,discarded_not_results,https://gillmass.org/p/36/Town-Clerk
Gill,2023,hosted,https://www.recorder.com/GillElectionResults051723-50994168
Gill,2025,discarded_not_results,https://www.gillmass.org/d/43449/Annual-Town-Election
Gosnold,2021,missing,
Gosnold,2022,missing,
Gosnold,2023,missing,
Gosnold,2024,missing,
Gosnold,2025,missing,
Granby,2021,discarded_not_results,https://granby-ma.gov/town-clerk/files/annual-town-election-results-2021
Granby,2022,discarded_not_results,https://granby-ma.gov/town-clerk/files/annual-town-election-results-2022
Granby,2023,discarded_not_results,https://www.granby-ma.gov/sites/g/files/vyhlif4466/f/minutes/townelection5.15.23.pdf
Granby,2024,discarded_not_results,https://granby-ma.gov/town-clerk/files/town-election-results-may-2024
Granby,2025,discarded_not_results,https://www.granby-ma.gov/sites/g/files/vyhlif4466/f/news/rec.townelection.5.19.25.pdf
Great Barrington,2021,discarded_not_results,https://www.town.great-barrington.ma.us/departments/town-clerk/elections
Great Barrington,2023,hosted,https://theberkshireedge.com/great-barrington-election-results/
Great Barrington,2025,discarded_not_results,https://www.town.great-barrington.ma.us/departments/town-clerk/elections
Hadley,2025,oversized_deferred,https://www.hadleyma.org/select-board/files/service-delivery-plan-2025
Hampden,2021,discarded_not_results,https://www.hampdenma.gov/DocumentCenter/View/1234/Hampden-General-Bylaws-070225-PDF
Hampden,2022,discarded_not_results,https://hampdenma.gov/DocumentCenter/View/198/Zoning-Bylaws-PDF
Hampden,2023,discarded_not_results,https://www.hampdenma.gov/sites/g/files/vyhlif656/f/uploads/5-15-23_results.pdf
Hampden,2024,discarded_not_results,https://www.hampdenma.gov/
Hancock,2021,discarded_not_results,https://www.quincyma.gov/departments/city_clerk/election/election_results_2005_present.php
Hancock,2022,discarded_not_results,https://www.nytimes.com/interactive/2022/09/06/us/elections/results-massachusetts-attorney-general.html
Hancock,2023,discarded_not_results,https://town.hancock.ma.us/2019/07/31/town-clerk-2/
Hancock,2024,discarded_not_results,https://apps.npr.org/2024-election-results/massachusetts.html
Hanson,2025,discarded_not_results,https://www.hanson-ma.gov/planning-boarddepartment/files/hlc-approved-housing-production-plan-2025
Hardwick,2021,missing,
Hardwick,2022,missing,
Harwich,2021,missing,
Hatfield,2021,discarded_not_results,https://www.townofhatfield.org/node/1/news
Hatfield,2022,discarded_not_results,https://www.townofhatfield.org/town-clerk/pages/annual-town-meeting-election-information
Hatfield,2023,discarded_not_results,https://www.townofhatfield.org/sites/g/files/vyhlif3246/f/news/unofficial_results_ate_5_16_23.pdf
Hatfield,2024,discarded_not_results,https://www.townofhatfield.org/town-clerk/pages/election-voting-info
Hatfield,2025,discarded_not_results,https://www.townofhatfield.org/home/news/final-results-annual-town-election-5202025
Hawley,2023,hosted,https://www.recorder.com/Lemoine-claims-assessor-seat-in-Hawley-election-50834403
Hawley,2025,discarded_not_results,https://townofhawley.com/mins-select-archive/
Heath,2021,discarded_not_results,https://townofheath.org/news/newsfile_9143_2021HeathAnnualReport-web.pdf
Heath,2022,discarded_not_results,https://townofheath.org/news/newsfile_11271_2024_HeathAnnualReport-print.pdf
Heath,2023,discarded_not_results,https://townofheath.org/n/9192/ANNUAL-TOWN-ELECTIONS-MAY-5
Heath,2024,discarded_not_results,https://townofheath.org/k/5/Town-Elections-Information
Heath,2025,hosted,https://townofheath.org/d/18632/Annual-Town-Election
Hinsdale,2021,discarded_not_results,https://www.hinsdalemass.com/where
Hinsdale,2022,discarded_not_results,https://www.hinsdalemass.com/home/files/2022-annual-election-results
Hinsdale,2024,discarded_not_results,https://www.hinsdalemass.com/sites/g/files/vyhlif7501/f/news/2024preselect.results.pdf
Hinsdale,2025,discarded_not_results,https://www.hinsdalemass.com/sites/g/files/vyhlif7501/f/news/annual_town_election_official2025_0.pdf
Holland,2022,missing,
Hopedale,2021,discarded_not_results,https://www.hopedale-ma.gov/sites/g/files/vyhlif711/f/uploads/annual_report_2021_final.pdf
Hopedale,2025,discarded_not_results,https://www.hopedale-ma.gov/town-clerk/minutes/2025-may-annual-town-election
Hopkinton,2021,missing,
Hopkinton,2023,discarded_not_results,https://ehop.org/2023/05/town-election-results-2023/
Hubbardston,2021,missing,
Huntington,2021,missing,
Huntington,2023,discarded_not_results,https://www.huntingtonma.us/media/581
Huntington,2024,discarded_not_results,https://www.huntingtonma.us/media/4136
Huntington,2025,hosted,https://www.huntingtonma.us/town-clerk/page/elections
Lanesborough,2021,oversized_deferred,https://cms5.revize.com/revize/lanesboroughma/Document%20Center/Government/Town%20Meeting/2021/2020_lanesboro_town_report_for_website.pdf
Lanesborough,2024,discarded_not_results,https://www.lanesborough-ma.gov/departments/clerk/elections/town_election_results.php
Lanesborough,2025,discarded_not_results,https://www.lanesborough-ma.gov/departments/clerk/elections/town_election_results.php
Lee,2023,discarded_not_results,https://theberkshireedge.com/stephan-green-75-of-west-stockbridge
Lee,2024,resource_exhausted,https://www.lee.ma.us/sites/g/files/vyhlif771/f/uploads/final_fy23_annual_report_printed.pdf
Lee,2025,resource_exhausted,https://www.lee.ma.us/home/news/town-election-results-2025
Lenox,2021,discarded_not_results,https://www.townoflenox.com/home/files/annual-report-2021
Lenox,2022,discarded_not_results,https://www.townoflenox.com/home/files/annual-town-report-2023
Lenox,2023,hosted,https://theberkshireedge.com/lenox-annual-town-election-results/
Lenox,2024,discarded_not_results,https://www.townoflenox.com/home/files/annual-town-report-2023
Lenox,2025,discarded_not_results,https://www.townoflenox.com/home/files/annual-town-report-2023
Leverett,2024,discarded_not_results,https://leverett.ma.us/n/12187/Leverett-Election-Results
Leverett,2025,discarded_not_results,https://leverett.ma.us/n/12187/Leverett-Election-Results
Leyden,2021,discarded_not_results,https://townofleyden.com/files/2012-06_Leyden_Life.pdf
Leyden,2022,discarded_not_results,https://www.townofleyden.com/f/0/1053/Town-Meetings-and-Elections
Ludlow,2021,oversized_deferred,https://ludlow.ma.us/wp-content/uploads/sites/2/2025/05/2021-Annual-Town-Report.pdf
Ludlow,2022,missing,
Mansfield,2021,missing,
Marion,2021,discarded_not_results,https://marionma.gov/DocumentCenter/View/393/State-Model-Tobacco-Sales-Regulations-2023-PDF
Marion,2022,missing,
Marion,2023,hosted,https://sippican.theweektoday.com/article/incumbents-mcsweeny-beauregard-mcgaffey-win-school-committee-seats-marion/63777
Mashpee,2022,hosted,https://www.capenews.net/mashpee/news/mashpees-special-election-ms-wyman-colombo-wins-seat-on-select-board/article_6bc37c07-95db-54b9-b96b-b796d8fd59e8.html
Mashpee,2023,discarded_not_results,https://records.mashpeema.gov/WebLink/0/doc/359370/Page23.aspx
Mendon,2021,discarded_not_results,https://www.mendonma.gov/FAQ.aspx
Mendon,2024,discarded_not_results,https://www.mendonma.gov/sitemap
Mendon,2025,discarded_not_results,https://www.mendonma.gov/sitemap
Middlefield,2021,missing,
Middlefield,2022,missing,
Middlefield,2025,discarded_not_results,https://www.middlefield-ma.com/
Millbury,2021,discarded_not_results,https://www.millburyma.gov/1422/Annual-Town-Elections
Millbury,2022,discarded_not_results,https://www.millburyma.gov/1422/Annual-Town-Elections
Millbury,2023,discarded_not_results,https://www.millburyma.gov/1422/Annual-Town-Elections
Millis,2021,discarded_not_results,https://www.millisma.gov/economic-development-committee
Millis,2025,discarded_not_results,https://www.millisma.gov/town-clerk/news/december-8-2025-special-town-election-results
Monroe,2021,missing,
Monroe,2022,missing,
Monroe,2023,missing,
Monroe,2024,missing,
Monroe,2025,missing,
Monterey,2021,oversized_deferred,https://www.montereyma.gov/sites/g/files/vyhlif3496/f/uploads/fy21townreport.pdf
Monterey,2022,discarded_not_results,https://www.montereyma.gov/town-clerk/files/may-9-2022-sample-town-election-ballot
Monterey,2025,discarded_not_results,https://www.montereyma.gov/town-clerk/files/may-6-2025-town-election-results
Montgomery,2022,missing,
Mount Washington,2021,discarded_not_results,https://mountwashington-ma.gov/departments/town-clerk/election-results
Mount Washington,2023,discarded_not_results,https://mountwashington-ma.gov/departments/town-clerk/election-results/
Mount Washington,2025,discarded_not_results,https://mountwashington-ma.gov/departments/town-clerk/election-results
Nantucket,2022,missing,
Nantucket,2023,hosted,https://nantucketcurrent.com/news/nantucket-election-results
Needham,2024,hosted,https://www.needhamma.gov/5315/2024-Annual-Town-ElectionTown-MeetingCal
New Ashford,2021,oversized_deferred,https://www.newashford-ma.us/wp-content/uploads/2021/05/New-Ashford-Annual-Town-Report-2021-2.pdf
New Ashford,2022,missing,
New Ashford,2023,discarded_not_results,https://www.newashford-ma.us/departments-and-committees/town-clerk/elections/
New Ashford,2025,discarded_not_results,https://www.newashford-ma.us/category/state/
New Braintree,2021,discarded_not_results,https://www.newbraintreema.us/index.asp?SEC=076A927A-DF4C-4C12-8761-576214AB65FB
New Braintree,2022,discarded_not_results,https://www.newbraintreema.us/?SEC=6C821174-D33C-4D39-AB77-DE267F98096F
New Braintree,2023,discarded_not_results,https://www.newbraintreema.us/elections
New Braintree,2024,discarded_not_results,https://www.newbraintreema.us/?SEC=6C821174-D33C-4D39-AB77-DE267F98096F
New Braintree,2025,discarded_not_results,https://www.newbraintreema.us/
Newbury,2023,discarded_not_results,https://www.townofnewbury.org/home/news/official-election-results-may-9-2023
Newbury,2025,discarded_not_results,https://www.townofnewbury.org/
New Marlborough,2021,discarded_not_results,https://www.newmarlboroughma.gov/sites/g/files/vyhlif4771/f/pages/results_of_ate_5.10.21.pdf
New Marlborough,2022,discarded_not_results,https://www.newmarlboroughma.gov/sites/g/files/vyhlif4771/f/pages/results_of_annual_town_election_5.9.22.pdf
New Marlborough,2024,discarded_not_results,https://www.newmarlboroughma.gov/sites/g/files/vyhlif4771/f/pages/official_results_of_annual_town_election_5.13.24_0.pdf
New Marlborough,2025,discarded_not_results,https://www.newmarlboroughma.gov/sites/g/files/vyhlif4771/f/pages/official_results_of_annual_town_election_5.12.25.pdf
New Salem,2021,missing,
New Salem,2023,missing,
New Salem,2024,discarded_not_results,https://www.newsalemma.org/node/626/events/upcoming
New Salem,2025,discarded_not_results,https://www.newsalemma.org/town-clerk/pages/election-results
Newton,2021,needs_md_html,https://www.newtonma.gov/government/elections/election-results/-folder-1809#docfold_5503_407_314_1809
Norfolk,2023,discarded_not_results,https://www.thesunchronicle.com/news/local_news/mecklenburg-returned-to-norfolk-select-board/
North Adams,2021,discarded_not_results,https://www.berkshireeagle.com/news/northern_berkshires/north-adams-elections-2021-see-the-full-results/article_209a4c90-3b6c-11ec-80a4-6f3a5fd16d30.html
North Adams,2023,hosted,https://www.berkshireeagle.com/news/northern_berkshires/jennifer-macksey-reelected-north-adams-mayor-voters-support-incumbents/article_47aca13a-7d90-11ee-a2df-0f61755d096a.html
North Adams,2025,hosted,https://www.northadams-ma.gov/government/departments_offices/city_clerk/2025_election_results.php
North Andover,2021,hosted,https://patch.com/massachusetts/northandover/north-andover-releases-unofficial-results-annual-town-election
North Andover,2022,hosted,https://patch.com/massachusetts/northandover/north-andover-2022-election-results-polls-closed
North Andover,2023,hosted,https://drive.google.com/file/d/14vvIypTB-ukMjs5reEByiR_bHmhxdBXg/view
North Andover,2025,hosted,https://drive.google.com/file/d/1uNctApcb2tWvnKnjD4wXoLaG4NDSbsPX/view
Northborough,2023,discarded_not_results,https://www.town.northborough.ma.us/sites/g/files/vyhlif3571/f/uploads/northborough_official_election_results_5-09-2023.pdf
Northbridge,2024,discarded_not_results,https://www.northbridgemass.org/sites/g/files/vyhlif981/f/uploads/final_results_0.pdf
Northbridge,2025,discarded_not_results,https://www.northbridgemass.org/sites/g/files/vyhlif981/f/uploads/results_2025.pdf
North Brookfield,2022,discarded_not_results,https://www.northbrookfield.net/board-selectmen/pages/town-meetings
North Brookfield,2023,discarded_not_results,https://www.northbrookfield.net/sites/g/files/vyhlif3576/f/uploads/minutes_for_ate_5_1_23.pdf
North Brookfield,2024,discarded_not_results,https://www.northbrookfield.net/board-selectmen/pages/town-meetings
North Brookfield,2025,discarded_not_results,https://www.northbrookfield.net/board-selectmen/pages/town-meetings
Norwell,2023,hosted,https://www.patriotledger.com/story/news/2023/05/23/norwell-ma-election-results-town-clerk-patricia-anderson/70242354007/
Oak Bluffs,2022,discarded_not_results,https://oakbluffsma.gov/DocumentCenter/View/6500/Covenants---Southern-Woodlands-2016
Oak Bluffs,2023,hosted,https://vineyardgazette.com/news/2023/04/13/dion-alley-thomas-hallahan-win-oak-bluffs-select-board-race
Oak Bluffs,2024,discarded_not_results,https://oakbluffsma.gov/166/Town-Clerk
Oakham,2021,discarded_not_results,https://www.oakham-ma.gov/390/Official-Town-Election-Results
Oakham,2022,discarded_not_results,https://www.oakham-ma.gov/390/Official-Town-Election-Results
Oakham,2023,discarded_not_results,https://www.oakham-ma.gov/390/Official-Town-Election-Results
Oakham,2024,discarded_not_results,https://www.oakham-ma.gov/390/Official-Town-Election-Results
Oakham,2025,discarded_not_results,https://www.oakham-ma.gov/390/Official-Town-Election-Results
Orange,2021,discarded_not_results,https://www.townoforange.org/
Orange,2023,hosted,https://www.atholdailynews.com/No-surprises-in-Orange-election-50189618
Palmer,2025,discarded_not_results,
Paxton,2024,discarded_not_results,https://www.townofpaxton.net/scenic-byway-committee?month=2024-11
Pelham,2021,missing,
Pelham,2022,missing,
Pelham,2023,missing,
Pelham,2024,missing,
Pelham,2025,missing,
Petersham,2021,missing,
Petersham,2022,missing,
Petersham,2023,missing,
Petersham,2024,missing,
Petersham,2025,missing,
Phillipston,2021,discarded_not_results,https://www.phillipston-ma.gov/town-clerk/news/2021-general-election-results
Phillipston,2022,discarded_not_results,https://www.phillipston-ma.gov/sites/g/files/vyhlif3676/f/news/phillipston_-final_atr_fy2025_budget_document_04-22-2024_1.pdf
Phillipston,2023,discarded_not_results,https://www.phillipston-ma.gov/sites/g/files/vyhlif3676/f/news/phillipston_-final_atr_fy2025_budget_document_04-22-2024_1.pdf
Phillipston,2024,hosted,https://atholdailynews.com/2024/05/21/gough-wins-seat-on-selectboard-in-phillipston-town-election-55234911/
Phillipston,2025,discarded_not_results,https://www.phillipston-ma.gov/home/news/annual-town-election-reminder
Pittsfield,2025,missing,
Plainfield,2023,hosted,https://plainfield-ma.us/n/11140/Results-of-May-6-2023-Election
Plainfield,2024,discarded_not_results,https://www.plainfield-ma.us/town-clerk/page/register-vote
Plympton,2022,discarded_not_results,https://www.town.plympton.ma.us/sites/g/files/vyhlif1091/f/uploads/plympton_tr_23_web_cc.pdf
Plympton,2023,discarded_not_results,https://www.town.plympton.ma.us/sites/g/files/vyhlif1091/f/uploads/unofficial_results_1.pdf
Plympton,2024,discarded_not_results,https://www.town.plympton.ma.us/home/news/town-of-plympton-unofficial-election-results-11524
Plympton,2025,discarded_not_results,https://www.town.plympton.ma.us/home/news/official-election-results-presidential-primary
Princeton,2021,discarded_not_results,https://www.town.princeton.ma.us/sites/g/files/vyhlif4891/f/uploads/2021_princeton_annual_town_report_final.pdf
Princeton,2022,discarded_not_results,https://www.town.princeton.ma.us/town-clerk/webforms/election-information
Raynham,2021,discarded_not_results,https://www.town.raynham.ma.us/town-clerk/news/unofficial-results-town-election-april-24-2021
Raynham,2022,discarded_not_results,https://www.raynham-ma.gov/DocumentCenter/View/5071/2022-Annual-Election-Results-Final-PDF
Richmond,2021,discarded_not_results,https://www.richmondma.org/2021%20Annual%20Town%20Report.pdf
Richmond,2024,discarded_not_results,https://www.townofrichmond-ma.gov/board-selectmen/files/richmond-election-results-may-20-2024
Richmond,2025,discarded_not_results,https://townofrichmond-ma.gov/town-clerk/files/richmond-annual-town-election-results-may-19-2025
Rochester,2022,discarded_not_results,https://www.townofrochestermass.com/town-clerk/news/unofficial-results-annual-town-election-may-22-2024
Rochester,2023,discarded_not_results,https://sippican.theweektoday.com/article/murphy-beats-hartley-other-seats-held-incumbents-rochester-election
Rochester,2024,discarded_not_results,https://www.townofrochestermass.com/town-clerk/news/unofficial-results-annual-town-election-may-22-2024
Rochester,2025,discarded_not_results,https://www.townofrochestermass.com/sites/g/files/vyhlif5446/f/news/copy_of_tally_sheet_-_18nov25_003.xlsx
Rockport,2021,missing,
Rowley,2021,hosted,https://www.townofrowley.net/election/pages/election-results
Rowley,2024,hosted,https://www.townofrowley.net/election/pages/election-results
Rowley,2025,hosted,https://www.townofrowley.net/election/pages/election-results
Russell,2021,discarded_not_results,https://www.townofrussell.us/sites/g/files/vyhlif7626/f/news/fy2025_russell_town_report.pdf
Russell,2022,discarded_not_results,https://www.townofrussell.us/sites/g/files/vyhlif7626/f/news/fy2025_russell_town_report.pdf
Russell,2024,discarded_not_results,https://www.russell-ma.gov/home/news/unofficial-results-annual-town-election
Russell,2025,discarded_not_results,https://www.russell-ma.gov/sites/g/files/vyhlif5871/f/uploads/2025_ate_official_results_final.pdf
Rutland,2021,missing,
Rutland,2022,missing,
Rutland,2023,missing,
Rutland,2025,discarded_not_results,https://www.rutland-ma.gov/sites/g/files/vyhlif5676/f/uploads/2025_election_official_results.pdf
Salisbury,2025,discarded_not_results,https://www.salisburyma.gov/town-clerk/pages/election-results
Sandisfield,2025,discarded_not_results,
Saugus,2024,missing,
Savoy,2021,discarded_not_results,https://www.savoy-ma.gov/sites/g/files/vyhlif6856/f/uploads/2021_annual_town_report.pdf
Savoy,2022,discarded_not_results,https://www.savoy-ma.gov/sites/g/files/vyhlif6856/f/uploads/2022_annual_town_report.pdf
Savoy,2023,discarded_not_results,https://www.savoy-ma.gov/sites/g/files/vyhlif6856/f/uploads/2023_official_election_results.pdf
Savoy,2024,discarded_not_results,
Savoy,2025,discarded_not_results,
Scituate,2023,discarded_not_results,https://www.scituatema.gov/sites/g/files/vyhlif3781/f/pages/amended_official_town_election_results_5-20-23.pdf
Shelburne,2021,discarded_not_results,https://www.shelburne-ma.gov/town-clerk/files/2021-annual-town-election-official-results
Shelburne,2024,discarded_not_results,https://www.shelburne-ma.gov/town-clerk/files/2024-annual-town-election-official-results
Shelburne,2025,discarded_not_results,https://www.shelburne-ma.gov/sites/g/files/vyhlif5626/f/uploads/2025_election_results.pdf
Shutesbury,2021,missing,
Shutesbury,2022,oversized_deferred,https://shutesbury.org/sites/default/files/FY25%20Annual%20Town%20Report_post.pdf
Somerset,2023,hosted,https://www.heraldnews.com/story/news/politics/elections/2023/04/11/somerset-swansea-elections-newcomer-joining-school-committee-in-somerset/70103082007/
Southampton,2021,oversized_deferred,https://resources.finalsite.net/images/v1687279176/townofsouthamptonorg/cbntvlwbnwhtg9qi5l7w/TownofSouthampton2021AnnualTownReportFinal.pdf
Southampton,2022,discarded_not_results,https://www.southampton-ma.gov/DocumentCenter/View/2245/2022-Annual-Town-Election-Results-PDF
Southampton,2023,discarded_not_results,https://www.southampton-ma.gov/DocumentCenter/View/2700/2023-Annual-Town-Election-Results-PDF
Southampton,2024,discarded_not_results,https://www.southampton-ma.gov/DocumentCenter/View/3192/2024-Annual-Town-Election-Results-PDF
Southampton,2025,missing,
Southbridge,2022,discarded_not_results,https://www.southbridgema.gov/sites/g/files/vyhlif4796/f/pages/2022_ate_results.pdf
Southbridge,2023,discarded_not_results,https://www.southbridgema.gov/sites/g/files/vyhlif4796/f/pages/2023_ate_final_results.pdf
Southbridge,2024,hosted,https://www.ci.southbridge.ma.us/CivicAlerts.asp?AID=188&ARC=324
Southbridge,2025,discarded_not_results,https://www.southbridgema.gov/sites/g/files/vyhlif4796/f/pages/2025_ate_final_results.pdf
Springfield,2025,oversized_deferred,https://www.springfield-ma.gov/elections/fileadmin/Past_Election_Results/November_4__2025_Precinct_Breakdown.pdf
Stockbridge,2021,discarded_not_results,https://www.stockbridge-ma.gov/media/9956
Stockbridge,2022,discarded_not_results,https://www.stockbridge-ma.gov/media/9956
Stockbridge,2023,hosted,https://theberkshireedge.com/stockbridge-annual-election-results/
Stockbridge,2024,discarded_not_results,https://www.stockbridge-ma.gov/home/news/town-election-results
Stockbridge,2025,discarded_not_results,https://www.stockbridge-ma.gov/town-clerk/pages/election-results
Sturbridge,2021,discarded_not_results,https://sturbridge.org/DocumentCenter/View/7969/2021-Annual-Town-Election-Results
Sturbridge,2023,hosted,https://www.sturbridge.gov/sites/g/files/vyhlif12111/f/news/annual_town_election_04-10-2023_offical_tally_sheet_0.xlsx
Sturbridge,2024,oversized_deferred,https://www.sturbridge.gov/sites/g/files/vyhlif12111/f/pages/fy24_finance_committee_report.pdf
Sturbridge,2025,oversized_deferred,https://www.sturbridge.gov/sites/g/files/vyhlif12111/f/pages/fy26_finance_committee_report.pdf
Sudbury,2021,oversized_deferred,https://cdn.sudbury.ma.us/wp-content/uploads/sites/270/2022/01/Town-Proceedings-2021.pdf?version=fd37c4487d53104f778c3f5656b80d67
Sutton,2021,discarded_not_results,https://www.suttonma.org/town-clerk/files/general-bylaws
Sutton,2022,discarded_not_results,https://www.suttonma.org/town-clerk/news/annual-town-election-official-results-may-27-2025
Sutton,2024,discarded_not_results,https://www.suttonma.org/home/news/town-election-results-1
Sutton,2025,discarded_not_results,https://www.suttonma.org/home/news/official-town-election-results-may-27-2025
Swampscott,2025,discarded_not_results,https://www.swampscottma.gov/1420/Past-Election-Results
Templeton,2022,discarded_not_results,https://www.templetonma.gov/town-clerk/pages/election-results
Tisbury,2021,discarded_not_results,https://www.tisburyma.gov/sites/g/files/vyhlif1321/f/uploads/town_report_2022_uploaded_on_web_page.pdf
Tisbury,2022,discarded_not_results,https://www.tisburyma.gov/sites/g/files/vyhlif1321/f/uploads/town_report_2022_uploaded_on_web_page.pdf
Tisbury,2023,hosted,https://www.mvtimes.com/2023/05/09/colarusso-wins-select-board-seat-6-votes/
Tisbury,2024,discarded_not_results,https://www.tisburyma.gov/home/files/official-election-results
Tisbury,2025,discarded_not_results,https://www.tisburyma.gov/news
Tolland,2021,discarded_not_results,https://www.tolland-ma.gov/police-department/links/mass-state-police
Tolland,2022,discarded_not_results,https://www.tolland-ma.gov/town-clerk/links/massachusetts-secretary-state
Tolland,2023,discarded_not_results,https://www.tolland-ma.gov/home/news/5232023-town-election-results
Tolland,2024,discarded_not_results,https://www.tolland-ma.gov/town-clerk/links/massachusetts-secretary-state
Tolland,2025,discarded_not_results,https://www.tolland-ma.gov/town-clerk/pages/duties-responsibilities-town-clerk
Topsfield,2024,discarded_not_results,https://www.topsfield-ma.gov/town-clerk/files/unofficial-results-2024-annual-town-election
Topsfield,2025,discarded_not_results,https://www.topsfield-ma.gov/town-clerk/files/officialannualtownelectionresults2025
Townsend,2024,discarded_not_results,https://www.townsendma.gov/news_detail_T21_R76.php
Townsend,2025,discarded_not_results,https://www.townsendma.gov/Documents/Departments/Clerk/OFFICIAL RESULTS 7-29-25.pdf?t=202507292025100
Truro,2021,discarded_not_results,https://truro-ma.gov/sitemap
Tyringham,2022,discarded_not_results,https://tyringham-ma.gov/news
Tyringham,2023,discarded_not_results,https://www.tyringham-ma.gov/sites/g/files/vyhlif1336/f/news/annual_town_election_results_5-15-23.pdf
Tyringham,2024,missing,
Tyringham,2025,discarded_not_results,https://www.tyringham-ma.gov/board-assessors/links/ma-land-records
Upton,2021,discarded_not_results,https://uptonma.gov/394/Town-Clerk
Uxbridge,2022,missing,
Uxbridge,2023,discarded_not_results,https://www.uxbridge-ma.gov/town-clerk/news/may-23-2023-certified-election-results
Wakefield,2025,discarded_not_results,https://www.wakefield.ma.us/sites/g/files/vyhlif3986/f/uploads/town-election-results-2025-04-22.pdf
Warren,2022,discarded_not_results,https://www.warren-ma.gov/sites/g/files/vyhlif3996/f/news/revised_final_plan_-_warren_2024.pdf
Warwick,2021,discarded_not_results,https://warwickma.org/news/
Warwick,2022,discarded_not_results,https://warwickma.org/topic/election-results/
Warwick,2023,hosted,https://warwickma.org/town-clerk/2023-05-15-annual-town-election/
Warwick,2025,hosted,https://warwickma.org/town-clerk/2025-05-19-annual-town-election-results/
Washington,2021,discarded_not_results,https://www.washington-ma.gov/community/washington-insights-articles
Webster,2023,missing,
Wendell,2021,discarded_not_results,https://www.wendell-ma.gov/town-clerk/pages/election-results
Wendell,2022,discarded_not_results,https://www.wendellmass.us/documents/2025-wendell-election-results/
Wendell,2023,discarded_not_results,https://www.wendellmass.us/departments/town-clerk/
West Bridgewater,2024,discarded_not_results,"https://www.westbridgewaterma.org/January%2022,%202025%20Packet.pdf"
West Bridgewater,2025,discarded_not_results,https://www.westbridgewaterma.org/
West Brookfield,2021,missing,
West Brookfield,2022,missing,
Westhampton,2023,discarded_not_results,https://www.westhampton-ma.com/sites/g/files/vyhlif5191/f/minutes/election_results_june_2023.pdf
Westhampton,2024,oversized_deferred,https://westhamptonma.gov/wp-content/uploads/WESTHMAPTON-Version-10-Revised-on-2024-0318.pdf
Westminster,2025,oversized_deferred,https://www.westminster-ma.gov/sites/g/files/vyhlif1431/f/uploads/final_fy_25_adv_bd_booklet.pdf
West Springfield,2021,missing,
West Springfield,2023,discarded_not_results,https://www.wwlp.com/news/political-news/election-results-for-western-massachusetts/
West Springfield,2025,missing,
West Stockbridge,2021,discarded_not_results,https://www.weststockbridge-ma.gov/sites/g/files/vyhlif4031/f/uploads/wst_osrp_draft_5-5-22_to_comm.pdf
West Stockbridge,2024,hosted,https://www.berkshireeagle.com/news/central_berkshires/west-stockbridge-voters-reelect-andrew-krouss-to-the-select-board-in-a-high-turnout-annual-town-election/article_5bad295e-11f4-11ef-94be-df4633c7c501.html
Westwood,2021,missing,
Westwood,2022,missing,
Westwood,2025,discarded_not_results,https://www.townhall.westwood.ma.us/home/showpublisheddocument/34715/638816897718800000
Weymouth,2021,missing,
Weymouth,2023,missing,
Weymouth,2025,missing,
Whately,2021,discarded_not_results,https://www.whately.org/town-clerkboard-registrars
Whately,2025,discarded_not_results,https://www.whately.org/home/files/06102025-official-results-local-election
Wilbraham,2021,hosted,https://www.wwlp.com/news/local-news/hampden-county/wilbraham-town-election-results-in-races-for-selectman-moderator-school-committee-settled/
Williamsburg,2021,discarded_not_results,https://www.burgy.org/sites/g/files/vyhlif1451/f/minutes/mx-2640n_20210504_083824.pdf
Williamsburg,2025,discarded_not_results,https://www.burgy.org/sites/g/files/vyhlif1451/f/minutes/ate_min.pdf
Williamstown,2021,discarded_not_results,https://williamstownma.gov/wp-content/uploads/2021/05/SelectBoardGuidebook.pdf
Windsor,2021,discarded_not_results,https://www.windsormass.com/requests-1/master-plan-for-windsor
Windsor,2022,discarded_not_results,https://www.windsormass.com/requests-1/master-plan-for-windsor
Windsor,2023,discarded_not_results,https://drive.google.com/drive/u/0/folders/0B4aGK7gHXcefaEhvLUt6UDJ6V1E?resourcekey=0-TS7F37hq2FPg6dD8Y5WoaQ
Windsor,2024,discarded_not_results,https://www.windsormass.com/mvp-2-0
Windsor,2025,discarded_not_results,https://www.windsormass.com/mvp-2-0
Winthrop,2023,hosted,https://winthroptranscript.com/2023/11/09/voters-say-no-to-fire-station-tassinari-and-munson-win-their-contested-council-races/
Winthrop,2025,missing,
Worthington,2021,missing,
Worthington,2022,discarded_not_results,https://worthington-ma.us/2023/04/2023-selectboard-campaign-statements/
Worthington,2023,discarded_not_results,https://worthington-ma.us/2023/04/2023-selectboard-campaign-statements/
Worthington,2024,discarded_not_results,https://worthington-ma.us/2021/04/school-commitee-statement-of-appreciation/
Worthington,2025,discarded_not_results,https://worthington-ma.us/2025/05/2025-election-results/
